Timestamp,User Count,Type,Name,Requests/s,Failures/s,50%,66%,75%,80%,90%,95%,98%,99%,99.9%,99.99%,100%,Total Request Count,Total Failure Count,Total Median Response Time,Total Average Response Time,Total Min Response Time,Total Max Response Time,Total Average Content Size
1787657992,0,,Aggregated,0.000000,0.000000,N/A,N/A,N/A,N/A,N/A,N/A,N/A,N/A,N/A,N/A,N/A,0,0,0,0.0,0,0,0
1787657993,5,GET,/feed,0.000000,0.000000,0,0,0,0,0,0,0,0,0,0,0,4,0,350,384.1549689987005,282.83195800031535,466.3453339962871,3908.0
1787657993,5,POST,/follow,0.000000,0.000000,0,0,0,0,0,0,0,0,0,0,0,1,0,62.31554099940695,62.31554099940695,62.31554099940695,62.31554099940695,17.0
1787657993,5,,Aggregated,0.000000,0.000000,0,0,0,0,0,0,0,0,0,0,0,5,0,350,319.7870833988418,62.31554099940695,466.3453339962871,3129.8
1787657994,10,GET,/feed,0.000000,0.000000,0,0,0,0,0,0,0,0,0,0,0,8,0,72,220.72465650035156,51.24183400039328,466.3453339962871,3908.0
1787657994,10,POST,/follow,0.000000,0.000000,62,62,62,62,62,62,62,62,62,62,62,1,0,62.31554099940695,62.31554099940695,62.31554099940695,62.31554099940695,17.0
1787657994,10,POST,/posts,0.000000,0.000000,0,0,0,0,0,0,0,0,0,0,0,3,0,56,44.15048599912552,18.10762500099372,58.48695799795678,169.0
1787657994,10,,Aggregated,0.000000,0.000000,58,280,350,350,440,470,470,470,470,470,470,12,0,58,163.38035424996633,18.10762500099372,466.3453339962871,2649.0
1787657995,10,GET,/feed,0.000000,0.000000,44,52,54,54,72,72,72,72,72,72,72,13,0,52,148.35637838349123,20.945124997524545,466.3453339962871,3908.0
1787657995,10,POST,/follow,1.000000,0.000000,62,62,62,62,62,62,62,62,62,62,62,1,0,62.31554099940695,62.31554099940695,62.31554099940695,62.31554099940695,17.0
1787657995,10,POST,/posts,0.000000,0.000000,18,18,18,18,18,18,18,18,18,18,18,3,0,56,44.15048599912552,18.10762500099372,58.48695799795678,169.0
1787657995,10,,Aggregated,1.000000,0.000000,54,58,280,280,440,470,470,470,470,470,470,17,0,54,124.90587752836291,18.10762500099372,466.3453339962871,3019.294117647059
1787657996,10,GET,/feed,3.000000,0.000000,42,46,52,52,54,72,72,72,72,72,72,17,0,51,123.29091188140035,20.945124997524545,466.3453339962871,3908.0
1787657996,10,POST,/follow,0.500000,0.000000,62,62,62,62,62,62,62,62,62,62,62,1,0,62.31554099940695,62.31554099940695,62.31554099940695,62.31554099940695,17.0
1787657996,10,POST,/posts,1.000000,0.000000,20,20,20,20,20,20,20,20,20,20,20,4,0,20,38.01648949774972,18.10762500099372,58.48695799795678,169.0
1787657996,10,,Aggregated,4.500000,0.000000,51,54,58,72,350,440,470,470,470,470,470,22,0,51,105.01486368064599,18.10762500099372,466.3453339962871,3051.318181818182
1787657997,10,GET,/feed,2.666667,0.000000,44,46,46,52,54,72,72,72,72,72,72,20,0,46,110.84077514933597,20.945124997524545,466.3453339962871,3908.0
1787657997,10,POST,/follow,0.333333,0.000000,62,62,62,62,62,62,62,62,62,62,62,1,0,62.31554099940695,62.31554099940695,62.31554099940695,62.31554099940695,17.0
1787657997,10,POST,/posts,1.000000,0.000000,18,18,20,20,20,20,20,20,20,20,20,5,0,20,32.19323319790419,8.900207998522092,58.48695799795678,169.0
1787657997,10,,Aggregated,4.000000,0.000000,46,52,56,72,350,440,470,470,470,470,470,26,0,46,93.84989269137105,8.900207998522092,466.3453339962871,3039.3076923076924
1787657998,10,GET,/feed,3.250000,0.000000,42,45,46,46,54,72,72,72,72,72,72,23,0,45,100.03852543424885,20.945124997524545,466.3453339962871,3908.0
1787657998,10,POST,/follow,0.250000,0.000000,13,13,62,62,62,62,62,62,62,62,62,3,0,13,26.250902665196918,3.4803749949787743,62.31554099940695,17.0
1787657998,10,POST,/posts,0.750000,0.000000,18,18,20,20,20,20,20,20,20,20,20,6,0,18,27.70879166443289,5.286583997076377,58.48695799795678,169.0
1787657998,10,,Aggregated,4.250000,0.000000,42,51,54,56,280,440,470,470,470,470,470,32,0,42,79.55911071780974,3.4803749949787743,466.3453339962871,2842.15625
1787657999,10,GET,/feed,3.400000,0.000000,37,44,45,46,52,54,72,72,72,72,72,27,0,44,90.49512351851229,20.945124997524545,466.3453339962871,3908.0
1787657999,10,POST,/follow,0.200000,0.000000,13,13,62,62,62,62,62,62,62,62,62,3,0,13,26.250902665196918,3.4803749949787743,62.31554099940695,17.0
1787657999,10,POST,/posts,0.800000,0.000000,18,18,20,20,20,20,20,20,20,20,20,6,0,18,27.70879166443289,5.286583997076377,58.48695799795678,169.0
1787657999,10,,Aggregated,4.400000,0.000000,42,46,52,56,280,440,470,470,470,470,470,36,0,42,74.67704980505611,3.4803749949787743,466.3453339962871,2960.5833333333335
1787658000,10,GET,/feed,3.333333,0.000000,37,44,45,46,52,54,72,72,72,72,72,32,0,42,81.80721359349263,20.945124997524545,466.3453339962871,3908.0
1787658000,10,POST,/follow,0.166667,0.000000,13,13,62,62,62,62,62,62,62,62,62,3,0,13,26.250902665196918,3.4803749949787743,62.31554099940695,17.0
1787658000,10,POST,/posts,0.833333,0.000000,18,18,20,20,20,20,20,20,20,20,20,6,0,18,27.70879166443289,5.286583997076377,58.48695799795678,169.0
1787658000,10,,Aggregated,4.333333,0.000000,42,46,52,54,280,440,470,470,470,470,470,41,0,42,69.82527543838908,3.4803749949787743,466.3453339962871,3076.121951219512
1787658001,10,GET,/feed,3.285714,0.000000,37,44,44,45,51,54,72,72,72,72,72,37,0,42,75.31615994584344,19.11370900052134,466.3453339962871,3908.0
1787658001,10,POST,/follow,0.428571,0.000000,13,13,62,62,62,62,62,62,62,62,62,3,0,13,26.250902665196918,3.4803749949787743,62.31554099940695,17.0
1787658001,10,POST,/posts,0.857143,0.000000,9,18,18,20,20,20,20,20,20,20,20,7,0,18,24.598529713070352,5.286583997076377,58.48695799795678,169.0
1787658001,10,,Aggregated,4.571429,0.000000,42,44,51,52,72,350,470,470,470,470,470,47,0,42,64.63064540389979,3.4803749949787743,466.3453339962871,3102.7659574468084
1787658002,10,GET,/feed,3.500000,0.000000,41,44,44,46,51,54,72,72,72,72,72,39,0,42,73.69956628192598,19.11370900052134,466.3453339962871,3908.0
1787658002,10,POST,/follow,0.375000,0.000000,13,13,62,62,62,62,62,62,62,62,62,3,0,13,26.250902665196918,3.4803749949787743,62.31554099940695,17.0
1787658002,10,POST,/posts,0.750000,0.000000,11,11,18,18,20,20,20,20,20,20,20,8,0,11,22.899249998772575,5.286583997076377,58.48695799795678,169.0
1787658002,10,,Aggregated,4.625000,0.000000,41,44,46,52,72,350,470,470,470,470,470,50,0,41,62.72459585961769,3.4803749949787743,466.3453339962871,3076.3
1787658003,10,GET,/feed,3.555556,0.000000,41,43,44,45,51,54,72,72,72,72,72,42,0,42,70.55875004741773,19.11370900052134,466.3453339962871,3908.0
1787658003,10,POST,/follow,0.333333,0.000000,13,13,62,62,62,62,62,62,62,62,62,3,0,13,26.250902665196918,3.4803749949787743,62.31554099940695,17.0
1787658003,10,POST,/posts,0.666667,0.000000,15,16,17,18,20,20,20,20,20,20,20,11,0,16,21.056598361941393,5.286583997076377,58.48695799795678,169.0
1787658003,10,,Aggregated,4.555556,0.000000,30,42,44,44,46,52,72,72,72,72,72,56,0,37,58.46147842800877,3.4803749949787743,466.3453339962871,2965.1071428571427
1787658004,10,GET,/feed,3.700000,0.000000,41,43,44,44,46,51,52,52,52,52,52,45,0,42,68.79949171109021,19.11370900052134,466.3453339962871,3908.0
1787658004,10,POST,/follow,0.300000,0.000000,13,13,62,62,62,62,62,62,62,62,62,4,0,9,21.82579149848607,3.4803749949787743,62.31554099940695,17.0
1787658004,10,POST,/posts,0.700000,0.000000,15,16,17,18,20,20,20,20,20,20,20,12,0,15,20.501850581543597,5.286583997076377,58.48695799795678,169.0
1787658004,10,,Aggregated,4.700000,0.000000,30,42,43,44,46,46,52,52,52,52,52,61,0,37,56.218073770025036,3.4803749949787743,466.3453339962871,2917.311475409836
1787658005,10,GET,/feed,3.900000,0.000000,42,43,44,45,46,48,51,51,51,51,51,47,0,42,67.47416140415032,19.11370900052134,466.3453339962871,3908.0
1787658005,10,POST,/follow,0.200000,0.000000,9,9,13,13,13,13,13,13,13,13,13,4,0,9,21.82579149848607,3.4803749949787743,62.31554099940695,17.0
1787658005,10,POST,/posts,0.800000,0.000000,14,15,16,16,17,20,20,20,20,20,20,15,0,15,19.093755464806843,5.286583997076377,58.48695799795678,169.0
1787658005,10,,Aggregated,4.900000,0.000000,30,42,43,44,46,46,51,51,51,51,51,66,0,33,53.71204672668352,3.4803749949787743,466.3453339962871,2822.409090909091
1787658006,10,GET,/feed,3.600000,0.000000,42,44,45,46,46,48,51,51,51,51,51,50,0,43,66.19969669991406,19.11370900052134,466.3453339962871,3908.0
1787658006,10,POST,/follow,0.200000,0.000000,13,13,21,21,21,21,21,21,21,21,21,5,0,13,21.694891598599497,3.4803749949787743,62.31554099940695,17.0
1787658006,10,POST,/posts,0.900000,0.000000,14,15,16,16,16,17,17,17,17,17,17,16,0,15,18.8082576855777,5.286583997076377,58.48695799795678,169.0
1787658006,10,,Aggregated,4.700000,0.000000,28,42,44,44,46,47,51,51,51,51,51,71,0,37,52.38579459095695,3.4803749949787743,466.3453339962871,2791.394366197183
1787658007,10,GET,/feed,3.700000,0.000000,41,44,44,46,46,48,51,51,51,51,51,55,0,43,63.275862908895675,19.11370900052134,466.3453339962871,3908.0
1787658007,10,POST,/follow,0.300000,0.000000,13,13,21,21,21,21,21,21,21,21,21,5,0,13,21.694891598599497,3.4803749949787743,62.31554099940695,17.0
1787658007,10,POST,/posts,0.900000,0.000000,14,15,16,16,16,17,17,17,17,17,17,16,0,15,18.8082576855777,5.286583997076377,58.48695799795678,169.0
1787658007,10,,Aggregated,4.900000,0.000000,28,42,43,44,46,47,51,51,51,51,51,76,0,33,51.17867159146714,3.4803749949787743,466.3453339962871,2864.8552631578946
1787658008,10,GET,/feed,3.400000,0.000000,41,44,44,46,46,48,51,51,51,51,51,58,0,42,61.698889396337044,19.11370900052134,466.3453339962871,3908.0
1787658008,10,POST,/follow,0.300000,0.000000,10,13,13,21,21,21,21,21,21,21,21,6,0,10,19.744437498350937,3.4803749949787743,62.31554099940695,17.0
1787658008,10,POST,/posts,1.200000,0.000000,14,15,16,16,16,17,17,17,17,17,17,17,0,15,18.199146939236122,5.286583997076377,58.48695799795678,169.0
1787658008,10,,Aggregated,4.900000,0.000000,30,42,43,44,46,47,51,51,51,51,51,81,0,33,49.461576641292204,3.4803749949787743,466.3453339962871,2835.0493827160494
1787658009,10,GET,/feed,3.300000,0.000000,42,44,44,46,46,48,51,51,51,51,51,61,0,42,60.43237708194074,19.11370900052134,466.3453339962871,3908.0
1787658009,10,POST,/follow,0.400000,0.000000,10,13,13,21,21,21,21,21,21,21,21,6,0,10,19.744437498350937,3.4803749949787743,62.31554099940695,17.0
1787658009,10,POST,/posts,1.200000,0.000000,13,15,15,16,16,17,17,17,17,17,17,20,0,13,16.891272798602586,5.286583997076377,58.48695799795678,169.0
1787658009,10,,Aggregated,4.900000,0.000000,27,42,43,44,46,47,51,51,51,51,51,87,0,32,47.61686302253497,3.4803749949787743,466.3453339962871,2780.114942528736
1787658010,10,GET,/feed,3.500000,0.000000,42,44,44,45,46,47,48,48,48,48,48,63,0,42,59.86753704755323,19.11370900052134,466.3453339962871,3908.0
1787658010,10,POST,/follow,0.400000,0.000000,10,13,14,14,21,21,21,21,21,21,21,8,0,10,17.691442623799958,3.4803749949787743,62.31554099940695,17.0
1787658010,10,POST,/posts,1.100000,0.000000,13,15,15,16,16,17,17,17,17,17,17,20,0,13,16.891272798602586,5.286583997076377,58.48695799795678,169.0
1787658010,10,,Aggregated,5.000000,0.000000,25,41,43,44,46,46,48,48,48,48,48,91,0,32,46.71441572481654,3.4803749949787743,466.3453339962871,2744.1758241758243
1787658011,10,GET,/feed,3.500000,0.000000,41,44,45,46,46,47,48,48,48,48,48,66,0,42,58.70424180278805,19.11370900052134,466.3453339962871,3908.0
1787658011,10,POST,/follow,0.300000,0.000000,10,10,14,14,21,21,21,21,21,21,21,9,0,10,16.38913410958291,3.4803749949787743,62.31554099940695,17.0
1787658011,10,POST,/posts,1.100000,0.000000,13,15,15,16,16,17,17,17,17,17,17,20,0,13,16.891272798602586,5.286583997076377,58.48695799795678,169.0
1787658011,10,,Aggregated,4.900000,0.000000,25,40,43,44,46,46,48,48,48,48,48,95,0,32,45.89271180991904,3.4803749949787743,466.3453339962871,2752.221052631579
1787658012,10,GET,/feed,3.300000,0.000000,42,44,45,45,46,47,48,48,48,48,48,71,0,42,57.339733577285024,19.11370900052134,466.3453339962871,3908.0
1787658012,10,POST,/follow,0.300000,0.000000,10,10,14,14,21,21,21,21,21,21,21,9,0,10,16.38913410958291,3.4803749949787743,62.31554099940695,17.0
1787658012,10,POST,/posts,1.400000,0.000000,13,15,15,16,16,17,17,17,17,17,17,21,0,13,16.66801180822187,5.286583997076377,58.48695799795678,169.0
1787658012,10,,Aggregated,5.000000,0.000000,27,40,43,44,46,46,47,48,48,48,48,101,0,33,45.2341736529321,3.4803749949787743,466.3453339962871,2783.861386138614
1787658013,10,GET,/feed,3.100000,0.000000,42,44,45,45,46,47,48,48,48,48,48,73,0,42,56.68062957516817,19.11370900052134,466.3453339962871,3908.0
1787658013,10,POST,/follow,0.500000,0.000000,9,10,14,14,21,21,21,21,21,21,21,10,0,9,15.588674898026511,3.4803749949787743,62.31554099940695,17.0
1787658013,10,POST,/posts,1.400000,0.000000,11,13,14,14,15,16,16,16,16,16,16,22,0,12,16.17726504429646,5.286583997076377,58.48695799795678,169.0
1787658013,10,,Aggregated,5.000000,0.000000,27,41,44,44,46,46,48,48,48,48,48,105,0,32,44.28069084706728,3.4803749949787743,466.3453339962871,2754.019047619048
1787658014,10,GET,/feed,2.900000,0.000000,38,43,44,45,46,47,48,48,48,48,48,78,0,41,54.706423089485796,19.11370900052134,466.3453339962871,3908.0
1787658014,10,POST,/follow,0.600000,0.000000,9,10,14,14,21,21,21,21,21,21,21,10,0,9,15.588674898026511,3.4803749949787743,62.31554099940695,17.0
1787658014,10,POST,/posts,1.300000,0.000000,10,12,13,13,15,16,16,16,16,16,16,23,0,12,15.862123085674323,5.286583997076377,58.48695799795678,169.0
1787658014,10,,Aggregated,4.800000,0.000000,27,38,42,44,46,46,48,48,48,48,48,111,0,32,43.13348271108708,3.4803749949787743,466.3453339962871,2782.711711711712
1787658015,10,GET,/feed,3.200000,0.000000,38,42,44,45,46,46,47,47,47,47,47,80,0,41,54.234731774795364,19.11370900052134,466.3453339962871,3908.0
1787658015,10,POST,/follow,0.600000,0.000000,10,10,14,14,21,21,21,21,21,21,21,10,0,9,15.588674898026511,3.4803749949787743,62.31554099940695,17.0
1787658015,10,POST,/posts,1.300000,0.000000,10,10,12,12,15,15,15,15,15,15,15,23,0,12,15.862123085674323,5.286583997076377,58.48695799795678,169.0
1787658015,10,,Aggregated,5.100000,0.000000,27,38,42,44,45,46,47,47,47,47,47,113,0,32,43.004372760481445,3.4803749949787743,466.3453339962871,2802.6283185840707
1787658016,10,GET,/feed,3.100000,0.000000,38,41,44,44,45,45,46,46,46,46,46,82,0,41,53.96021139011548,19.11370900052134,466.3453339962871,3908.0
1787658016,10,POST,/follow,0.700000,0.000000,9,10,10,14,21,21,21,21,21,21,21,13,0,9,13.994615382286542,3.4803749949787743,62.31554099940695,17.0
1787658016,10,POST,/posts,1.100000,0.000000,10,12,13,13,14,15,15,15,15,15,15,26,0,12,15.485645768002051,5.286583997076377,58.48695799795678,169.0
1787658016,10,,Aggregated,4.900000,0.000000,25,38,40,42,45,45,46,46,46,46,46,121,0,31,41.39912499113428,3.4803749949787743,466.3453339962871,2686.5371900826444
1787658017,10,GET,/feed,3.300000,0.000000,38,41,44,45,45,46,46,46,46,46,46,83,0,41,53.86502059027188,19.11370900052134,466.3453339962871,3908.0
1787658017,10,POST,/follow,0.600000,0.000000,9,10,10,12,14,14,14,14,14,14,14,14,0,9,13.849267855091187,3.4803749949787743,62.31554099940695,17.0
1787658017,10,POST,/posts,1.100000,0.000000,10,12,13,13,14,16,16,16,16,16,16,27,0,13,15.493614109733176,5.286583997076377,58.48695799795678,169.0
1787658017,10,,Aggregated,5.000000,0.000000,22,37,40,41,45,45,46,46,46,46,46,124,0,30,40.99204870908579,3.4803749949787743,466.3453339962871,2654.5564516129034
1787658018,10,GET,/feed,3.300000,0.000000,40,44,45,45,46,46,46,46,46,46,46,87,0,42,53.21295068948195,19.11370900052134,466.3453339962871,3908.0
1787658018,10,POST,/follow,0.600000,0.000000,8,9,10,12,14,14,14,14,14,14,14,15,0,9,13.211883331435578,3.4803749949787743,62.31554099940695,17.0
1787658018,10,POST,/posts,0.800000,0.000000,11,12,13,13,14,16,16,16,16,16,16,28,0,12,15.377078784305402,5.286583997076377,58.48695799795678,169.0
1787658018,10,,Aggregated,4.700000,0.000000,23,38,42,44,45,46,46,46,46,46,46,130,0,30,40.44817819936165,3.4803749949787743,466.3453339962871,2653.7153846153847
1787658020,10,GET,/feed,3.200000,0.000000,41,44,45,45,46,46,46,46,46,46,46,89,0,42,52.9776011458585,19.11370900052134,466.3453339962871,3908.0
1787658020,10,POST,/follow,0.800000,0.000000,8,8,10,10,12,12,12,12,12,12,12,15,0,9,13.211883331435578,3.4803749949787743,62.31554099940695,17.0
1787658020,10,POST,/posts,1.000000,0.000000,12,12,13,14,16,16,16,16,16,16,16,30,0,12,14.777229098884467,5.286583997076377,58.48695799795678,169.0
1787658020,10,,Aggregated,5.000000,0.000000,23,38,42,44,45,46,46,46,46,46,46,134,0,30,39.973892723279654,3.4803749949787743,466.3453339962871,2635.3507462686566
1787658021,10,GET,/feed,2.800000,0.000000,41,44,44,45,46,46,46,46,46,46,46,94,0,42,52.23065605295755,19.11370900052134,466.3453339962871,3908.0
1787658021,10,POST,/follow,0.900000,0.000000,8,8,10,10,12,12,12,12,12,12,12,15,0,9,13.211883331435578,3.4803749949787743,62.31554099940695,17.0
1787658021,10,POST,/posts,1.100000,0.000000,12,13,13,13,14,16,16,16,16,16,16,31,0,12,14.722776805302278,5.286583997076377,58.48695799795678,169.0
1787658021,10,,Aggregated,4.800000,0.000000,27,39,43,44,45,46,46,46,46,46,46,140,0,31,39.74475714224224,3.4803749949787743,466.3453339962871,2663.1857142857143
1787658022,10,GET,/feed,2.900000,0.000000,39,43,44,44,45,46,46,46,46,46,46,97,0,41,51.473125876074526,19.11370900052134,466.3453339962871,3908.0
1787658022,10,POST,/follow,0.900000,0.000000,8,8,10,10,12,12,12,12,12,12,12,16,0,9,12.812070310701529,3.4803749949787743,62.31554099940695,17.0
1787658022,10,POST,/posts,1.100000,0.000000,12,13,13,14,16,16,16,16,16,16,16,31,0,12,14.722776805302278,5.286583997076377,58.48695799795678,169.0
1787658022,10,,Aggregated,4.900000,0.000000,23,35,41,43,44,45,46,46,46,46,46,144,0,30,39.26591955496406,3.4803749949787743,466.3453339962871,2670.7430555555557
1787658023,10,GET,/feed,2.800000,0.000000,39,43,44,44,45,46,46,46,46,46,46,101,0,41,50.90286882153636,19.11370900052134,466.3453339962871,3908.0
1787658023,10,POST,/follow,0.900000,0.000000,8,9,10,10,12,12,12,12,12,12,12,17,0,9,12.604225527491721,3.4803749949787743,62.31554099940695,17.0
1787658023,10,POST,/posts,1.000000,0.000000,12,13,13,13,14,16,16,16,16,16,16,33,0,12,14.572205756408177,5.286583997076377,58.48695799795678,169.0
1787658023,10,,Aggregated,4.700000,0.000000,26,35,41,43,45,45,46,46,46,46,46,151,0,30,38.65128725101988,3.4803749949787743,466.3453339962871,2652.8079470198677
1787658024,15,GET,/feed,3.100000,0.000000,43,44,45,45,46,66,66,66,66,66,66,108,0,42,50.84568210171441,19.11370900052134,466.3453339962871,3908.0
1787658024,15,POST,/follow,0.700000,0.000000,9,10,12,12,50,50,50,50,50,50,50,18,0,9,14.667006998125645,3.4803749949787743,62.31554099940695,17.0
1787658024,15,POST,/posts,1.100000,0.000000,13,13,14,14,16,51,51,51,51,51,51,34,0,12,15.645961969472838,5.286583997076377,58.48695799795678,169.0
1787658024,15,,Aggregated,4.900000,0.000000,35,43,44,45,46,51,66,66,66,66,66,160,0,32,39.29564062445934,3.4803749949787743,466.3453339962871,2675.725
1787658025,20,GET,/feed,3.100000,0.000000,43,44,45,45,46,66,66,66,66,66,66,114,0,42,49.92585784196292,19.11370900052134,466.3453339962871,3908.0
1787658025,20,POST,/follow,0.700000,0.000000,9,10,11,12,50,50,50,50,50,50,50,19,0,9,14.475833366879286,3.4803749949787743,62.31554099940695,17.0
1787658025,20,POST,/posts,1.100000,0.000000,12,13,13,14,16,51,51,51,51,51,51,38,0,12,14.861288314836871,5.286583997076377,58.48695799795678,169.0
1787658025,20,,Aggregated,4.900000,0.000000,29,42,44,45,46,51,66,66,66,66,66,171,0,32,38.19483967203673,3.4803749949787743,466.3453339962871,2644.777777777778
1787658026,25,GET,/feed,3.000000,0.000000,42,44,45,45,46,64,66,66,66,66,66,126,0,41,48.68422590470078,19.11370900052134,466.3453339962871,3908.0
1787658026,25,POST,/follow,0.800000,0.000000,9,11,12,16,50,50,50,50,50,50,50,22,0,9,13.623837180189598,2.401499994448386,62.31554099940695,17.0
1787658026,25,POST,/posts,1.200000,0.000000,12,13,13,13,47,51,51,51,51,51,51,42,0,12,15.16214876114862,5.286583997076377,58.48695799795678,169.0
1787658026,25,,Aggregated,5.000000,0.000000,31,43,44,45,46,51,66,66,66,66,66,190,0,31,37.21445857855112,2.401499994448386,466.3453339962871,2630.9473684210525
1787658027,30,GET,/feed,3.500000,0.000000,42,44,45,45,59,66,66,76,76,76,76,137,0,42,48.3259127590462,19.11370900052134,466.3453339962871,3908.0
1787658027,30,POST,/follow,0.800000,0.000000,8,9,11,16,50,50,50,50,50,50,50,23,0,9,13.400112346141174,2.401499994448386,62.31554099940695,17.0
1787658027,30,POST,/posts,1.200000,0.000000,10,12,13,13,47,51,51,51,51,51,51,42,0,12,15.16214876114862,5.286583997076377,58.48695799795678,169.0
1787658027,30,,Aggregated,5.500000,0.000000,36,43,44,45,50,64,66,76,76,76,76,202,0,32,37.45377663326148,2.401499994448386,466.3453339962871,2687.5495049504952
1787658028,35,GET,/feed,4.600000,0.000000,39,44,44,45,61,65,66,76,76,76,76,150,0,41,47.09260531322798,19.11370900052134,466.3453339962871,3908.0
1787658028,35,POST,/follow,1.200000,0.000000,7,9,11,11,16,50,50,50,50,50,50,25,0,9,12.639489998400677,2.401499994448386,62.31554099940695,17.0
1787658028,35,POST,/posts,1.900000,0.000000,12,13,15,17,47,51,51,51,51,51,51,48,0,12,15.436463520018151,4.5555420001619495,58.48695799795678,169.0
1787658028,35,,Aggregated,7.700000,0.000000,29,42,44,45,50,64,66,76,76,76,76,223,0,30,36.41627038522459,2.401499994448386,466.3453339962871,2666.982062780269
1787658029,40,GET,/feed,5.500000,0.000000,38,43,44,45,59,65,66,76,76,76,76,167,0,40,45.599741053767154,18.513791997975204,466.3453339962871,3908.0
1787658029,40,POST,/follow,1.000000,0.000000,7,9,11,11,16,50,50,50,50,50,50,26,0,8,12.28665226769338,2.401499994448386,62.31554099940695,17.0
1787658029,40,POST,/posts,1.600000,0.000000,12,13,15,17,47,51,51,51,51,51,51,49,0,12,15.34873295836127,4.5555420001619495,58.48695799795678,169.0
1787658029,40,,Aggregated,8.100000,0.000000,28,41,44,44,51,64,66,66,76,76,76,242,0,29,35.89544475164812,2.401499994448386,466.3453339962871,2732.8884297520663
1787658030,45,GET,/feed,6.700000,0.000000,31,41,44,44,55,64,66,76,76,76,76,186,0,38,43.456241736308705,18.513791997975204,466.3453339962871,3908.0
1787658030,45,POST,/follow,1.000000,0.000000,4,7,9,11,16,50,50,50,50,50,50,30,0,8,11.117884732084349,2.401499994448386,62.31554099940695,17.0
1787658030,45,POST,/posts,2.100000,0.000000,10,12,13,13,45,47,51,51,51,51,51,56,0,11,14.173476927810823,3.3413749988540076,58.48695799795678,169.0
1787658030,45,,Aggregated,9.800000,0.000000,25,35,42,44,47,61,66,66,76,76,76,272,0,27,33.86070666497557,2.401499994448386,466.3453339962871,2709.051470588235
1787658031,50,GET,/feed,6.700000,0.000000,28,39,43,44,48,64,66,66,76,76,76,202,0,36,42.007015910622606,18.513791997975204,466.3453339962871,3908.0
1787658031,50,POST,/follow,1.000000,0.000000,4,6,9,9,16,50,50,50,50,50,50,32,0,8,10.600929655083746,2.345040993532166,62.31554099940695,17.0
1787658031,50,POST,/posts,2.100000,0.000000,8,10,12,13,25,47,51,51,51,51,51,64,0,10,13.297928405449966,3.2679169962648302,58.48695799795678,169.0
1787658031,50,,Aggregated,9.800000,0.000000,23,31,39,43,45,59,65,66,76,76,76,298,0,25,32.468840204218935,2.345040993532166,466.3453339962871,2687.1677852348994
1787658032,50,GET,/feed,9.700000,0.000000,26,35,42,43,45,61,66,66,76,76,76,223,0,32,40.208414080585385,18.513791997975204,466.3453339962871,3908.0
1787658032,50,POST,/follow,1.500000,0.000000,4,6,8,8,16,50,50,50,50,50,50,34,0,8,10.3050979988064,2.345040993532166,62.31554099940695,17.0
1787658032,50,POST,/posts,2.500000,0.000000,7,8,10,12,25,47,51,51,51,51,51,71,0,9,12.498193689270279,3.2679169962648302,58.48695799795678,169.0
1787658032,50,,Aggregated,13.700000,0.000000,21,27,35,41,45,56,65,66,76,76,76,328,0,24,31.11043117032972,2.345040993532166,466.3453339962871,2695.307926829268
1787658033,50,GET,/feed,10.800000,0.000000,25,31,37,41,45,56,64,65,76,76,76,238,0,32,39.41921517222351,18.513791997975204,466.3453339962871,3908.0
1787658033,50,POST,/follow,1.700000,0.000000,4,4,6,8,11,16,16,16,16,16,16,38,0,6,9.69660960445732,2.345040993532166,62.31554099940695,17.0
1787658033,50,POST,/posts,3.300000,0.000000,7,8,9,10,15,25,47,47,47,47,47,76,0,8,12.06911790684803,3.2679169962648302,58.48695799795678,169.0
1787658033,50,,Aggregated,15.800000,0.000000,21,26,31,35,43,47,64,65,76,76,76,352,0,24,30.305390161588136,2.345040993532166,466.3453339962871,2680.6647727272725
1787658034,50,GET,/feed,12.600000,0.000000,24,28,35,40,44,56,64,65,76,76,76,257,0,30,38.415950719793265,18.513791997975204,466.3453339962871,3908.0
1787658034,50,POST,/follow,1.800000,0.000000,4,4,6,6,8,16,16,16,16,16,16,39,0,6,9.537242486541613,2.345040993532166,62.31554099940695,17.0
1787658034,50,POST,/posts,3.900000,0.000000,6,7,10,12,17,25,47,47,47,47,47,81,0,8,11.991746974178378,3.2679169962648302,58.48695799795678,169.0
1787658034,50,,Aggregated,18.300000,0.000000,21,25,28,34,43,48,61,64,76,76,76,377,0,23,29.751149328568808,2.345040993532166,466.3453339962871,2702.1432360742706
1787658035,50,GET,/feed,13.600000,0.000000,23,26,31,35,43,56,61,65,76,76,76,277,0,28,37.20814185919402,18.513791997975204,466.3453339962871,3908.0
1787658035,50,POST,/follow,2.100000,0.000000,4,4,4,4,8,8,8,8,8,8,8,40,0,6,9.407954149355646,2.345040993532166,62.31554099940695,17.0
1787658035,50,POST,/posts,4.300000,0.000000,6,7,9,11,17,25,47,47,47,47,47,84,0,8,11.719743117888962,3.2679169962648302,58.48695799795678,169.0
1787658035,50,,Aggregated,20.000000,0.000000,21,23,26,28,41,45,59,64,76,76,76,401,0,22,29.095840106916818,2.345040993532166,466.3453339962871,2736.638403990025
1787658036,50,GET,/feed,14.800000,0.000000,22,25,27,31,42,44,56,64,65,65,65,297,0,27,36.34208811785883,18.513791997975204,466.3453339962871,3908.0
1787658036,50,POST,/follow,2.100000,0.000000,4,4,4,4,6,8,8,8,8,8,8,42,0,6,9.120766856323739,2.345040993532166,62.31554099940695,17.0
1787658036,50,POST,/posts,4.600000,0.000000,6,7,8,10,15,22,45,45,45,45,45,87,0,8,11.493772090828827,3.2679169962648302,58.48695799795678,169.0
1787658036,50,,Aggregated,21.500000,0.000000,21,22,25,27,37,43,56,56,65,65,65,426,0,22,28.583639790778822,2.345040993532166,466.3453339962871,2760.781690140845
1787658037,50,GET,/feed,16.100000,0.000000,21,24,27,29,37,42,55,56,56,56,56,326,0,26,35.19257580684862,18.513791997975204,466.3453339962871,3908.0
1787658037,50,POST,/follow,2.100000,0.000000,4,4,4,4,6,8,8,8,8,8,8,43,0,6,8.983170534118598,2.345040993532166,62.31554099940695,17.0
1787658037,50,POST,/posts,4.600000,0.000000,5,7,7,8,12,22,25,25,25,25,25,91,0,8,11.551209295678316,3.2679169962648302,58.48695799795678,169.0
1787658037,50,,Aggregated,22.800000,0.000000,21,22,24,26,35,41,45,56,56,56,56,460,0,21,28.06568715631843,2.345040993532166,466.3453339962871,2804.604347826087
1787658038,50,GET,/feed,16.900000,0.000000,21,23,25,27,34,41,43,56,56,56,56,347,0,25,34.41913137469466,18.513791997975204,466.3453339962871,3908.0
1787658038,50,POST,/follow,2.000000,0.000000,4,4,4,4,6,8,8,8,8,8,8,43,0,6,8.983170534118598,2.345040993532166,62.31554099940695,17.0
1787658038,50,POST,/posts,4.500000,0.000000,5,7,7,8,12,22,25,25,25,25,25,93,0,8,11.385288128005941,3.2679169962648302,58.48695799795678,169.0
1787658038,50,,Aggregated,23.400000,0.000000,21,22,24,25,31,39,42,45,56,56,56,483,0,21,27.719558417993163,2.345040993532166,466.3453339962871,2841.664596273292
1787658039,50,GET,/feed,16.900000,0.000000,21,23,25,27,35,40,42,56,56,56,56,364,0,25,33.95028400280773,18.513791997975204,466.3453339962871,3908.0
1787658039,50,POST,/follow,2.000000,0.000000,4,4,4,4,6,8,8,8,8,8,8,46,0,4,8.598136781865437,2.345040993532166,62.31554099940695,17.0
1787658039,50,POST,/posts,4.500000,0.000000,5,7,7,8,15,24,25,25,25,25,25,95,0,8,11.296553556932945,3.2679169962648302,58.48695799795678,169.0
1787658039,50,,Aggregated,23.400000,0.000000,21,21,23,25,31,36,42,45,56,56,56,505,0,21,27.379386647319706,2.345040993532166,466.3453339962871,2850.1960396039603
1787658040,50,GET,/feed,19.400000,0.000000,21,23,25,26,32,36,42,56,56,56,56,387,0,25,33.23007935401051,18.513791997975204,466.3453339962871,3908.0
1787658040,50,POST,/follow,1.900000,0.000000,4,4,4,4,6,8,8,8,8,8,8,49,0,4,8.326329080903504,2.345040993532166,62.31554099940695,17.0
1787658040,50,POST,/posts,4.500000,0.000000,5,7,7,8,12,22,24,24,24,24,24,99,0,8,11.022505534367726,3.2679169962648302,58.48695799795678,169.0
1787658040,50,,Aggregated,25.800000,0.000000,21,21,23,25,30,36,42,42,56,56,56,535,0,21,26.839736229661202,2.345040993532166,466.3453339962871,2859.7383177570096
1787658041,50,GET,/feed,19.900000,0.000000,21,23,25,26,32,39,42,56,56,56,56,403,0,24,32.82938048890018,18.513791997975204,466.3453339962871,3908.0
1787658041,50,POST,/follow,2.000000,0.000000,4,4,4,4,6,8,8,8,8,8,8,51,0,4,8.217440352275256,2.345040993532166,62.31554099940695,17.0
1787658041,50,POST,/posts,4.600000,0.000000,5,6,7,8,12,22,24,24,24,24,24,102,0,7,10.81413363634983,3.249166999012232,58.48695799795678,169.0
1787658041,50,,Aggregated,26.500000,0.000000,21,21,23,25,30,36,42,43,56,56,56,556,0,21,26.533042132914552,2.345040993532166,466.3453339962871,2865.160071942446
1787658042,50,GET,/feed,20.000000,0.000000,21,22,23,25,30,36,42,56,56,56,56,425,0,24,32.27342207303189,18.32204200036358,466.3453339962871,3908.0
1787658042,50,POST,/follow,1.900000,0.000000,4,4,4,5,8,9,9,9,9,9,9,52,0,4,8.223790864716507,2.345040993532166,62.31554099940695,17.0
1787658042,50,POST,/posts,4.400000,0.000000,5,6,7,7,12,22,24,24,24,24,24,108,0,7,10.490006619538352,3.249166999012232,58.48695799795678,169.0
1787658042,50,,Aggregated,26.300000,0.000000,20,21,23,24,28,36,42,43,56,56,56,585,0,21,26.114123454553763,2.345040993532166,466.3453339962871,2871.85641025641
1787658043,50,GET,/feed,20.000000,0.000000,21,22,24,25,30,36,41,42,43,43,43,440,0,24,32.025582400125465,18.32204200036358,466.3453339962871,3908.0
1787658043,50,POST,/follow,1.900000,0.000000,4,4,5,6,8,9,9,9,9,9,9,54,0,4,8.116807869723912,2.345040993532166,62.31554099940695,17.0
1787658043,50,POST,/posts,4.400000,0.000000,4,5,5,7,11,12,24,24,24,24,24,110,0,7,10.36403907187791,3.150249998725485,58.48695799795678,169.0
1787658043,50,,Aggregated,26.300000,0.000000,20,21,23,24,29,36,39,42,43,43,43,604,0,21,25.943059898885537,2.345040993532166,466.3453339962871,2879.1854304635763
1787658044,50,GET,/feed,20.000000,0.000000,21,23,25,26,32,36,41,42,43,43,43,457,0,24,31.756619726604715,18.32204200036358,466.3453339962871,3908.0
1787658044,50,POST,/follow,1.800000,0.000000,4,4,5,5,8,9,9,9,9,9,9,57,0,4,7.88331577138722,2.345040993532166,62.31554099940695,17.0
1787658044,50,POST,/posts,3.700000,0.000000,5,5,5,7,9,12,24,24,24,24,24,115,0,7,10.127047520971088,3.150249998725485,58.48695799795678,169.0
1787658044,50,,Aggregated,25.500000,0.000000,20,21,23,25,29,36,39,42,43,43,43,629,0,21,25.638687883845947,2.345040993532166,466.3453339962871,2871.796502384738
1787658045,50,GET,/feed,20.300000,0.000000,21,23,25,27,33,36,40,42,43,43,43,478,0,23,31.431641489681745,18.32204200036358,466.3453339962871,3908.0
1787658045,50,POST,/follow,1.600000,0.000000,4,4,5,5,8,9,9,9,9,9,9,61,0,4,7.592144802729904,2.345040993532166,62.31554099940695,17.0
1787658045,50,POST,/posts,3.400000,0.000000,5,5,5,7,11,12,24,24,24,24,24,118,0,7,10.036212634786043,3.150249998725485,58.48695799795678,169.0
1787658045,50,,Aggregated,25.300000,0.000000,20,22,24,25,30,36,39,42,43,43,43,657,0,21,25.375522916193532,2.345040993532166,466.3453339962871,2875.194824961948
1787658046,50,GET,/feed,20.000000,0.000000,21,23,25,26,32,36,38,43,44,44,44,493,0,23,31.20638760461795,18.32204200036358,466.3453339962871,3908.0
1787658046,50,POST,/follow,1.700000,0.000000,4,4,5,5,8,9,9,9,9,9,9,62,0,4,7.524012757541289,2.345040993532166,62.31554099940695,17.0
1787658046,50,POST,/posts,3.500000,0.000000,5,5,5,5,7,9,12,12,12,12,12,121,0,7,9.916200131466054,3.150249998725485,58.48695799795678,169.0
1787658046,50,,Aggregated,25.200000,0.000000,20,22,23,24,29,35,37,40,44,44,44,676,0,21,25.22351789341953,2.345040993532166,466.3453339962871,2881.8742603550295
1787658047,50,GET,/feed,20.200000,0.000000,21,23,25,27,32,36,38,43,44,44,44,518,0,23,30.860267540731677,18.32204200036358,466.3453339962871,3908.0
1787658047,50,POST,/follow,2.100000,0.000000,4,4,5,5,8,9,12,12,12,12,12,65,0,4,7.48603652251544,2.345040993532166,62.31554099940695,17.0
1787658047,50,POST,/posts,3.400000,0.000000,5,5,5,6,9,12,17,17,17,17,17,123,0,7,9.930350999224824,3.150249998725485,58.48695799795678,169.0
1787658047,50,,Aggregated,25.700000,0.000000,20,22,23,24,29,35,37,40,44,44,44,706,0,21,25.061818885222614,2.345040993532166,466.3453339962871,2898.351274787535
1787658048,50,GET,/feed,19.800000,0.000000,22,23,25,26,32,36,40,43,44,44,44,534,0,23,30.646332013282873,18.32204200036358,466.3453339962871,3908.0
1787658048,50,POST,/follow,1.900000,0.000000,4,4,5,5,8,9,12,12,12,12,12,67,0,4,7.369700865190191,2.345040993532166,62.31554099940695,17.0
1787658048,50,POST,/posts,3.300000,0.000000,5,5,5,6,7,14,17,17,17,17,17,127,0,7,9.847805487378372,3.150249998725485,58.48695799795678,169.0
1787658048,50,,Aggregated,25.000000,0.000000,20,22,23,24,29,35,38,42,44,44,44,728,0,21,24.875800205986057,2.345040993532166,466.3453339962871,2897.629120879121
1787658049,50,GET,/feed,18.900000,0.000000,22,23,25,27,32,36,40,43,44,44,44,559,0,23,30.30197772642365,18.32204200036358,466.3453339962871,3908.0
1787658049,50,POST,/follow,2.200000,0.000000,4,4,5,6,9,12,12,12,12,12,12,68,0,4,7.317079646621577,2.345040993532166,62.31554099940695,17.0
1787658049,50,POST,/posts,3.200000,0.000000,5,5,6,6,12,14,17,17,17,17,17,130,0,6,9.811628568478717,3.150249998725485,58.48695799795678,169.0
1787658049,50,,Aggregated,24.300000,0.000000,21,22,24,25,29,35,38,42,44,44,44,757,0,21,24.7184658902818,2.345040993532166,466.3453339962871,2916.3778071334214
1787658050,50,GET,/feed,18.900000,0.000000,22,23,25,26,31,35,38,42,44,44,44,577,0,23,30.025747268750923,18.32204200036358,466.3453339962871,3908.0
1787658050,50,POST,/follow,2.400000,0.000000,4,4,5,5,8,9,12,12,12,12,12,71,0,4,7.1792787459062435,2.345040993532166,62.31554099940695,17.0
1787658050,50,POST,/posts,3.300000,0.000000,5,5,6,7,14,17,18,18,18,18,18,132,0,6,9.82384474170403,3.150249998725485,58.48695799795678,169.0
1787658050,50,,Aggregated,24.600000,0.000000,21,22,23,24,29,34,37,40,44,44,44,780,0,21,24.52734932170969,2.345040993532166,466.3453339962871,2921.0653846153846
1787658051,50,GET,/feed,19.200000,0.000000,22,24,26,28,33,38,44,46,47,47,47,598,0,23,29.98931501850129,18.32204200036358,466.3453339962871,3908.0
1787658051,50,POST,/follow,2.200000,0.000000,4,4,4,5,6,12,12,12,12,12,12,72,0,4,7.140418388391684,2.345040993532166,62.31554099940695,17.0
1787658051,50,POST,/posts,3.500000,0.000000,5,6,9,12,17,18,22,22,22,22,22,135,0,7,9.86297288068777,3.150249998725485,58.48695799795678,169.0
1787658051,50,,Aggregated,24.900000,0.000000,21,23,24,26,31,36,44,45,47,47,47,805,0,21,24.570461917914066,2.345040993532166,466.3453339962871,2932.9478260869564
1787658052,50,GET,/feed,18.700000,0.000000,22,23,25,27,32,38,44,46,47,47,47,618,0,23,29.669242121469875,18.32204200036358,466.3453339962871,3908.0
1787658052,50,POST,/follow,2.200000,0.000000,4,4,4,4,5,12,12,12,12,12,12,73,0,4,7.0943504515899765,2.345040993532166,62.31554099940695,17.0
1787658052,50,POST,/posts,3.300000,0.000000,5,6,6,12,17,18,22,22,22,22,22,139,0,6,9.689757833728423,3.150249998725485,58.48695799795678,169.0
1787658052,50,,Aggregated,24.200000,0.000000,21,22,24,25,30,35,44,45,47,47,47,830,0,21,24.337777774605666,2.345040993532166,466.3453339962871,2939.609638554217
1787658053,50,GET,/feed,19.200000,0.000000,22,23,25,27,32,38,44,46,47,47,47,636,0,23,29.508778111717763,18.32204200036358,466.3453339962871,3908.0
1787658053,50,POST,/follow,2.200000,0.000000,4,4,4,4,5,12,12,12,12,12,12,75,0,4,6.9664855461451225,2.2144579997984692,62.31554099940695,17.0
1787658053,50,POST,/posts,3.300000,0.000000,5,6,7,12,17,18,22,22,22,22,22,145,0,6,9.498808068245376,3.150249998725485,58.48695799795678,169.0
1787658053,50,,Aggregated,24.700000,0.000000,21,22,23,25,30,35,44,45,47,47,47,856,0,21,24.144154748725423,2.2144579997984692,466.3453339962871,2933.7242990654204
1787658054,60,GET,/feed,19.300000,0.000000,21,23,26,27,32,44,48,69,70,70,70,663,0,23,29.490549150875157,18.32204200036358,466.3453339962871,3908.0
1787658054,60,POST,/follow,2.100000,0.000000,4,4,4,4,6,12,12,12,12,12,12,76,0,4,6.9586940784287625,2.2144579997984692,62.31554099940695,17.0
1787658054,60,POST,/posts,3.200000,0.000000,6,9,14,15,22,47,54,54,54,54,54,154,0,6,10.197821992839529,3.150249998725485,58.48695799795678,169.0
1787658054,60,,Aggregated,24.600000,0.000000,21,22,24,26,32,44,48,54,70,70,70,893,0,21,24.245867216000114,2.2144579997984692,466.3453339962871,2932.0515117581185
1787658055,70,GET,/feed,19.500000,0.000000,21,24,27,28,35,47,69,77,82,82,82,687,0,23,29.646663154337116,18.32204200036358,466.3453339962871,3908.0
1787658055,70,POST,/follow,2.100000,0.000000,4,4,5,6,46,61,61,61,61,61,61,81,0,4,7.968134764976437,2.2144579997984692,62.31554099940695,17.0
1787658055,70,POST,/posts,3.300000,0.000000,5,7,14,15,22,47,54,54,54,54,54,159,0,6,9.993381571751703,2.54687500273576,58.48695799795678,169.0
1787658055,70,,Aggregated,24.900000,0.000000,21,22,25,27,33,47,66,70,82,82,82,927,0,21,24.38147159967768,2.2144579997984692,466.3453339962871,2926.6925566343043
1787658056,80,GET,/feed,20.300000,0.000000,21,24,28,30,47,70,94,110,120,120,120,728,0,23,30.21282068273869,18.32204200036358,466.3453339962871,3908.0
1787658056,80,POST,/follow,1.900000,0.000000,4,4,5,6,46,61,61,61,61,61,61,85,0,4,7.780991646594724,2.2144579997984692,62.31554099940695,17.0
1787658056,80,POST,/posts,3.900000,0.000000,6,7,14,14,22,29,54,54,54,54,54,165,1,6,9.897500775167083,1.9153749963152222,58.48695799795678,167.97575757575757
1787658056,80,,Aggregated,26.100000,0.000000,21,22,26,28,46,67,89,110,120,120,120,978,1,21,24.835792816867983,1.9153749963152222,466.3453339962871,2938.8394683026586
1787658057,90,GET,/feed,20.500000,0.000000,21,25,29,32,60,82,110,110,120,120,120,769,0,22,30.654744798482106,18.32204200036358,466.3453339962871,3908.0
1787658057,90,POST,/follow,2.000000,0.000000,4,4,5,6,46,61,61,61,61,61,61,86,0,4,7.753258708848883,2.2144579997984692,62.31554099940695,17.0
1787658057,90,POST,/posts,4.100000,0.000000,5,7,9,14,22,29,54,54,54,54,54,172,1,6,9.692041191281236,1.9153749963152222,58.48695799795678,168.0174418604651
1787658057,90,,Aggregated,26.600000,0.000000,21,22,27,30,50,75,100,110,120,120,120,1027,1,21,25.226202613334095,1.9153749963152222,466.3453339962871,2955.806231742941
1787658058,100,GET,/feed,23.000000,0.000000,21,26,30,41,67,89,110,110,120,120,120,807,0,22,30.863731722481596,18.32204200036358,466.3453339962871,3908.0
1787658058,100,POST,/follow,2.400000,0.000000,4,4,5,6,11,46,61,61,61,61,61,92,0,4,7.573288945027541,2.2144579997984692,62.31554099940695,17.0
1787658058,100,POST,/posts,4.400000,0.100000,5,6,9,15,29,47,54,60,60,60,60,182,1,6,9.997592504957568,1.9153749963152222,60.176459002832416,168.07142857142858
1787658058,100,,Aggregated,29.800000,0.100000,21,22,28,31,60,78,100,110,120,120,120,1081,1,21,25.368488361598022,1.9153749963152222,466.3453339962871,2947.186864014801
1787658059,100,GET,/feed,25.300000,0.000000,21,26,31,41,66,85,110,110,120,120,120,838,1,22,30.66231871720738,2.320999999938067,466.3453339962871,3903.3365155131264
1787658059,100,POST,/follow,2.100000,0.000000,4,4,5,6,11,46,61,61,61,61,61,94,0,4,7.499420658937294,2.2144579997984692,62.31554099940695,17.0
1787658059,100,POST,/posts,4.800000,0.100000,5,6,9,14,29,47,54,60,60,60,60,190,1,6,9.9066491468157,1.9153749963152222,60.176459002832416,168.11052631578949
1787658059,100,,Aggregated,32.200000,0.100000,21,23,29,32,59,78,100,110,120,120,120,1122,2,21,25.20698036083322,1.9153749963152222,466.3453339962871,2945.218360071301
1787658060,100,GET,/feed,27.200000,0.000000,22,29,43,60,100,400,740,770,800,800,800,859,3,23,43.32839386732216,2.320999999938067,802.0000419928692,3894.351571594878
1787658060,100,POST,/follow,2.400000,0.000000,4,6,11,46,700,700,700,700,700,700,700,98,0,4,34.13457186675538,2.2144579997984692,701.822875002108,17.0
1787658060,100,POST,/posts,5.500000,0.100000,5,7,12,15,47,450,580,710,710,710,710,193,1,6,18.7417869424445,1.9153749963152222,705.3357499971753,168.12435233160622
1787658060,100,,Aggregated,35.100000,0.100000,21,26,33,49,96,500,730,750,800,800,800,1150,4,21,38.418646308577,1.9153749963152222,802.0000419928692,2938.575652173913
1787658061,100,GET,/feed,28.100000,0.100000,25,43,74,95,730,1000,1100,1100,1200,1200,1200,884,3,23,69.05289903625089,2.320999999938067,1155.0821249984438,3894.737556561086
1787658061,100,POST,/follow,2.600000,0.000000,4,6,46,61,700,700,700,700,700,700,700,99,0,4,40.11050085800246,2.2144579997984692,701.822875002108,17.0
1787658061,100,POST,/posts,5.900000,0.100000,6,8,15,29,450,710,930,1000,1000,1000,1000,196,1,6,31.767392882102286,1.9153749963152222,1041.9155420022435,168.1377551020408
1787658061,100,,Aggregated,36.600000,0.200000,22,32,61,85,700,930,1100,1100,1200,1200,1200,1179,4,21,60.42418264451236,1.9153749963152222,1155.0821249984438,2949.6064461407973
1787658062,100,GET,/feed,27.900000,0.300000,30,82,340,630,860,1000,1100,1100,1200,1200,1200,926,3,23,92.70150588993839,2.320999999938067,1155.0821249984438,3895.3390928725703
1787658062,100,POST,/follow,2.400000,0.000000,6,160,310,630,780,990,1000,1000,1000,1000,1000,110,0,4,79.60174659932487,2.2144579997984692,1002.3304580026888,17.0
1787658062,100,POST,/posts,6.000000,0.100000,7,22,60,310,710,930,990,1000,1000,1000,1000,205,1,6,54.61299982370536,1.9153749963152222,1041.9155420022435,168.17560975609757
1787658062,100,,Aggregated,36.300000,0.400000,27,78,310,540,850,1000,1100,1100,1200,1200,1200,1241,4,21,85.24855080086083,1.9153749963152222,1155.0821249984438,2935.8823529411766
1787658063,100,GET,/feed,27.900000,0.300000,29,77,250,530,850,1000,1100,1100,1200,1200,1200,963,3,23,90.09026345076208,2.320999999938067,1155.0821249984438,3895.8255451713394
1787658063,100,POST,/follow,2.700000,0.000000,5,61,310,540,700,870,1000,1000,1000,1000,1000,118,0,4,74.48102261788968,2.2144579997984692,1002.3304580026888,17.0
1787658063,100,POST,/posts,6.100000,0.100000,6,12,96,370,790,980,990,1000,1000,1000,1000,213,1,6,52.751492985271184,1.9153749963152222,1041.9155420022435,168.20657276995306
1787658063,100,,Aggregated,36.700000,0.400000,26,66,230,460,810,990,1100,1100,1200,1200,1200,1294,4,21,82.52067417145102,1.9153749963152222,1155.0821249984438,2928.5270479134465
1787658064,100,GET,/feed,30.900000,0.300000,27,61,180,460,850,1000,1100,1100,1200,1200,1200,1000,4,23,87.56933561805636,2.320999999938067,1155.0821249984438,3892.368
1787658064,100,POST,/follow,3.700000,0.000000,5,130,310,630,780,990,1000,1000,1000,1000,1000,120,0,4,73.2881830075712,2.2144579997984692,1002.3304580026888,17.0
1787658064,100,POST,/posts,6.600000,0.100000,6,22,170,450,790,980,990,1000,1000,1000,1000,214,1,6,52.52661821431732,1.9153749963152222,1041.9155420022435,168.21028037383178
1787658064,100,,Aggregated,41.200000,0.400000,25,60,180,460,810,990,1100,1100,1200,1200,1200,1334,5,21,80.6631288432,1.9153749963152222,1155.0821249984438,2946.3305847076463
1787658065,100,GET,/feed,32.100000,0.300000,25,43,160,450,840,1000,1100,1100,1200,1200,1200,1046,4,23,84.71954616164548,2.320999999938067,1155.0821249984438,3893.055449330784
1787658065,100,POST,/follow,4.000000,0.000000,6,130,310,630,780,990,1000,1000,1000,1000,1000,124,0,4,71.20271305569575,2.2144579997984692,1002.3304580026888,17.0
1787658065,100,POST,/posts,6.800000,0.100000,6,12,96,370,790,980,990,1000,1000,1000,1000,224,1,6,50.4768986601383,1.9153749963152222,1041.9155420022435,168.24553571428572
1787658065,100,,Aggregated,42.900000,0.400000,22,40,160,450,800,990,1100,1100,1200,1200,1200,1394,5,21,78.0147826426531,1.9153749963152222,1155.0821249984438,2949.735294117647
1787658066,100,GET,/feed,33.400000,0.400000,24,37,180,500,850,1000,1100,1100,1200,1200,1200,1082,4,23,82.69167952318325,2.320999999938067,1155.0821249984438,3893.5526802218114
1787658066,100,POST,/follow,4.400000,0.000000,5,130,310,540,700,870,1000,1000,1000,1000,1000,127,0,4,69.60655021179636,2.1712079978897236,1002.3304580026888,17.0
1787658066,100,POST,/posts,5.900000,0.100000,6,19,96,370,790,980,990,1000,1000,1000,1000,229,1,6,49.54019963697329,1.9153749963152222,1041.9155420022435,168.26200873362444
1787658066,100,,Aggregated,43.700000,0.500000,22,34,180,460,810,990,1100,1100,1200,1200,1200,1438,5,21,76.25670016540285,1.9153749963152222,1155.0821249984438,2957.9381084840056
1787658067,100,GET,/feed,35.700000,0.400000,26,38,180,460,850,1000,1100,1100,1200,1200,1200,1121,4,23,80.9660127396018,2.320999999938067,1155.0821249984438,3894.055307760928
1787658067,100,POST,/follow,4.300000,0.000000,7,130,310,540,700,870,1000,1000,1000,1000,1000,132,0,4,67.4986389083532,2.1712079978897236,1002.3304580026888,17.0
1787658067,100,POST,/posts,6.300000,0.100000,6,19,170,450,790,980,990,1000,1000,1000,1000,236,1,6,48.378160524916275,1.9153749963152222,1041.9155420022435,168.28389830508473
1787658067,100,,Aggregated,46.300000,0.500000,23,37,180,460,810,990,1100,1100,1200,1200,1200,1489,5,21,74.6070963739936,1.9153749963152222,1155.0821249984438,2959.8354600402954
1787658068,100,GET,/feed,35.300000,0.400000,24,36,180,460,850,1000,1100,1100,1200,1200,1200,1157,4,23,79.11006315827028,2.320999999938067,1155.0821249984438,3894.4891961970616
1787658068,100,POST,/follow,4.100000,0.000000,6,34,160,540,700,870,1000,1000,1000,1000,1000,139,0,4,64.26805636628612,1.9779580034082755,1002.3304580026888,17.0
1787658068,100,POST,/posts,6.500000,0.000000,5,19,170,450,790,980,990,1000,1000,1000,1000,242,1,6,47.29013347467056,1.9153749963152222,1041.9155420022435,168.30165289256198
1787658068,100,,Aggregated,45.900000,0.400000,22,34,170,450,810,990,1100,1100,1200,1200,1200,1538,5,21,72.76190845897449,1.9153749963152222,1155.0821249984438,2957.7477243172953
1787658069,100,GET,/feed,34.100000,0.400000,22,31,39,110,810,1000,1100,1100,1200,1200,1200,1200,4,22,77.07902311092766,2.320999999938067,1155.0821249984438,3894.9733333333334
1787658069,100,POST,/follow,4.400000,0.000000,6,16,160,310,700,870,1000,1000,1000,1000,1000,143,0,4,62.743299251069786,1.9779580034082755,1002.3304580026888,17.0
1787658069,100,POST,/posts,6.500000,0.000000,5,8,21,170,790,980,990,1000,1000,1000,1000,251,1,6,45.83102759708738,1.9153749963152222,1041.9155420022435,168.32669322709162
1787658069,100,,Aggregated,45.000000,0.400000,21,29,39,160,800,990,1100,1100,1200,1200,1200,1594,5,21,70.87246389766945,1.9153749963152222,1155.0821249984438,2960.2565872020077
1787658070,100,GET,/feed,34.500000,0.400000,22,27,32,38,500,900,1000,1100,1100,1100,1100,1234,4,22,75.63286665000737,2.320999999938067,1155.0821249984438,3895.3322528363046
1787658070,100,POST,/follow,4.400000,0.000000,5,13,28,58,310,870,1000,1000,1000,1000,1000,146,0,4,61.68267209526775,1.9779580034082755,1002.3304580026888,17.0
1787658070,100,POST,/posts,5.900000,0.000000,5,6,11,19,370,800,980,990,990,990,990,253,1,6,45.50921314966767,1.9153749963152222,1041.9155420022435,168.3320158102767
1787658070,100,,Aggregated,44.800000,0.400000,21,25,32,37,370,880,1000,1100,1100,1100,1100,1633,5,21,69.71859063005763,1.9153749963152222,1155.0821249984438,2971.1635027556645
1787658071,100,GET,/feed,35.300000,0.300000,21,23,26,28,34,39,43,49,56,56,56,1277,4,22,73.86254022013598,2.320999999938067,1155.0821249984438,3895.7588097102584
1787658071,100,POST,/follow,4.800000,0.000000,4,5,7,8,16,28,34,34,34,34,34,148,0,4,60.89007939806686,1.9779580034082755,1002.3304580026888,17.0
1787658071,100,POST,/posts,6.000000,0.000000,5,6,7,8,12,19,21,29,29,29,29,265,1,6,43.736424886199806,1.9153749963152222,1041.9155420022435,168.3622641509434
1787658071,100,,Aggregated,46.100000,0.300000,21,22,24,26,32,38,43,46,56,56,56,1690,5,21,68.00257290347366,1.9153749963152222,1155.0821249984438,2971.607100591716
1787658072,100,GET,/feed,37.700000,0.100000,21,22,25,27,34,40,45,52,71,71,71,1315,4,22,72.44708402136105,2.320999999938067,1155.0821249984438,3896.112547528517
1787658072,100,POST,/follow,5.100000,0.000000,4,5,7,11,16,28,34,34,34,34,34,149,0,4,60.50520359000172,1.9779580034082755,1002.3304580026888,17.0
1787658072,100,POST,/posts,6.000000,0.000000,5,6,7,8,12,19,29,37,37,37,37,272,1,6,42.873214348700834,1.9153749963152222,1041.9155420022435,168.37867647058823
1787658072,100,,Aggregated,48.800000,0.100000,21,22,23,25,33,38,43,51,71,71,71,1736,5,21,66.78842461166283,1.9153749963152222,1155.0821249984438,2979.1013824884794
1787658073,100,GET,/feed,39.700000,0.100000,21,23,26,29,35,40,45,52,71,71,71,1354,4,22,71.07521056948416,2.320999999938067,1155.0821249984438,3896.4549483013293
1787658073,100,POST,/follow,4.900000,0.000000,4,6,11,13,20,28,34,34,34,34,34,153,0,4,59.19265114970306,1.9779580034082755,1002.3304580026888,17.0
1787658073,100,POST,/posts,6.500000,0.000000,5,5,7,8,13,21,29,37,37,37,37,278,1,6,42.13367270447817,1.9153749963152222,1041.9155420022435,168.39208633093526
1787658073,100,,Aggregated,51.100000,0.100000,21,22,24,27,34,38,43,51,71,71,71,1785,5,21,65.54928389290255,1.9153749963152222,1155.0821249984438,2983.3131652661064
1787658074,100,GET,/feed,37.800000,0.100000,21,23,25,28,34,40,45,52,71,71,71,1395,5,22,69.63908371188963,1.4152919975458644,1155.0821249984438,3893.9928315412185
1787658074,100,POST,/follow,3.900000,0.000000,4,6,12,13,20,28,34,34,34,34,34,156,0,4,58.22514183273597,1.9017079976038076,1002.3304580026888,17.0
1787658074,100,POST,/posts,6.500000,0.000000,5,5,7,8,13,21,29,37,37,37,37,285,1,6,41.260747118748874,1.9153749963152222,1041.9155420022435,168.40701754385964
1787658074,100,,Aggregated,48.200000,0.100000,21,22,24,26,33,38,43,51,71,71,71,1836,6,21,64.26413770851649,1.4152919975458644,1155.0821249984438,2986.2570806100216
1787658075,100,GET,/feed,38.900000,0.100000,22,23,25,28,34,40,46,52,71,71,71,1425,5,22,68.67962230391097,1.4152919975458644,1155.0821249984438,3894.2877192982455
1787658075,100,POST,/follow,3.400000,0.000000,4,6,12,16,22,28,34,34,34,34,34,156,0,4,58.22514183273597,1.9017079976038076,1002.3304580026888,17.0
1787658075,100,POST,/posts,6.700000,0.000000,5,6,7,8,12,18,29,37,37,37,37,290,1,6,40.66958998218038,1.9153749963152222,1041.9155420022435,168.41724137931035
1787658075,100,,Aggregated,49.000000,0.100000,21,22,24,26,33,39,44,51,71,71,71,1871,6,21,63.46646980428235,1.4152919975458644,1155.0821249984438,2993.507749866382
1787658076,100,GET,/feed,39.500000,0.100000,21,23,24,25,32,36,40,51,71,71,71,1471,5,22,67.25187567443935,1.4152919975458644,1155.0821249984438,3894.716519374575
1787658076,100,POST,/follow,3.600000,0.000000,4,5,13,16,20,22,28,28,28,28,28,161,0,4,56.72240295599798,1.9017079976038076,1002.3304580026888,17.0
1787658076,100,POST,/posts,6.900000,0.000000,5,5,6,7,12,13,29,37,37,37,37,298,1,5,39.69608895914651,1.9153749963152222,1041.9155420022435,168.43288590604027
1787658076,100,,Aggregated,50.000000,0.100000,21,22,23,24,31,35,39,47,71,71,71,1930,6,21,62.11878264395938,1.4152919975458644,1155.0821249984438,2995.884974093264
1787658077,100,GET,/feed,38.300000,0.100000,22,23,24,25,31,35,39,47,71,71,71,1503,5,22,66.29152405663034,1.4152919975458644,1155.0821249984438,3894.9993346640053
1787658077,100,POST,/follow,3.200000,0.000000,4,5,12,17,20,22,28,28,28,28,28,165,0,4,55.44893333276515,1.9017079976038076,1002.3304580026888,17.0
1787658077,100,POST,/posts,6.700000,0.000000,5,5,6,7,12,13,29,37,37,37,37,308,1,5,38.548228395519764,1.9153749963152222,1041.9155420022435,168.4512987012987
1787658077,100,,Aggregated,48.200000,0.100000,21,22,23,24,28,34,38,42,71,71,71,1976,6,21,61.06178593261222,1.4152919975458644,1155.0821249984438,2990.31983805668
1787658078,100,GET,/feed,38.700000,0.100000,21,23,24,25,30,35,39,47,71,71,71,1545,5,22,65.06831995023639,1.4152919975458644,1155.0821249984438,3895.3527508090615
1787658078,100,POST,/follow,3.500000,0.000000,4,5,5,12,20,22,28,28,28,28,28,168,0,4,54.5244503982758,1.9017079976038076,1002.3304580026888,17.0
1787658078,100,POST,/posts,6.500000,0.000000,5,5,6,7,12,18,29,37,37,37,37,316,1,5,37.75258772726328,1.9153749963152222,1041.9155420022435,168.46518987341773
1787658078,100,,Aggregated,48.700000,0.100000,21,22,23,24,28,33,39,42,71,71,71,2029,6,21,59.94109399302156,1.4152919975458644,1155.0821249984438,2993.795465746673
1787658079,100,GET,/feed,38.700000,0.100000,21,22,23,24,29,34,39,42,71,71,71,1587,5,22,63.92665531954703,1.4152919975458644,1155.0821249984438,3895.6874606175174
1787658079,100,POST,/follow,3.400000,0.000000,4,5,5,12,19,20,22,22,22,22,22,170,0,4,53.92784877596355,1.9017079976038076,1002.3304580026888,17.0
1787658079,100,POST,/posts,6.900000,0.000000,5,5,6,7,10,18,29,37,37,37,37,325,1,5,36.837493113304774,1.9153749963152222,1041.9155420022435,168.48
1787658079,100,,Aggregated,49.000000,0.100000,21,22,23,23,28,33,38,41,71,71,71,2082,6,21,58.881614575340535,1.4152919975458644,1155.0821249984438,2997.1671469740636
1787658080,100,GET,/feed,38.800000,0.100000,21,22,23,24,28,33,38,42,71,71,71,1628,5,22,62.846991907317985,1.4152919975458644,1155.0821249984438,3895.997542997543
1787658080,100,POST,/follow,3.300000,0.000000,4,5,12,17,20,22,23,23,23,23,23,172,0,4,53.44265383089721,1.8967919968417846,1002.3304580026888,17.0
1787658080,100,POST,/posts,7.500000,0.000000,5,5,6,6,9,18,29,37,37,37,37,334,1,5,35.97682288570419,1.9153749963152222,1041.9155420022435,168.49401197604791
1787658080,100,,Aggregated,49.600000,0.100000,21,21,22,23,27,32,37,41,71,71,71,2134,6,21,57.88345741698838,1.4152919975458644,1155.0821249984438,2999.9461105904406
1787658081,100,GET,/feed,38.800000,0.100000,21,22,23,24,29,33,37,39,42,42,42,1663,6,22,62.012527979630114,1.4152919975458644,1155.0821249984438,3893.900180396873
1787658081,100,POST,/follow,2.800000,0.000000,4,5,5,12,20,22,23,23,23,23,23,178,0,4,51.76832327483323,1.8967919968417846,1002.3304580026888,17.0
1787658081,100,POST,/posts,7.400000,0.000000,5,5,5,6,8,12,19,29,29,29,29,342,1,5,35.24636808722055,1.9153749963152222,1041.9155420022435,168.50584795321637
1787658081,100,,Aggregated,49.000000,0.100000,21,21,22,23,27,31,35,39,42,42,42,2183,7,21,56.983899889544034,1.4152919975458644,1155.0821249984438,2994.141548327989
1787658082,100,GET,/feed,38.600000,0.100000,21,22,23,24,29,33,37,39,42,42,42,1705,6,22,61.08635773674361,1.4152919975458644,1155.0821249984438,3894.247507331378
1787658082,100,POST,/follow,2.600000,0.000000,4,5,9,12,20,23,36,36,36,36,36,181,0,4,51.15141022607275,1.8967919968417846,1002.3304580026888,17.0
1787658082,100,POST,/posts,8.000000,0.000000,5,5,5,6,8,12,18,19,19,19,19,348,1,5,34.75392448228962,1.9153749963152222,1041.9155420022435,168.51436781609195
1787658082,100,,Aggregated,49.200000,0.100000,21,22,23,23,28,32,35,39,42,42,42,2234,7,21,56.17950354158631,1.4152919975458644,1155.0821249984438,2999.736794986571
1787658083,100,GET,/feed,38.300000,0.200000,21,22,23,23,28,32,35,39,42,42,42,1745,6,22,60.15260634276039,1.4152919975458644,1155.0821249984438,3894.562750716332
1787658083,100,POST,/follow,2.900000,0.000000,4,5,5,9,20,23,36,36,36,36,36,184,0,4,50.47184805390197,1.8967919968417846,1002.3304580026888,17.0
1787658083,100,POST,/posts,7.700000,0.000000,5,5,5,6,8,10,14,19,19,19,19,354,1,5,34.26089410408743,1.9153749963152222,1041.9155420022435,168.5225988700565
1787658083,100,,Aggregated,48.900000,0.200000,20,21,22,23,26,31,34,38,42,42,42,2283,7,21,55.35763233590968,1.4152919975458644,1155.0821249984438,3004.2912833990363
1787658084,110,GET,/feed,39.300000,0.200000,21,22,23,24,30,38,52,87,110,110,110,1791,6,22,59.53268715303827,1.4152919975458644,1155.0821249984438,3894.9078726968173
1787658084,110,POST,/follow,3.100000,0.000000,4,5,11,17,26,36,66,66,66,66,66,192,0,4,49.120709629657235,1.8967919968417846,1002.3304580026888,17.0
1787658084,110,POST,/posts,7.600000,0.000000,5,5,6,7,10,19,91,99,99,99,99,364,1,5,34.099744309979535,1.9153749963152222,1041.9155420022435,168.53571428571428
1787658084,110,,Aggregated,50.000000,0.200000,20,21,22,23,29,37,66,91,110,110,110,2347,7,21,54.7364831141109,1.4152919975458644,1155.0821249984438,2999.7405198125266
1787658085,120,GET,/feed,38.500000,0.200000,21,22,23,25,32,42,65,87,110,110,110,1835,6,22,58.74711452264526,1.4152919975458644,1155.0821249984438,3895.2217983651226
1787658085,120,POST,/follow,3.500000,0.000000,4,4,9,20,27,36,66,66,66,66,66,194,0,4,48.77022013860153,1.8967919968417846,1002.3304580026888,17.0
1787658085,120,POST,/posts,7.300000,0.000000,5,5,6,8,14,30,91,99,99,99,99,375,1,5,33.53855636225004,1.9153749963152222,1041.9155420022435,168.54933333333332
1787658085,120,,Aggregated,49.300000,0.200000,20,21,22,24,30,41,66,91,110,110,110,2404,7,21,54.0097073593122,1.4152919975458644,1155.0821249984438,3000.9301164725457
1787658086,130,GET,/feed,39.000000,0.100000,21,22,24,27,35,49,80,87,110,110,110,1894,6,22,57.82788330732175,1.4152919975458644,1155.0821249984438,3895.6198521647307
1787658086,130,POST,/follow,3.400000,0.000000,4,5,9,20,29,44,66,66,66,66,66,201,0,4,47.43708891983622,1.8967919968417846,1002.3304580026888,17.0
1787658086,130,POST,/posts,8.000000,0.000000,5,6,8,10,23,44,91,99,99,99,99,385,1,5,32.96228791129709,1.9153749963152222,1041.9155420022435,168.56103896103897
1787658086,130,,Aggregated,50.400000,0.100000,20,21,23,25,33,48,68,87,110,110,110,2480,7,21,53.125543025324134,1.4152919975458644,1155.0821249984438,3002.6681451612903
1787658087,140,GET,/feed,39.900000,0.100000,21,23,27,29,44,72,84,92,110,110,110,1951,6,22,57.33644623529376,1.4152919975458644,1155.0821249984438,3895.9815479241415
1787658087,140,POST,/follow,3.800000,0.000000,4,9,23,26,29,44,74,74,74,74,74,209,0,4,46.45409587985567,1.8967919968417846,1002.3304580026888,17.0
1787658087,140,POST,/posts,8.300000,0.000000,5,6,10,13,30,58,91,99,99,99,99,391,1,5,32.89372605843516,1.9153749963152222,1041.9155420022435,168.56777493606137
1787658087,140,,Aggregated,52.000000,0.100000,21,22,25,29,42,68,84,92,110,110,110,2551,7,21,52.69845532449867,1.4152919975458644,1155.0821249984438,3006.8690709525677
1787658088,150,GET,/feed,41.400000,0.100000,21,24,28,32,46,72,86,92,110,110,110,2015,6,22,56.426406108226686,1.4152919975458644,1155.0821249984438,3896.363275434243
1787658088,150,POST,/follow,3.800000,0.000000,4,9,25,26,36,48,74,74,74,74,74,213,0,4,45.85917427646846,1.8967919968417846,1002.3304580026888,17.0
1787658088,150,POST,/posts,8.800000,0.000000,5,8,13,23,43,58,91,99,99,99,99,403,1,5,32.41537730977928,1.9153749963152222,1041.9155420022435,168.58064516129033
1787658088,150,,Aggregated,54.000000,0.100000,21,23,27,30,44,68,84,92,110,110,110,2631,7,21,51.893048074802586,1.4152919975458644,1155.0821249984438,3011.300266058533
1787658089,160,GET,/feed,44.200000,0.100000,22,27,32,39,68,84,99,110,120,120,120,2092,6,22,56.05731949813084,1.4152919975458644,1155.0821249984438,3896.791586998088
1787658089,160,POST,/follow,4.400000,0.000000,4,9,26,27,44,65,74,74,74,74,74,214,0,4,45.94871454619096,1.8967919968417846,1002.3304580026888,17.0
1787658089,160,POST,/posts,8.500000,0.000000,6,10,20,26,46,65,91,99,99,99,99,413,1,5,32.317690609752894,1.9153749963152222,1041.9155420022435,168.590799031477
1787658089,160,,Aggregated,57.100000,0.100000,21,25,31,37,64,84,99,110,120,120,120,2719,7,21,51.655808578448884,1.4152919975458644,1155.0821249984438,3025.139389481427
1787658090,170,GET,/feed,46.400000,0.100000,23,29,39,45,76,87,99,110,120,120,120,2158,6,22,55.67904540181017,1.4152919975458644,1155.0821249984438,3897.1343836886003
1787658090,170,POST,/follow,4.400000,0.000000,5,20,27,29,48,66,74,74,74,74,74,217,0,4,45.55216472755398,1.8967919968417846,1002.3304580026888,17.0
1787658090,170,POST,/posts,8.500000,0.000000,6,13,26,32,58,78,91,99,99,99,99,423,1,5,32.22268659772294,1.9153749963152222,1041.9155420022435,168.60047281323878
1787658090,170,,Aggregated,59.300000,0.100000,22,28,36,43,69,85,99,110,120,120,120,2798,7,21,51.34753257820671,1.4152919975458644,1155.0821249984438,3032.5314510364547
1787658091,180,GET,/feed,49.300000,0.100000,25,35,45,55,76,87,99,110,120,120,120,2233,6,22,55.271446828982626,1.4152919975458644,1155.0821249984438,3897.499328257949
1787658091,180,POST,/follow,4.400000,0.000000,8,26,29,42,49,65,74,74,74,74,74,224,0,4,44.999456642244695,1.8967919968417846,1002.3304580026888,17.0
1787658091,180,POST,/posts,8.800000,0.000000,8,21,34,44,59,78,91,99,99,99,99,438,1,5,32.13140566628461,1.9153749963152222,1041.9155420022435,168.61415525114154
1787658091,180,,Aggregated,62.500000,0.100000,23,32,43,50,71,85,99,110,120,120,120,2895,7,21,50.975673484909734,1.4152919975458644,1155.0821249984438,3033.083592400691
1787658092,190,GET,/feed,52.400000,0.100000,26,37,46,56,75,87,99,110,120,120,120,2297,6,22,54.73547588250332,1.4152919975458644,1155.0821249984438,3897.791902481498
1787658092,190,POST,/follow,4.400000,0.000000,11,26,35,42,49,65,74,74,74,74,74,232,0,4,44.23710181840604,1.8967919968417846,1002.3304580026888,17.0
1787658092,190,POST,/posts,9.000000,0.000000,9,29,37,43,59,71,85,91,99,99,99,456,1,5,31.83303886582603,1.9153749963152222,1041.9155420022435,168.62938596491227
1787658092,190,,Aggregated,65.800000,0.100000,25,35,45,52,70,85,98,100,120,120,120,2985,7,21,50.42085810612965,1.4152919975458644,1155.0821249984438,3026.48810720268
1787658093,200,GET,/feed,54.800000,0.000000,27,38,47,56,73,85,97,110,120,120,120,2373,6,22,54.11390455839352,1.4152919975458644,1155.0821249984438,3898.118836915297
1787658093,200,POST,/follow,4.500000,0.000000,15,27,37,44,49,65,74,76,76,76,76,242,0,4,43.594020127574,1.8967919968417846,1002.3304580026888,17.0
1787658093,200,POST,/posts,9.500000,0.000000,9,30,39,43,59,67,78,84,85,85,85,474,1,6,31.53639972952999,1.9153749963152222,1041.9155420022435,168.64345991561183
1787658093,200,,Aggregated,68.800000,0.000000,25,36,45,54,70,82,93,100,120,120,120,3089,7,21,49.825283865243755,1.4152919975458644,1155.0821249984438,3021.782777597928
1787658094,200,GET,/feed,57.900000,0.000000,27,36,45,54,72,84,96,100,120,120,120,2446,6,22,53.26083627231645,1.4152919975458644,1155.0821249984438,3898.4137367130006
1787658094,200,POST,/follow,5.000000,0.000000,15,26,37,42,49,65,74,76,76,76,76,250,0,4,42.635022651491454,1.8967919968417846,1002.3304580026888,17.0
1787658094,200,POST,/posts,10.700000,0.000000,8,23,34,41,58,66,78,84,85,85,85,493,1,6,30.629876299810118,1.9153749963152222,1041.9155420022435,168.65720081135902
1787658094,200,,Aggregated,73.600000,0.000000,25,34,42,50,68,81,92,99,120,120,120,3189,7,21,48.92922238970377,1.4152919975458644,1155.0821249984438,3017.5346503606147
1787658095,200,GET,/feed,62.400000,0.000000,27,34,43,51,71,84,96,100,120,120,120,2521,6,22,52.44786821464247,1.4152919975458644,1155.0821249984438,3898.69892899643
1787658095,200,POST,/follow,5.700000,0.000000,13,25,29,38,49,65,74,76,76,76,76,256,0,4,41.88103628465001,1.8967919968417846,1002.3304580026888,17.0
1787658095,200,POST,/posts,12.100000,0.000000,8,20,34,40,58,66,78,84,85,85,85,508,1,5,29.998407834288564,1.9153749963152222,1041.9155420022435,168.66732283464566
1787658095,200,,Aggregated,80.200000,0.000000,25,33,41,46,66,81,92,99,120,120,120,3285,7,21,48.152758672086044,1.4152919975458644,1155.0821249984438,3019.3774733637747
1787658096,200,GET,/feed,64.500000,0.000000,27,34,42,47,66,81,94,100,120,120,120,2599,6,22,51.80880036482318,1.4152919975458644,1155.0821249984438,3898.97806848788
1787658096,200,POST,/follow,6.000000,0.000000,13,23,29,37,49,65,65,76,76,76,76,265,0,4,40.87057356930773,1.8967919968417846,1002.3304580026888,17.0
1787658096,200,POST,/posts,12.400000,0.000000,7,20,32,37,52,66,78,84,85,85,85,524,1,6,29.422473463365133,1.9153749963152222,1041.9155420022435,168.67748091603053
1787658096,200,,Aggregated,82.900000,0.000000,24,32,39,45,64,76,91,99,120,120,120,3388,7,21,47.490894403437224,1.4152919975458644,1155.0821249984438,3018.3990554899647
1787658097,200,GET,/feed,67.600000,0.000000,27,34,41,48,65,80,94,100,120,120,120,2676,6,22,51.19338259124569,1.4152919975458644,1155.0821249984438,3899.237668161435
1787658097,200,POST,/follow,6.100000,0.000000,15,26,29,36,49,65,65,76,76,76,76,270,0,4,40.41789936990999,1.8967919968417846,1002.3304580026888,17.0
1787658097,200,POST,/posts,13.300000,0.000000,7,16,28,36,56,66,78,84,85,85,85,540,1,6,28.927004188503982,1.9153749963152222,1041.9155420022435,168.68703703703704
1787658097,200,,Aggregated,87.000000,0.000000,24,32,39,45,64,76,91,99,120,120,120,3486,7,21,46.90961184906521,1.4152919975458644,1155.0821249984438,3020.665806081469
1787658098,200,GET,/feed,69.700000,0.000000,27,33,39,43,59,68,81,92,100,100,100,2755,6,22,50.530308584089795,1.4152919975458644,1155.0821249984438,3899.488929219601
1787658098,200,POST,/follow,6.200000,0.000000,13,20,29,29,46,49,65,76,76,76,76,278,0,4,39.493513621819936,1.8967919968417846,1002.3304580026888,17.0
1787658098,200,POST,/posts,13.600000,0.000000,8,16,25,33,48,61,71,78,85,85,85,550,1,6,28.690214112350738,1.9153749963152222,1041.9155420022435,168.69272727272727
1787658098,200,,Aggregated,89.500000,0.000000,23,31,37,41,58,66,78,90,100,100,100,3583,7,21,46.321466563724876,1.4152919975458644,1155.0821249984438,3025.564889757187
1787658099,200,GET,/feed,71.800000,0.000000,26,32,37,41,54,65,73,80,94,94,94,2835,6,22,49.927468966534896,1.4152919975458644,1155.0821249984438,3899.7291005291004
1787658099,200,POST,/follow,6.000000,0.000000,13,23,29,29,47,49,65,76,76,76,76,283,0,4,39.30349806666106,1.8967919968417846,1002.3304580026888,17.0
1787658099,200,POST,/posts,14.500000,0.000000,8,16,24,30,41,56,66,67,78,78,78,566,1,6,28.256880543800957,1.9153749963152222,1041.9155420022435,168.70141342756185
1787658099,200,,Aggregated,92.300000,0.000000,23,31,35,39,52,64,72,76,94,94,94,3684,7,21,45.78193780151543,1.4152919975458644,1155.0821249984438,3028.2377850162866
1787658100,200,GET,/feed,72.900000,0.000000,26,33,38,41,55,68,76,85,110,110,110,2909,6,22,49.75507874188365,1.4152919975458644,1155.0821249984438,3899.939498109316
1787658100,200,POST,/follow,6.200000,0.000000,10,20,29,29,42,56,76,81,81,81,81,293,0,4,38.463825497811236,1.8967919968417846,1002.3304580026888,17.0
1787658100,200,POST,/posts,14.700000,0.000000,8,16,23,28,37,52,62,67,78,78,78,577,1,6,27.985537933761016,1.9153749963152222,1041.9155420022435,168.70710571923743
1787658100,200,,Aggregated,93.800000,0.000000,23,31,36,39,52,65,75,83,110,110,110,3779,7,21,45.555723820793425,1.4152919975458644,1155.0821249984438,3029.1741201376026
1787658101,200,GET,/feed,73.500000,0.000000,27,34,39,44,72,410,480,500,550,550,550,2954,7,23,54.81190087548341,1.4152919975458644,1155.0821249984438,3898.739336492891
1787658101,200,POST,/follow,6.800000,0.000000,13,27,29,38,81,440,470,500,500,500,500,302,0,5,45.88496976774702,1.8967919968417846,1002.3304580026888,17.0
1787658101,200,POST,/posts,14.600000,0.000000,7,15,20,25,41,73,360,400,440,440,440,583,2,6,30.219411615427667,1.9153749963152222,1041.9155420022435,168.42024013722127
1787658101,200,,Aggregated,94.900000,0.000000,23,32,37,41,69,120,480,490,550,550,550,3839,9,21,50.37497604267568,1.4152919975458644,1155.0821249984438,3026.881740036468
1787658102,200,GET,/feed,74.500000,0.000000,29,38,49,73,190,430,480,500,550,550,550,3053,7,23,59.820740439626036,1.4152919975458644,1155.0821249984438,3899.0396331477236
1787658102,200,POST,/follow,7.600000,0.000000,13,28,36,77,150,440,470,500,500,500,500,308,0,5,48.05412336319531,1.8967919968417846,1002.3304580026888,17.0
1787658102,200,POST,/posts,15.300000,0.000000,9,17,27,31,140,350,410,440,440,440,440,600,2,6,35.06355140798405,1.9153749963152222,1041.9155420022435,168.43666666666667
1787658102,200,,Aggregated,97.400000,0.000000,26,35,45,68,180,420,480,490,550,550,550,3961,9,22,55.15564791790782,1.4152919975458644,1155.0821249984438,3032.079272910881
1787658103,200,GET,/feed,72.800000,0.100000,30,38,50,73,190,430,480,500,550,550,550,3119,7,23,59.121493139520254,1.4152919975458644,1155.0821249984438,3899.229240141071
1787658103,200,POST,/follow,7.600000,0.000000,13,27,46,81,150,440,470,500,500,500,500,314,0,5,47.46331460783214,1.8967919968417846,1002.3304580026888,17.0
1787658103,200,POST,/posts,14.700000,0.100000,12,21,28,33,140,350,410,440,440,440,440,612,2,6,34.64561501275408,1.9153749963152222,1041.9155420022435,168.44771241830065
1787658103,200,,Aggregated,95.100000,0.200000,27,36,46,69,180,420,480,490,550,550,550,4045,9,22,54.513358288461916,1.4152919975458644,1155.0821249984438,3033.405191594561
1787658104,200,GET,/feed,74.700000,0.100000,30,39,51,73,190,430,480,500,550,550,550,3194,7,23,58.38190790705463,1.4152919975458644,1155.0821249984438,3899.4351909830934
1787658104,200,POST,/follow,7.600000,0.000000,11,27,36,77,150,440,470,500,500,500,500,325,0,5,46.050839725738534,1.8967919968417846,1002.3304580026888,17.0
1787658104,200,POST,/posts,14.300000,0.100000,12,22,30,33,140,350,410,440,440,440,440,628,2,6,34.07706351719556,1.9153749963152222,1041.9155420022435,168.46178343949043
1787658104,200,,Aggregated,96.600000,0.200000,27,36,48,69,180,420,480,490,550,550,550,4147,9,22,53.7349246816485,1.4152919975458644,1155.0821249984438,3030.1700024113816
1787658105,200,GET,/feed,74.100000,0.100000,30,39,50,73,190,430,480,500,550,550,550,3269,7,23,57.764531604829706,1.4152919975458644,1155.0821249984438,3899.631691648822
1787658105,200,POST,/follow,7.000000,0.000000,10,21,36,68,150,440,470,500,500,500,500,336,0,5,45.01542867523139,1.8967919968417846,1002.3304580026888,17.0
1787658105,200,POST,/posts,13.600000,0.100000,12,21,28,33,140,350,410,440,440,440,440,643,2,6,33.5499793495905,1.9153749963152222,1041.9155420022435,168.47433903576982
1787658105,200,,Aggregated,94.700000,0.200000,27,36,47,68,180,420,480,490,550,550,550,4248,9,22,53.09088384483351,1.4152919975458644,1155.0821249984438,3027.7629472693034
1787658106,200,GET,/feed,74.300000,0.100000,31,40,52,74,210,430,480,500,550,550,550,3344,7,23,57.248939425287396,1.4152919975458644,1155.0821249984438,3899.8193779904304
1787658106,200,POST,/follow,7.400000,0.000000,10,21,36,47,150,440,470,500,500,500,500,344,0,5,44.27063903160668,1.8967919968417846,1002.3304580026888,17.0
1787658106,200,POST,/posts,13.600000,0.100000,13,22,30,34,140,350,410,440,440,440,440,662,2,6,32.98435519908216,1.9153749963152222,1041.9155420022435,168.48942598187313
1787658106,200,,Aggregated,95.300000,0.200000,27,37,50,68,180,420,480,490,550,550,550,4350,9,22,52.52993020846578,1.4152919975458644,1155.0821249984438,3024.9158620689655
1787658107,200,GET,/feed,74.800000,0.100000,30,39,52,75,210,430,480,500,550,550,550,3414,7,23,56.57864148158169,1.4152919975458644,1155.0821249984438,3899.9871118922088
1787658107,200,POST,/follow,7.900000,0.000000,10,20,35,47,150,440,470,500,500,500,500,353,0,5,43.35734323476753,1.8967919968417846,1002.3304580026888,17.0
1787658107,200,POST,/posts,13.100000,0.100000,12,21,28,33,140,350,410,440,440,440,440,679,2,6,32.40765742089192,1.9153749963152222,1041.9155420022435,168.50220913107512
1787658107,200,,Aggregated,95.800000,0.200000,26,36,49,68,180,420,480,490,550,550,550,4446,9,22,51.83747718596006,1.4152919975458644,1155.0821249984438,3021.8106162843005
1787658108,200,GET,/feed,75.000000,0.100000,30,39,53,75,210,430,480,500,550,550,550,3490,7,23,55.95335567626571,1.4152919975458644,1155.0821249984438,3900.161604584527
1787658108,200,POST,/follow,7.700000,0.000000,10,19,34,46,150,440,470,500,500,500,500,362,0,5,42.67017632006193,1.8967919968417846,1002.3304580026888,17.0
1787658108,200,POST,/posts,13.400000,0.100000,11,19,26,31,140,350,410,440,440,440,440,693,2,6,31.949550044457602,1.9153749963152222,1041.9155420022435,168.51226551226551
1787658108,200,,Aggregated,96.100000,0.200000,26,36,48,68,180,420,480,490,550,550,550,4545,9,22,51.23539126927148,1.4152919975458644,1155.0821249984438,3021.891529152915
1787658109,200,GET,/feed,73.600000,0.100000,33,51,91,120,220,440,480,500,550,550,550,3560,7,23,56.90196563010135,1.4152919975458644,1155.0821249984438,3900.3157303370785
1787658109,200,POST,/follow,8.200000,0.000000,15,29,68,97,150,440,470,500,500,500,500,368,0,5,43.61514774146876,1.8967919968417846,1002.3304580026888,17.0
1787658109,200,POST,/posts,13.500000,0.100000,14,27,72,96,140,350,410,440,440,440,440,709,2,6,33.414568893946964,1.9153749963152222,1041.9155420022435,168.52327221438645
1787658109,200,,Aggregated,95.300000,0.200000,30,47,85,110,180,420,480,490,550,550,550,4637,9,22,52.25626511922142,1.4152919975458644,1155.0821249984438,3021.536122492991
1787658110,200,GET,/feed,73.200000,0.100000,33,51,84,110,160,410,480,490,550,550,550,3635,7,23,57.04179265616193,1.4152919975458644,1155.0821249984438,3900.4742778541954
1787658110,200,POST,/follow,8.300000,0.000000,14,22,43,57,140,390,470,500,500,500,500,374,0,5,43.3848819996451,1.8967919968417846,1002.3304580026888,17.0
1787658110,200,POST,/posts,14.500000,0.100000,15,31,64,95,140,300,410,440,440,440,440,729,2,6,33.68696949083568,1.9153749963152222,1041.9155420022435,168.5363511659808
1787658110,200,,Aggregated,96.000000,0.200000,30,48,78,110,160,410,470,490,550,550,550,4738,9,22,52.37033831402176,1.4152919975458644,1155.0821249984438,3019.7224567327985
1787658111,200,GET,/feed,73.300000,0.100000,30,41,51,62,100,120,150,160,200,200,200,3707,7,23,56.76604237960654,1.4152919975458644,1155.0821249984438,3900.6204478014565
1787658111,200,POST,/follow,8.500000,0.000000,10,17,22,29,57,99,120,130,130,130,130,378,0,5,43.007505605452,1.8967919968417846,1002.3304580026888,17.0
1787658111,200,POST,/posts,15.000000,0.100000,11,21,31,41,95,110,130,130,140,140,140,744,2,6,33.292504713460005,1.9153749963152222,1041.9155420022435,168.54569892473117
1787658111,200,,Aggregated,96.800000,0.200000,25,37,47,57,96,120,140,150,200,200,200,4829,9,22,52.0725159923124,1.4152919975458644,1155.0821249984438,3021.6243528680884
1787658112,200,GET,/feed,72.100000,0.100000,31,41,52,60,91,110,130,150,200,200,200,3777,7,24,56.363953561082695,1.4152919975458644,1155.0821249984438,3900.757214720678
1787658112,200,POST,/follow,8.000000,0.000000,10,18,25,37,57,97,120,130,130,130,130,385,0,6,42.74196015807343,1.8967919968417846,1002.3304580026888,17.0
1787658112,200,POST,/posts,14.800000,0.100000,11,21,32,36,88,100,110,130,140,140,140,759,3,6,32.93567046613435,1.656333995924797,1041.9155420022435,168.3320158102767
1787658112,200,,Aggregated,94.900000,0.200000,26,38,48,55,90,110,130,140,200,200,200,4921,10,22,51.68471472157358,1.4152919975458644,1155.0821249984438,3021.2292217029058
1787658113,200,GET,/feed,74.400000,0.000000,32,44,54,64,91,110,130,150,200,200,200,3862,7,24,56.016860299118214,1.4152919975458644,1155.0821249984438,3900.9166235111343
1787658113,200,POST,/follow,8.000000,0.000000,13,21,34,38,57,97,120,130,130,130,130,394,0,6,42.18178456308285,1.8967919968417846,1002.3304580026888,17.0
1787658113,200,POST,/posts,16.100000,0.000000,11,21,34,41,88,100,110,130,140,140,140,775,3,6,32.65822963328138,1.656333995924797,1041.9155420022435,168.3458064516129
1787658113,200,,Aggregated,98.500000,0.000000,28,39,51,59,90,110,130,140,200,200,200,5031,10,22,51.33509551954726,1.4152919975458644,1155.0821249984438,3021.7662492546215
1787658114,210,GET,/feed,73.100000,0.000000,33,46,58,68,100,120,130,150,200,200,200,3943,7,24,55.8796403581552,1.4152919975458644,1155.0821249984438,3901.0621354298755
1787658114,210,POST,/follow,7.700000,0.000000,15,23,37,39,62,97,120,130,130,130,130,401,0,6,41.95525736121682,1.8967919968417846,1002.3304580026888,17.0
1787658114,210,POST,/posts,15.800000,0.100000,13,24,34,44,90,100,110,130,140,140,140,793,3,6,32.53404897830015,1.656333995924797,1041.9155420022435,168.36065573770492
1787658114,210,,Aggregated,96.600000,0.100000,29,42,53,64,96,120,130,140,200,200,200,5137,10,22,51.188822459382116,1.4152919975458644,1155.0821249984438,3021.649795600545
1787658115,220,GET,/feed,73.100000,0.000000,37,54,68,77,100,120,130,150,200,200,200,4045,7,24,55.972125929843905,1.4152919975458644,1155.0821249984438,3901.2370828182943
1787658115,220,POST,/follow,8.200000,0.000000,19,31,39,44,62,97,120,130,130,130,130,409,0,6,41.898406967825984,1.8967919968417846,1002.3304580026888,17.0
1787658115,220,POST,/posts,16.200000,0.100000,15,32,41,54,90,100,110,130,140,140,140,809,3,7,32.66556706526737,1.656333995924797,1041.9155420022435,168.3733003708282
1787658115,220,,Aggregated,97.500000,0.100000,33,48,64,73,96,110,130,140,200,200,200,5263,10,22,51.295865778426894,1.4152919975458644,1155.0821249984438,3025.5882576477293
1787658116,230,GET,/feed,75.500000,0.000000,40,57,69,79,100,120,130,150,200,200,200,4137,7,25,55.69452017603655,1.4152919975458644,1155.0821249984438,3901.3874788494077
1787658116,230,POST,/follow,7.500000,0.000000,24,38,44,54,82,97,120,130,130,130,130,416,0,6,41.85248766068001,1.8967919968417846,1002.3304580026888,17.0
1787658116,230,POST,/posts,16.500000,0.100000,21,34,44,59,90,100,110,130,140,140,140,826,3,7,32.598801508237784,1.656333995924797,1041.9155420022435,168.38619854721549
1787658116,230,,Aggregated,99.500000,0.100000,36,52,65,74,96,110,130,140,200,200,200,5379,10,22,51.07742607936614,1.4152919975458644,1155.0821249984438,3027.7373117679867
1787658117,240,GET,/feed,76.200000,0.000000,44,61,74,83,110,120,140,150,200,200,200,4241,7,25,55.82221397529028,1.4152919975458644,1155.0821249984438,3901.5496345201605
1787658117,240,POST,/follow,7.100000,0.000000,24,36,41,54,74,97,120,130,130,130,130,431,0,7,41.20208534767679,1.8967919968417846,1002.3304580026888,17.0
1787658117,240,POST,/posts,16.700000,0.100000,27,40,59,68,95,110,120,130,140,140,140,842,3,7,32.87063816959379,1.656333995924797,1041.9155420022435,168.3978622327791
1787658117,240,,Aggregated,100.000000,0.100000,40,56,69,80,100,120,130,140,170,200,200,5514,10,23,51.174680013212324,1.4152919975458644,1155.0821249984438,3027.854552049329
1787658118,250,GET,/feed,77.700000,0.000000,39,53,65,73,98,120,130,150,200,200,200,4323,7,25,55.349125543405286,1.4152919975458644,1155.0821249984438,3901.671987046033
1787658118,250,POST,/follow,7.600000,0.000000,22,31,37,40,57,74,85,130,130,130,130,440,0,7,40.61415803602854,1.8967919968417846,1002.3304580026888,17.0
1787658118,250,POST,/posts,16.800000,0.100000,21,32,39,44,68,93,120,130,140,140,140,868,3,7,32.36709087419169,1.656333995924797,1041.9155420022435,168.41589861751152
1787658118,250,,Aggregated,102.100000,0.100000,36,48,60,67,92,120,130,140,170,200,200,5631,10,23,50.65514724539016,1.4152919975458644,1155.0821249984438,3022.659030367608
1787658119,260,GET,/feed,80.800000,0.000000,40,54,66,73,94,120,130,140,160,160,160,4418,7,25,55.78654480989275,1.4152919975458644,1155.0821249984438,3901.8080579447715
1787658119,260,POST,/follow,7.500000,0.000000,22,34,38,46,66,85,110,120,120,120,120,449,0,7,41.0795961288386,1.8967919968417846,1002.3304580026888,17.0
1787658119,260,POST,/posts,16.600000,0.100000,22,33,41,45,77,120,130,140,140,140,140,890,3,7,33.29664035821255,1.656333995924797,1041.9155420022435,168.4303370786517
1787658119,260,,Aggregated,104.900000,0.100000,36,49,62,68,90,120,130,140,150,160,160,5757,10,23,51.16270688740036,1.4152919975458644,1155.0821249984438,3021.664755949279
1787658120,270,GET,/feed,83.000000,0.000000,46,66,81,92,140,360,400,410,440,440,440,4498,7,26,60.58874049980167,1.4152919975458644,1155.0821249984438,3901.9181858603824
1787658120,270,POST,/follow,7.800000,0.000000,29,40,58,68,330,370,400,420,420,420,420,458,0,8,47.17271778567383,1.8967919968417846,1002.3304580026888,17.0
1787658120,270,POST,/posts,16.800000,0.100000,27,41,61,77,140,330,380,390,420,420,420,906,3,8,38.000427384971765,1.656333995924797,1041.9155420022435,168.44039735099338
1787658120,270,,Aggregated,107.600000,0.100000,41,62,79,90,150,350,390,410,440,440,440,5862,10,23,56.04941090493534,1.4152919975458644,1155.0821249984438,3021.3614807233025
1787658121,280,GET,/feed,84.100000,0.000000,51,79,110,140,400,450,600,620,660,660,660,4571,7,26,67.66946078168134,1.4152919975458644,1155.0821249984438,3902.0153139356817
1787658121,280,POST,/follow,7.800000,0.000000,32,62,95,330,420,580,630,650,650,650,650,468,0,8,57.465985125721396,1.8967919968417846,1002.3304580026888,17.0
1787658121,280,POST,/posts,17.300000,0.100000,31,52,82,120,350,410,570,610,620,620,620,917,3,8,43.471594239680186,1.656333995924797,1041.9155420022435,168.44711014176664
1787658121,280,,Aggregated,109.200000,0.100000,46,74,110,140,390,450,600,620,660,660,660,5956,10,23,63.14214878940392,1.4152919975458644,1155.0821249984438,3021.916386836803
1787658122,290,GET,/feed,85.900000,0.000000,63,110,240,390,630,710,740,760,780,780,780,4646,7,27,78.13979970771527,1.4152919975458644,1155.0821249984438,3902.111924235902
1787658122,290,POST,/follow,7.900000,0.000000,48,120,380,440,650,720,730,770,770,770,770,477,0,8,69.83744601013572,1.8967919968417846,1002.3304580026888,17.0
1787658122,290,POST,/posts,17.800000,0.100000,45,130,350,440,680,700,740,750,760,760,760,945,3,8,62.754387171214034,1.656333995924797,1041.9155420022435,168.46349206349205
1787658122,290,,Aggregated,111.600000,0.100000,60,120,330,390,660,710,740,760,780,780,780,6068,10,24,75.09111190930737,1.4152919975458644,1155.0821249984438,3015.247033618985
1787658123,300,GET,/feed,86.900000,0.000000,81,350,450,640,760,800,840,880,910,910,910,4730,8,27,90.86986999323854,0.5523750005522743,1155.0821249984438,3901.3902748414375
1787658123,300,POST,/follow,8.400000,0.000000,62,380,580,640,740,770,810,870,870,870,870,485,0,9,81.55944372334376,1.8967919968417846,1002.3304580026888,17.0
1787658123,300,POST,/posts,17.100000,0.100000,66,340,610,680,720,760,810,870,890,890,890,958,3,8,72.61710730040296,1.656333995924797,1041.9155420022435,168.47077244258872
1787658123,300,,Aggregated,112.400000,0.100000,80,350,460,650,750,800,840,880,900,910,910,6173,11,24,87.30568671110093,0.5523750005522743,1155.0821249984438,3016.8825530536205
1787658124,300,GET,/feed,85.700000,0.000000,140,460,710,760,890,950,980,1000,1000,1000,1000,4806,8,28,104.54827497357954,0.5523750005522743,1155.0821249984438,3901.4947981689556
1787658124,300,POST,/follow,9.000000,0.000000,95,420,640,700,760,810,950,1000,1000,1000,1000,488,0,9,87.00491230494484,1.8967919968417846,1014.5676659958554,17.0
1787658124,300,POST,/posts,18.100000,0.000000,120,440,680,700,760,890,950,1000,1000,1000,1000,966,3,9,79.9345183765824,1.656333995924797,1041.9155420022435,168.4751552795031
1787658124,300,,Aggregated,112.800000,0.000000,130,450,700,740,840,950,970,1000,1000,1000,1000,6260,11,25,99.38245231303742,0.5523750005522743,1155.0821249984438,3022.624121405751
1787658125,300,GET,/feed,86.500000,0.000000,390,710,780,820,970,1200,1300,1400,1500,1500,1500,4856,8,28,116.33392526812274,0.5523750005522743,1483.4301659939229,3901.5617792421745
1787658125,300,POST,/follow,8.900000,0.000000,330,580,700,730,780,940,1000,1100,1100,1100,1100,489,0,9,89.14090404870545,1.8967919968417846,1131.504875003884,17.0
1787658125,300,POST,/posts,18.200000,0.000000,330,660,700,720,870,1000,1100,1300,1300,1300,1300,972,3,9,86.68488889071405,1.656333995924797,1320.5334170052083,168.4783950617284
1787658125,300,,Aggregated,113.600000,0.000000,380,690,760,800,950,1100,1300,1400,1500,1500,1500,6317,11,25,109.66679676802191,0.5523750005522743,1483.4301659939229,3026.4457812252654
1787658126,300,GET,/feed,85.300000,0.100000,600,780,900,950,1300,1600,1700,1700,1700,1700,1700,4910,8,28,132.6753436386884,0.5523750005522743,1726.8935829997645,3901.6325865580447
1787658126,300,POST,/follow,8.800000,0.000000,440,700,750,780,1100,1600,1600,1600,1600,1600,1600,496,0,10,109.9588966629404,1.8967919968417846,1633.111707997159,17.0
1787658126,300,POST,/posts,17.500000,0.000000,480,700,760,870,1300,1500,1600,1600,1700,1700,1700,987,3,9,108.92292451955292,1.656333995924797,1663.2547500048531,168.48632218844986
1787658126,300,,Aggregated,111.600000,0.100000,590,760,870,950,1300,1600,1600,1700,1700,1700,1700,6393,11,25,127.24581206187649,0.5523750005522743,1726.8935829997645,3023.8923822931333
1787658127,300,GET,/feed,82.500000,0.100000,750,940,1100,1400,1800,1800,1900,1900,1900,1900,1900,4984,8,29,157.9807444937633,0.5523750005522743,1886.4036250015488,3901.7271268057784
1787658127,300,POST,/follow,8.400000,0.000000,700,810,1500,1600,1800,1800,1800,1900,1900,1900,1900,507,0,10,147.00040400357844,1.8967919968417846,1853.2579579987214,17.0
1787658127,300,POST,/posts,16.700000,0.000000,690,780,1000,1300,1600,1800,1900,1900,1900,1900,1900,999,3,10,129.55411766145974,1.656333995924797,1855.4562909994274,168.4924924924925
1787658127,300,,Aggregated,107.600000,0.100000,730,920,1100,1400,1800,1800,1900,1900,1900,1900,1900,6490,11,26,152.74727256248505,0.5523750005522743,1886.4036250015488,3023.597996918336
1787658128,300,GET,/feed,78.300000,0.100000,880,1200,1600,1700,1800,1800,1900,1900,1900,1900,1900,5061,8,29,181.58328342894737,0.5523750005522743,1886.4036250015488,3901.8225647105314
1787658128,300,POST,/follow,8.000000,0.000000,760,1500,1600,1600,1800,1800,1800,1900,1900,1900,1900,513,0,11,164.50106042264392,1.8967919968417846,1853.2579579987214,17.0
1787658128,300,POST,/posts,16.300000,0.000000,750,1100,1500,1600,1800,1800,1900,1900,1900,1900,1900,1014,3,10,152.63277136764947,1.656333995924797,1855.4562909994274,168.5
1787658128,300,,Aggregated,102.600000,0.100000,820,1200,1600,1700,1800,1800,1900,1900,1900,1900,1900,6588,11,26,175.79715719452258,0.5523750005522743,1886.4036250015488,3024.6970248937464
1787658129,300,GET,/feed,74.900000,0.100000,1000,1400,1600,1700,1800,1800,1900,1900,1900,1900,1900,5145,9,30,199.12260436110464,0.5523750005522743,1886.4036250015488,3901.1638483965016
1787658129,300,POST,/follow,7.800000,0.000000,950,1300,1600,1600,1800,1800,1800,1900,1900,1900,1900,522,0,11,181.60427521998545,1.8967919968417846,1853.2579579987214,17.0
1787658129,300,POST,/posts,15.700000,0.000000,1000,1500,1500,1600,1800,1800,1900,1900,1900,1900,1900,1035,3,11,174.7465683959477,1.656333995924797,1855.4562909994274,168.51014492753623
1787658129,300,,Aggregated,98.400000,0.100000,1000,1400,1600,1700,1800,1800,1900,1900,1900,1900,1900,6702,12,27,193.99372267868097,0.5523750005522743,1886.4036250015488,3022.1978513876456
1787658130,300,GET,/feed,73.500000,0.100000,1000,1400,1600,1700,1800,1800,1900,1900,1900,1900,1900,5226,9,30,211.43583144104733,0.5523750005522743,1886.4036250015488,3901.2698048220436
1787658130,300,POST,/follow,7.400000,0.000000,1000,1500,1600,1600,1800,1800,1800,1900,1900,1900,1900,530,0,12,193.23146681852896,1.8967919968417846,1853.2579579987214,17.0
1787658130,300,POST,/posts,14.700000,0.000000,1000,1500,1500,1600,1800,1800,1900,1900,1900,1900,1900,1044,3,11,181.8666326224089,1.656333995924797,1855.4562909994274,168.51436781609195
1787658130,300,,Aggregated,95.600000,0.100000,1000,1400,1600,1700,1800,1800,1900,1900,1900,1900,1900,6800,12,27,205.47722014448928,0.5523750005522743,1886.4036250015488,3025.4375
1787658131,300,GET,/feed,72.600000,0.100000,1000,1400,1600,1700,1800,1800,1900,1900,1900,1900,1900,5306,9,31,221.07387800413693,0.5523750005522743,1886.4036250015488,3901.3712777987184
1787658131,300,POST,/follow,7.100000,0.000000,1000,1500,1600,1600,1800,1800,1800,1900,1900,1900,1900,540,0,13,205.15655277002358,1.8967919968417846,1853.2579579987214,17.0
1787658131,300,POST,/posts,14.500000,0.000000,1100,1500,1600,1600,1800,1800,1900,1900,1900,1900,1900,1053,3,12,187.42714767310827,1.656333995924797,1855.4562909994274,168.5185185185185
1787658131,300,,Aggregated,94.200000,0.100000,1000,1500,1600,1700,1800,1800,1900,1900,1900,1900,1900,6899,12,28,214.69246581903823,0.5523750005522743,1886.4036250015488,3027.5845774749964
1787658132,300,GET,/feed,72.400000,0.200000,1100,1400,1600,1700,1800,1800,1900,1900,1900,1900,1900,5374,9,31,231.6094445215773,0.5523750005522743,1886.4036250015488,3901.455154447339
1787658132,300,POST,/follow,7.500000,0.000000,1100,1500,1600,1600,1800,1800,1800,1900,1900,1900,1900,548,0,13,217.6787612441689,1.8967919968417846,1853.2579579987214,17.0
1787658132,300,POST,/posts,14.100000,0.000000,1200,1500,1600,1700,1800,1800,1900,1900,1900,1900,1900,1064,3,12,196.3834266548782,1.656333995924797,1855.4562909994274,168.5234962406015
1787658132,300,,Aggregated,94.000000,0.200000,1100,1500,1600,1700,1800,1800,1900,1900,1900,1900,1900,6986,12,28,225.15160062719002,0.5523750005522743,1886.4036250015488,3028.2056971085026
1787658133,300,GET,/feed,72.400000,0.200000,1200,1400,1600,1700,1800,1800,1900,1900,1900,1900,1900,5451,9,32,245.00106212693615,0.5523750005522743,1886.4036250015488,3901.5476059438633
1787658133,300,POST,/follow,7.300000,0.000000,1100,1500,1600,1600,1800,1800,1800,1900,1900,1900,1900,556,0,14,231.03121244749548,1.8967919968417846,1853.2579579987214,17.0
1787658133,300,POST,/posts,13.600000,0.000000,1200,1500,1600,1700,1800,1800,1900,1900,1900,1900,1900,1075,3,12,206.23234011982106,1.656333995924797,1855.4562909994274,168.52837209302325
1787658133,300,,Aggregated,93.300000,0.200000,1200,1500,1600,1700,1800,1800,1900,1900,1900,1900,1900,7082,12,29,238.0194732284018,0.5523750005522743,1886.4036250015488,3029.928833662807
1787658134,300,GET,/feed,73.200000,0.200000,1200,1500,1600,1700,1800,1800,1900,1900,1900,1900,1900,5503,10,32,254.4182577815646,0.5523750005522743,1886.4036250015488,3900.898419044158
1787658134,300,POST,/follow,7.000000,0.000000,1200,1300,1600,1600,1800,1800,1800,1900,1900,1900,1900,567,0,16,251.07981525007622,1.8967919968417846,1853.2579579987214,17.0
1787658134,300,POST,/posts,12.300000,0.000000,1300,1500,1600,1600,1800,1800,1900,1900,1900,1900,1900,1093,3,13,223.31297560547046,1.656333995924797,1855.4562909994274,168.53613906678865
1787658134,300,,Aggregated,92.500000,0.200000,1200,1500,1600,1700,1800,1800,1900,1900,1900,1900,1900,7163,13,29,249.4076518435739,0.5523750005522743,1886.4036250015488,3023.941504956024
1787658135,300,GET,/feed,72.200000,0.200000,1200,1300,1500,1700,1800,1800,1900,1900,1900,1900,1900,5579,10,33,268.88518830111605,0.5523750005522743,1886.4036250015488,3900.995160423015
1787658135,300,POST,/follow,6.700000,0.000000,1200,1300,1300,1600,1800,1800,1800,1900,1900,1900,1900,571,0,16,258.3848576283478,1.8967919968417846,1853.2579579987214,17.0
1787658135,300,POST,/posts,11.900000,0.000000,1200,1300,1500,1600,1800,1800,1900,1900,1900,1900,1900,1104,3,13,234.0317814798808,1.656333995924797,1855.4562909994274,168.54076086956522
1787658135,300,,Aggregated,90.800000,0.200000,1200,1300,1500,1700,1800,1800,1900,1900,1900,1900,1900,7254,13,30,262.75424675923614,0.5523750005522743,1886.4036250015488,3027.2164323132065
1787658136,300,GET,/feed,70.200000,0.200000,1200,1300,1400,1400,1800,1800,1900,1900,1900,1900,1900,5651,10,33,281.9637060238817,0.5523750005522743,1886.4036250015488,3901.0844098389666
1787658136,300,POST,/follow,7.400000,0.000000,1200,1300,1300,1300,1600,1800,1800,1800,1800,1800,1800,576,0,16,267.47096758817355,1.8967919968417846,1853.2579579987214,17.0
1787658136,300,POST,/posts,12.100000,0.000000,1200,1300,1400,1400,1800,1800,1800,1800,1900,1900,1900,1120,3,13,249.24060878194854,1.656333995924797,1855.4562909994274,168.54732142857142
1787658136,300,,Aggregated,89.700000,0.200000,1200,1300,1400,1400,1700,1800,1900,1900,1900,1900,1900,7347,13,30,275.8390719895907,0.5523750005522743,1886.4036250015488,3027.574928542262
1787658137,300,GET,/feed,70.500000,0.200000,1200,1300,1300,1300,1400,1500,1700,1700,1700,1700,1700,5725,10,34,293.3668447578995,0.5523750005522743,1886.4036250015488,3901.1737991266377
1787658137,300,POST,/follow,8.000000,0.000000,1200,1200,1300,1300,1300,1500,1600,1600,1600,1600,1600,582,0,17,276.69064010101357,1.8967919968417846,1853.2579579987214,17.0
1787658137,300,POST,/posts,12.900000,0.000000,1200,1200,1300,1300,1400,1500,1600,1700,1700,1700,1700,1142,3,14,266.82550846738957,1.656333995924797,1855.4562909994274,168.55604203152365
1787658137,300,,Aggregated,91.400000,0.200000,1200,1200,1300,1300,1400,1500,1600,1700,1700,1700,1700,7449,13,31,287.9948811179381,0.5523750005522743,1886.4036250015488,3025.453752181501
1787658138,300,GET,/feed,73.000000,0.200000,1100,1200,1200,1300,1300,1400,1400,1400,1400,1400,1400,5799,10,35,302.7302463985034,0.5523750005522743,1886.4036250015488,3901.26090705294
1787658138,300,POST,/follow,8.000000,0.000000,1100,1200,1200,1200,1300,1300,1400,1400,1400,1400,1400,591,0,18,287.6185159996562,1.8967919968417846,1853.2579579987214,17.0
1787658138,300,POST,/posts,13.100000,0.000000,1200,1200,1200,1300,1300,1300,1400,1400,1400,1400,1400,1157,3,15,276.4218986264268,1.656333995924797,1855.4562909994274,168.56179775280899
1787658138,300,,Aggregated,94.100000,0.200000,1100,1200,1200,1300,1300,1400,1400,1400,1400,1400,1400,7547,13,32,297.5136317121362,0.5523750005522743,1886.4036250015488,3024.8423214522327
1787658139,300,GET,/feed,73.600000,0.200000,1200,1200,1200,1300,1300,1400,1400,1400,1400,1400,1400,5863,10,35,312.1472682984678,0.5523750005522743,1886.4036250015488,3901.334470407641
1787658139,300,POST,/follow,7.600000,0.000000,1100,1200,1200,1200,1300,1300,1400,1400,1400,1400,1400,598,0,19,297.74754779396744,1.8967919968417846,1853.2579579987214,17.0
1787658139,300,POST,/posts,13.800000,0.000000,1200,1200,1200,1300,1300,1300,1400,1400,1400,1400,1400,1167,3,15,284.14261239913645,1.656333995924797,1855.4562909994274,168.5655526992288
1787658139,300,,Aggregated,95.000000,0.200000,1200,1200,1200,1300,1300,1400,1400,1400,1400,1400,1400,7628,13,32,306.73399269592284,0.5523750005522743,1886.4036250015488,3025.7480335605665
1787658140,300,GET,/feed,73.800000,0.200000,1200,1200,1300,1300,1300,1400,1400,1400,1500,1500,1500,5913,10,36,320.63611153981293,0.5523750005522743,1886.4036250015488,3901.3908337561306
1787658140,300,POST,/follow,7.800000,0.000000,1200,1200,1300,1300,1300,1400,1400,1500,1500,1500,1500,611,0,20,318.95968111586507,1.8967919968417846,1853.2579579987214,17.0
1787658140,300,POST,/posts,14.200000,0.000000,1200,1200,1300,1300,1300,1400,1400,1500,1500,1500,1500,1184,3,16,298.9695651408633,1.656333995924797,1855.4562909994274,168.57179054054055
1787658140,300,,Aggregated,95.800000,0.200000,1200,1200,1300,1300,1300,1400,1400,1400,1500,1500,1500,7708,13,33,317.17509831648783,0.5523750005522743,1886.4036250015488,3020.096004151531
1787658141,300,GET,/feed,72.200000,0.200000,1200,1300,1300,1300,1400,1600,1700,1800,1800,1800,1800,5967,10,36,332.56369473636244,0.5523750005522743,1886.4036250015488,3901.450645215351
1787658141,300,POST,/follow,7.800000,0.000000,1200,1300,1300,1300,1400,1600,1700,1700,1700,1700,1700,619,0,20,335.1640564713877,1.8967919968417846,1853.2579579987214,17.0
1787658141,300,POST,/posts,13.500000,0.000000,1200,1300,1300,1300,1400,1600,1700,1700,1800,1800,1800,1196,3,16,312.34112883342897,1.656333995924797,1855.4562909994274,168.57608695652175
1787658141,300,,Aggregated,93.500000,0.200000,1200,1300,1300,1300,1400,1600,1700,1800,1800,1800,1800,7782,13,33,329.6625684313088,0.5523750005522743,1886.4036250015488,3018.7735800565406
1787658142,300,GET,/feed,70.000000,0.100000,1300,1300,1400,1400,1800,1800,1900,1900,1900,1900,1900,6025,10,37,346.88207389922997,0.5523750005522743,1896.4972909961944,3901.513692946058
1787658142,300,POST,/follow,8.000000,0.000000,1200,1300,1400,1400,1700,1800,1800,1900,1900,1900,1900,625,0,21,349.2068664604682,1.8967919968417846,1861.9550829971558,17.0
1787658142,300,POST,/posts,13.600000,0.000000,1300,1300,1400,1500,1800,1800,1800,1900,1900,1900,1900,1213,3,17,333.3047141383218,1.656333995924797,1861.3282500009518,168.5820280296785
1787658142,300,,Aggregated,91.600000,0.100000,1300,1300,1400,1400,1800,1800,1900,1900,1900,1900,1900,7863,13,34,344.9723267239523,0.5523750005522743,1896.4972909961944,3016.8809614650895
1787658143,300,GET,/feed,66.900000,0.100000,1300,1400,1700,1800,1800,1900,1900,1900,1900,1900,1900,6100,10,38,365.1239501834091,0.5523750005522743,1896.4972909961944,3901.593442622951
1787658143,300,POST,/follow,8.100000,0.000000,1300,1300,1400,1500,1800,1800,1900,1900,1900,1900,1900,628,0,21,356.3270329025373,1.8967919968417846,1861.9550829971558,17.0
1787658143,300,POST,/posts,14.000000,0.000000,1300,1400,1700,1800,1800,1800,1900,1900,1900,1900,1900,1226,3,18,349.0514235316451,1.656333995924797,1861.3282500009518,168.58646003262643
1787658143,300,,Aggregated,89.000000,0.100000,1300,1400,1600,1800,1800,1900,1900,1900,1900,1900,1900,7954,13,34,361.9520389780469,0.5523750005522743,1896.4972909961944,3019.497485541866
1787658144,310,GET,/feed,65.000000,0.100000,1300,1500,1700,1800,1800,1900,1900,1900,1900,1900,1900,6186,10,38,379.55292207416437,0.5523750005522743,1896.4972909961944,3901.682508891044
1787658144,310,POST,/follow,7.900000,0.000000,1300,1400,1500,1600,1800,1800,1900,1900,1900,1900,1900,641,0,22,377.8213627095265,1.8967919968417846,1861.9550829971558,17.0
1787658144,310,POST,/posts,14.300000,0.000000,1300,1500,1700,1800,1800,1800,1900,1900,1900,1900,1900,1241,3,19,361.52300695069243,1.656333995924797,1861.3282500009518,168.5914585012087
1787658144,310,,Aggregated,87.200000,0.100000,1300,1500,1700,1800,1800,1900,1900,1900,1900,1900,1900,8068,13,35,376.6420328549078,0.5523750005522743,1896.4972909961944,3018.830813088746
1787658145,320,GET,/feed,64.600000,0.100000,1200,1500,1700,1800,1800,1900,1900,1900,1900,1900,1900,6267,10,39,388.5530453090432,0.5523750005522743,1896.4972909961944,3901.764161480772
1787658145,320,POST,/follow,7.700000,0.000000,1200,1400,1500,1600,1800,1800,1900,1900,1900,1900,1900,652,0,24,388.36954747666766,1.8967919968417846,1861.9550829971558,17.0
1787658145,320,POST,/posts,14.800000,0.000000,1200,1500,1700,1800,1800,1800,1900,1900,1900,1900,1900,1256,3,20,369.73105669649794,1.656333995924797,1861.3282500009518,168.59633757961782
1787658145,320,,Aggregated,87.100000,0.100000,1200,1400,1700,1800,1800,1900,1900,1900,1900,1900,1900,8175,13,36,385.6466161611452,0.5523750005522743,1896.4972909961944,3018.3727217125384
1787658146,330,GET,/feed,66.400000,0.000000,1200,1500,1700,1800,1800,1900,1900,1900,1900,1900,1900,6347,10,40,397.24859046223656,0.5523750005522743,1896.4972909961944,3901.842760359225
1787658146,330,POST,/follow,7.600000,0.000000,1200,1400,1500,1500,1700,1800,1900,1900,1900,1900,1900,660,0,25,396.4313217118064,1.8967919968417846,1861.9550829971558,17.0
1787658146,330,POST,/posts,14.900000,0.000000,1200,1500,1700,1800,1800,1800,1900,1900,1900,1900,1900,1271,3,21,377.9269216182454,1.656333995924797,1861.3282500009518,168.6011014948859
1787658146,330,,Aggregated,88.900000,0.000000,1200,1400,1700,1800,1800,1800,1900,1900,1900,1900,1900,8278,13,37,394.2167906946602,0.5523750005522743,1896.4972909961944,3018.906499154385
1787658147,340,GET,/feed,68.800000,0.000000,1200,1500,1700,1800,1800,1900,1900,1900,1900,1900,1900,6424,10,41,405.2919037323861,0.5523750005522743,1896.4972909961944,3901.9165628891656
1787658147,340,POST,/follow,7.300000,0.000000,1200,1400,1500,1500,1700,1800,1900,1900,1900,1900,1900,670,0,26,406.1580122459581,1.8967919968417846,1861.9550829971558,17.0
1787658147,340,POST,/posts,15.000000,0.000000,1200,1500,1700,1800,1800,1800,1900,1900,1900,1900,1900,1281,3,21,382.9240412769629,1.656333995924797,1861.3282500009518,168.60421545667447
1787658147,340,,Aggregated,91.100000,0.000000,1200,1400,1700,1800,1800,1900,1900,1900,1900,1900,1900,8375,13,38,401.9399110038723,0.5523750005522743,1896.4972909961944,3020.0936119402986
1787658148,350,GET,/feed,68.900000,0.000000,1300,1500,1700,1800,1800,1900,1900,1900,1900,1900,1900,6499,10,42,416.24575601259534,0.5523750005522743,1896.4972909961944,3901.9867671949532
1787658148,350,POST,/follow,8.100000,0.000000,1200,1400,1500,1500,1700,1800,1900,1900,1900,1900,1900,675,0,27,412.6120761685565,1.8967919968417846,1861.9550829971558,17.0
1787658148,350,POST,/posts,14.900000,0.000000,1300,1500,1700,1800,1800,1800,1900,1900,1900,1900,1900,1290,3,22,389.51039412000233,1.656333995924797,1861.3282500009518,168.60697674418606
1787658148,350,,Aggregated,91.900000,0.000000,1300,1500,1700,1800,1800,1800,1900,1900,1900,1900,1900,8464,13,39,411.88122969688516,0.5523750005522743,1896.4972909961944,3023.155718336484
1787658149,360,GET,/feed,70.200000,0.000000,1400,1500,1700,1800,1800,1900,1900,1900,1900,1900,1900,6568,11,43,428.1932511915217,0.5523750005522743,1896.4972909961944,3901.454933008526
1787658149,360,POST,/follow,8.800000,0.000000,1300,1400,1500,1700,1800,1800,1900,1900,1900,1900,1900,680,0,28,420.7481256687863,1.8967919968417846,1861.9550829971558,17.0
1787658149,360,POST,/posts,14.600000,0.000000,1500,1600,1700,1800,1800,1800,1900,1900,1900,1900,1900,1309,3,23,406.0546226415492,1.656333995924797,1861.3282500009518,168.61268143621083
1787658149,360,,Aggregated,93.600000,0.000000,1400,1500,1700,1800,1800,1800,1900,1900,1900,1900,1900,8557,14,40,424.21497023705433,0.5523750005522743,1896.4972909961944,3021.7400958279773
1787658150,370,GET,/feed,69.000000,0.000000,1500,1700,1800,1800,1900,1900,1900,1900,2000,2000,2000,6639,11,44,443.44902462477864,0.5523750005522743,1984.2663750023348,3901.52492845308
1787658150,370,POST,/follow,8.600000,0.000000,1300,1500,1700,1700,1800,1900,1900,2000,2000,2000,2000,686,0,29,432.9696102358336,1.8967919968417846,1965.0060000058147,17.0
1787658150,370,POST,/posts,13.600000,0.000000,1500,1700,1800,1800,1800,1900,1900,2000,2000,2000,2000,1320,3,24,418.0889347521137,1.656333995924797,1972.966000001179,168.6159090909091
1787658150,370,,Aggregated,91.200000,0.000000,1500,1700,1800,1800,1900,1900,1900,1900,2000,2000,2000,8645,14,41,438.74524244979466,0.5523750005522743,1984.2663750023348,3023.3035280508966
1787658151,380,GET,/feed,70.300000,0.000000,1500,1800,1800,1800,1900,1900,1900,2000,2000,2000,2000,6699,11,44,456.58675455708146,0.5523750005522743,2024.7394170000916,3901.582922824302
1787658151,380,POST,/follow,8.400000,0.000000,1400,1700,1800,1800,1900,1900,2000,2000,2000,2000,2000,698,0,29,458.1483287332239,1.8967919968417846,1997.3583329992834,17.0
1787658151,380,POST,/posts,14.000000,0.000000,1500,1800,1800,1800,1900,1900,2000,2000,2000,2000,2000,1335,3,25,434.54319266501574,1.656333995924797,1972.966000001179,168.62022471910112
1787658151,380,,Aggregated,92.700000,0.000000,1500,1800,1800,1800,1900,1900,1900,2000,2000,2000,2000,8732,14,42,453.3414297344792,0.5523750005522743,2024.7394170000916,3020.3479157123224
1787658152,390,GET,/feed,70.600000,0.100000,1500,1800,1900,1900,2100,2100,2200,2200,2200,2200,2200,6774,11,45,475.05537159076465,0.5523750005522743,2184.9932089971844,3901.65397106584
1787658152,390,POST,/follow,7.800000,0.000000,1400,1700,1800,1900,2000,2100,2100,2200,2200,2200,2200,705,0,31,474.45246754863325,1.8967919968417846,2150.5762090018834,17.0
1787658152,390,POST,/posts,13.500000,0.000000,1500,1800,1800,1900,2000,2100,2100,2100,2100,2100,2100,1348,3,26,450.60296457550425,1.656333995924797,2139.7041660020477,168.62388724035608
1787658152,390,,Aggregated,91.900000,0.100000,1500,1800,1900,1900,2000,2100,2200,2200,2200,2200,2200,8827,14,43,471.2730115583328,0.5523750005522743,2184.9932089971844,3021.308938484196
1787658153,400,GET,/feed,73.200000,0.100000,1500,1900,1900,2100,2100,2200,2200,2200,2200,2200,2200,6854,11,46,494.3195094694819,0.5523750005522743,2184.9932089971844,3901.7280420192587
1787658153,400,POST,/follow,7.600000,0.000000,1400,1800,1900,2000,2100,2100,2100,2200,2200,2200,2200,711,0,34,487.9893936312227,1.8967919968417846,2150.5762090018834,17.0
1787658153,400,POST,/posts,14.400000,0.000000,1500,1900,2000,2000,2100,2100,2100,2100,2200,2200,2200,1367,3,28,473.35378072479426,1.656333995924797,2151.022791993455,168.6291148500366
1787658153,400,,Aggregated,95.200000,0.100000,1500,1900,1900,2000,2100,2200,2200,2200,2200,2200,2200,8932,14,44,490.60691838629793,0.5523750005522743,2184.9932089971844,3021.1651365875505
1787658154,400,GET,/feed,73.900000,0.100000,1800,2000,2100,2100,2100,2200,2200,2200,2200,2200,2200,6938,11,48,513.6106389797998,0.5523750005522743,2184.9932089971844,3901.8039780916693
1787658154,400,POST,/follow,7.600000,0.000000,1800,2000,2000,2100,2100,2100,2100,2200,2200,2200,2200,724,0,36,516.288906361608,1.8967919968417846,2150.5762090018834,17.0
1787658154,400,POST,/posts,13.900000,0.000000,1800,2000,2100,2100,2100,2100,2100,2100,2200,2200,2200,1383,3,29,491.8365432037513,1.656333995924797,2151.022791993455,168.63340563991324
1787658154,400,,Aggregated,95.400000,0.100000,1800,2000,2100,2100,2100,2200,2200,2200,2200,2200,2200,9045,14,45,510.4957126255869,0.5523750005522743,2184.9932089971844,3020.038032061913
1787658155,400,GET,/feed,74.900000,0.100000,1900,2000,2100,2100,2100,2200,2200,2200,2200,2200,2200,7018,11,50,530.3462279957055,0.5523750005522743,2192.2879579942673,3901.87460815047
1787658155,400,POST,/follow,8.100000,0.000000,1900,2000,2000,2100,2100,2100,2100,2200,2200,2200,2200,732,0,37,531.5513227429282,1.8967919968417846,2150.5762090018834,17.0
1787658155,400,POST,/posts,13.600000,0.000000,1900,2000,2100,2100,2100,2100,2100,2100,2200,2200,2200,1399,3,30,509.108399303644,1.656333995924797,2151.022791993455,168.63759828448892
1787658155,400,,Aggregated,96.600000,0.100000,1900,2000,2100,2100,2100,2200,2200,2200,2200,2200,2200,9149,14,46,527.1951084214095,0.5523750005522743,2192.2879579942673,3020.1906219258935
1787658156,400,GET,/feed,74.800000,0.100000,1900,2000,2100,2100,2100,2200,2200,2200,2200,2200,2200,7094,11,51,544.3377579042722,0.5523750005522743,2192.2879579942673,3901.94023118128
1787658156,400,POST,/follow,7.800000,0.000000,1900,2000,2100,2100,2100,2100,2100,2200,2200,2200,2200,740,0,38,545.4760081632746,1.8967919968417846,2150.5762090018834,17.0
1787658156,400,POST,/posts,14.100000,0.000000,1900,2000,2100,2100,2100,2100,2100,2100,2200,2200,2200,1417,3,32,525.6565803350653,1.656333995924797,2151.022791993455,168.6422018348624
1787658156,400,,Aggregated,96.700000,0.100000,1900,2000,2100,2100,2100,2200,2200,2200,2200,2200,2200,9251,14,48,541.5673629822189,0.5523750005522743,2192.2879579942673,3019.3395308615286
1787658157,400,GET,/feed,74.500000,0.100000,1900,2000,2100,2100,2100,2200,2200,2200,2200,2200,2200,7174,11,54,558.7689985353935,0.5523750005522743,2192.2879579942673,3902.007805965988
1787658157,400,POST,/follow,8.300000,0.000000,1900,2000,2100,2100,2100,2100,2100,2200,2200,2200,2200,748,0,41,559.1403635799921,1.8967919968417846,2150.5762090018834,17.0
1787658157,400,POST,/posts,14.500000,0.000000,1900,2000,2100,2100,2100,2100,2100,2100,2200,2200,2200,1432,3,33,539.354736763819,1.656333995924797,2151.022791993455,168.6459497206704
1787658157,400,,Aggregated,97.300000,0.100000,1900,2000,2100,2100,2100,2200,2200,2200,2200,2200,2200,9354,14,50,555.8265737114089,0.5523750005522743,2192.2879579942673,3019.8012614924096
1787658158,400,GET,/feed,74.400000,0.100000,1900,2000,2100,2100,2100,2200,2200,2200,2200,2200,2200,7249,11,56,572.1307896425573,0.5523750005522743,2192.2879579942673,3902.069802731411
1787658158,400,POST,/follow,8.100000,0.000000,1900,2000,2000,2100,2100,2100,2100,2200,2200,2200,2200,757,0,46,574.0782844555409,1.8967919968417846,2150.5762090018834,17.0
1787658158,400,POST,/posts,14.000000,0.000000,1900,2000,2100,2100,2100,2100,2100,2100,2200,2200,2200,1444,3,33,550.1334663281026,1.656333995924797,2151.022791993455,168.648891966759
1787658158,400,,Aggregated,96.500000,0.100000,1900,2000,2100,2100,2100,2200,2200,2200,2200,2200,2200,9450,14,52,568.9255111988892,0.5523750005522743,2192.2879579942673,3020.370582010582
1787658159,400,GET,/feed,74.300000,0.100000,1900,2000,2100,2100,2100,2200,2200,2200,2200,2200,2200,7325,11,59,586.239722131594,0.5523750005522743,2192.2879579942673,3902.1313310580204
1787658159,400,POST,/follow,7.400000,0.000000,1900,2000,2000,2100,2100,2100,2100,2200,2200,2200,2200,765,0,47,588.2256207540552,1.8967919968417846,2150.5762090018834,17.0
1787658159,400,POST,/posts,14.800000,0.000000,1900,2000,2100,2100,2100,2100,2100,2100,2200,2200,2200,1460,3,34,565.3084991738294,1.656333995924797,2151.022791993455,168.6527397260274
1787658159,400,,Aggregated,96.500000,0.100000,1900,2000,2100,2100,2100,2200,2200,2200,2200,2200,2200,9550,14,54,583.1988453701097,0.5523750005522743,2192.2879579942673,3020.1413612565443
1787658160,400,GET,/feed,74.900000,0.100000,2000,2100,2100,2100,2200,2200,2200,2200,2300,2300,2300,7395,11,61,601.4107206260833,0.5523750005522743,2261.2115000010817,3902.1868830290737
1787658160,400,POST,/follow,8.000000,0.000000,1900,2000,2100,2100,2100,2200,2200,2200,2200,2200,2200,770,0,48,598.5609455660436,1.8967919968417846,2216.7640420011594,17.0
1787658160,400,POST,/posts,15.200000,0.000000,2000,2100,2100,2100,2100,2100,2200,2200,2200,2200,2200,1465,3,35,570.8161038701645,1.656333995924797,2240.7358329946874,168.65392491467577
1787658160,400,,Aggregated,98.100000,0.100000,2000,2100,2100,2100,2200,2200,2200,2200,2300,2300,2300,9630,14,56,596.528535751351,0.5523750005522743,2261.2115000010817,3023.5555555555557
1787658161,400,GET,/feed,74.800000,0.100000,2000,2100,2100,2200,2200,2300,2300,2300,2300,2300,2300,7476,11,64,619.19314901871,0.5523750005522743,2315.608083998086,3902.24986623863
1787658161,400,POST,/follow,8.300000,0.000000,2000,2100,2100,2100,2200,2200,2300,2300,2300,2300,2300,775,0,49,608.933691078536,1.8967919968417846,2279.0289580007084,17.0
1787658161,400,POST,/posts,15.000000,0.000000,2000,2100,2100,2100,2200,2300,2300,2300,2300,2300,2300,1477,3,37,584.2856607168666,1.656333995924797,2281.617375003407,168.65673662830062
1787658161,400,,Aggregated,98.100000,0.100000,2000,2100,2100,2200,2200,2300,2300,2300,2300,2300,2300,9728,14,59,613.0758134794953,0.5523750005522743,2315.608083998086,3025.8533100328946
1787658162,400,GET,/feed,75.500000,0.000000,2000,2100,2200,2200,2300,2300,2300,2300,2300,2300,2300,7554,11,66,636.1671508015442,0.5523750005522743,2315.608083998086,3902.3092401376753
1787658162,400,POST,/follow,8.400000,0.000000,2000,2100,2200,2200,2300,2300,2300,2300,2300,2300,2300,791,0,58,641.9468710023438,1.8967919968417846,2299.338999997417,17.0
1787658162,400,POST,/posts,14.800000,0.000000,2000,2100,2100,2200,2300,2300,2300,2300,2300,2300,2300,1493,3,40,602.1138219235212,1.656333995924797,2281.617375003407,168.66041527126592
1787658162,400,,Aggregated,98.700000,0.000000,2000,2100,2200,2200,2300,2300,2300,2300,2300,2300,2300,9838,14,63,631.4639731906396,0.5523750005522743,2315.608083998086,3023.3076844887173
1787658163,400,GET,/feed,75.900000,0.000000,2000,2100,2200,2200,2300,2300,2300,2300,2300,2300,2300,7637,11,69,651.8141505369748,0.5523750005522743,2315.608083998086,3902.371088123609
1787658163,400,POST,/follow,8.200000,0.000000,2000,2100,2200,2200,2300,2300,2300,2300,2300,2300,2300,799,0,62,656.5532813990658,1.8967919968417846,2299.338999997417,17.0
1787658163,400,POST,/posts,13.700000,0.000000,2000,2100,2100,2200,2300,2300,2300,2300,2300,2300,2300,1509,3,42,617.6136617851595,1.656333995924797,2281.617375003407,168.66401590457255
1787658163,400,,Aggregated,97.800000,0.000000,2000,2100,2200,2200,2300,2300,2300,2300,2300,2300,2300,9945,14,65,647.0055057941192,0.5523750005522743,2315.608083998086,3023.6807440925086
1787658164,400,GET,/feed,77.600000,0.000000,1900,2100,2200,2200,2300,2300,2300,2300,2300,2300,2300,7717,11,73,664.4703652469689,0.5523750005522743,2315.608083998086,3902.429441492808
1787658164,400,POST,/follow,8.400000,0.000000,1900,2100,2200,2200,2300,2300,2300,2300,2300,2300,2300,814,0,68,678.7499551631922,1.8967919968417846,2299.338999997417,17.0
1787658164,400,POST,/posts,14.100000,0.000000,1900,2000,2100,2200,2300,2300,2300,2300,2300,2300,2300,1525,3,44,630.4562235303692,1.656333995924797,2281.617375003407,168.66754098360656
1787658164,400,,Aggregated,100.100000,0.000000,1900,2100,2200,2200,2300,2300,2300,2300,2300,2300,2300,10056,14,68,660.4679806083424,0.5523750005522743,2315.608083998086,3021.688941925219
1787658165,400,GET,/feed,77.700000,0.000000,1900,2100,2200,2200,2300,2300,2300,2300,2300,2300,2300,7798,11,77,675.7683682815909,0.5523750005522743,2315.608083998086,3902.487304437035
1787658165,400,POST,/follow,8.900000,0.000000,1900,2100,2200,2200,2300,2300,2300,2300,2300,2300,2300,821,0,76,687.5970993737291,1.8967919968417846,2299.338999997417,17.0
1787658165,400,POST,/posts,14.300000,0.000000,1900,2000,2100,2200,2300,2300,2300,2300,2300,2300,2300,1541,3,47,642.1597972977414,1.656333995924797,2281.617375003407,168.67099286177807
1787658165,400,,Aggregated,100.900000,0.000000,1900,2100,2200,2200,2300,2300,2300,2300,2300,2300,2300,10160,14,73,671.6266931182561,0.5523750005522743,2315.608083998086,3022.1924212598424
1787658166,400,GET,/feed,78.000000,0.000000,1900,2100,2200,2200,2300,2300,2300,2300,2300,2300,2300,7877,11,81,686.5080504449445,0.5523750005522743,2315.608083998086,3902.5425923574967
1787658166,400,POST,/follow,9.200000,0.000000,1900,2000,2200,2200,2300,2300,2300,2300,2300,2300,2300,836,0,97,706.1787520476506,1.8967919968417846,2299.338999997417,17.0
1787658166,400,POST,/posts,14.100000,0.000000,1900,2000,2200,2200,2300,2300,2300,2300,2300,2300,2300,1550,3,51,648.4782885560143,1.656333995924797,2281.617375003407,168.67290322580646
1787658166,400,,Aggregated,101.300000,0.000000,1900,2100,2200,2200,2300,2300,2300,2300,2300,2300,2300,10263,14,78,682.3668223061941,0.5523750005522743,2315.608083998086,3022.1166325635777
1787658167,400,GET,/feed,77.800000,0.000000,1900,2100,2200,2200,2300,2300,2300,2300,2300,2300,2300,7958,11,84,698.3456967752982,0.5523750005522743,2315.608083998086,3902.5981402362404
1787658167,400,POST,/follow,9.300000,0.000000,1900,2100,2200,2200,2300,2300,2300,2300,2300,2300,2300,839,0,99,710.327855337099,1.8967919968417846,2299.338999997417,17.0
1787658167,400,POST,/posts,13.500000,0.000000,1900,2000,2100,2200,2300,2300,2300,2300,2300,2300,2300,1566,3,54,660.4548065209466,1.656333995924797,2281.617375003407,168.67624521072796
1787658167,400,,Aggregated,100.600000,0.000000,1900,2100,2200,2200,2300,2300,2300,2300,2300,2300,2300,10363,14,81,693.5899211210494,0.5523750005522743,2315.608083998086,3023.7658979060116
1787658168,400,GET,/feed,78.200000,0.000000,2000,2100,2200,2200,2300,2300,2300,2300,2300,2300,2300,8016,11,89,707.1759922948867,0.5523750005522743,2315.608083998086,3902.6372255489023
1787658168,400,POST,/follow,9.200000,0.000000,1900,2100,2200,2200,2300,2300,2300,2300,2300,2300,2300,846,0,110,719.781667213758,1.8967919968417846,2299.338999997417,17.0
1787658168,400,POST,/posts,14.100000,0.000000,2000,2000,2200,2200,2300,2300,2300,2300,2300,2300,2300,1578,3,58,670.1693657926339,1.656333995924797,2281.617375003407,168.6787072243346
1787658168,400,,Aggregated,101.500000,0.000000,2000,2100,2200,2200,2300,2300,2300,2300,2300,2300,2300,10440,14,84,702.6039563141197,0.5523750005522743,2315.608083998086,3023.380938697318
1787658169,400,GET,/feed,77.700000,0.000000,2000,2200,2200,2200,2300,2300,2300,2300,2300,2300,2300,8085,11,94,719.9105347071013,0.5523750005522743,2315.608083998086,3902.682993197279
1787658169,400,POST,/follow,9.500000,0.000000,2000,2200,2200,2200,2300,2300,2300,2300,2300,2300,2300,857,0,150,739.1633315890762,1.8967919968417846,2299.338999997417,17.0
1787658169,400,POST,/posts,13.200000,0.000000,2000,2100,2200,2200,2300,2300,2300,2300,2300,2300,2300,1589,3,60,680.3214743365506,1.656333995924797,2281.617375003407,168.68093140339838
1787658169,400,,Aggregated,100.400000,0.000000,2000,2200,2200,2200,2300,2300,2300,2300,2300,2300,2300,10531,14,91,715.5037955559311,0.5523750005522743,2315.608083998086,3023.055265406894
1787658170,400,GET,/feed,77.600000,0.000000,2000,2200,2300,2300,2300,2300,2400,2400,2400,2400,2400,8163,11,100,735.3501258248094,0.5523750005522743,2426.345374995435,3902.7337988484624
1787658170,400,POST,/follow,9.000000,0.000000,2000,2200,2200,2300,2300,2300,2300,2400,2400,2400,2400,864,0,160,752.0086205206381,1.8967919968417846,2366.9095000004745,17.0
1787658170,400,POST,/posts,13.300000,0.000000,2000,2200,2300,2300,2300,2300,2400,2400,2400,2400,2400,1610,3,65,701.6604182793737,1.656333995924797,2378.2501669993508,168.68509316770187
1787658170,400,,Aggregated,99.900000,0.000000,2000,2200,2300,2300,2300,2300,2400,2400,2400,2400,2400,10637,14,98,731.6040047633282,0.5523750005522743,2426.345374995435,3021.9316536617466
1787658171,400,GET,/feed,75.800000,0.000000,2000,2200,2300,2300,2300,2400,2400,2400,2400,2400,2400,8231,12,110,748.4456234141531,0.5523750005522743,2426.345374995435,3902.30251488276
1787658171,400,POST,/follow,8.700000,0.000000,1900,2200,2300,2300,2300,2300,2300,2400,2400,2400,2400,868,0,310,759.2560065804463,1.8967919968417846,2366.9095000004745,17.0
1787658171,400,POST,/posts,13.300000,0.000000,2000,2200,2300,2300,2300,2400,2400,2400,2400,2400,2400,1627,3,72,718.7057792039387,1.656333995924797,2378.6762910021935,168.68838352796558
1787658171,400,,Aggregated,97.800000,0.000000,2000,2200,2300,2300,2300,2400,2400,2400,2400,2400,2400,10726,15,110,744.8092898376384,0.5523750005522743,2426.345374995435,3021.5424202871527
1787658172,400,GET,/feed,76.500000,0.000000,2000,2200,2300,2300,2400,2400,2400,2400,2500,2500,2500,8307,12,120,763.0567060949717,0.5523750005522743,2480.475041003956,3902.3546406645
1787658172,400,POST,/follow,9.300000,0.000000,1900,2200,2300,2300,2300,2300,2400,2500,2500,2500,2500,876,0,360,773.4249859244563,1.8967919968417846,2455.8360829978483,17.0
1787658172,400,POST,/posts,13.200000,0.000000,2000,2300,2300,2300,2400,2400,2400,2500,2500,2500,2500,1641,3,78,732.5585130096354,1.656333995924797,2468.3918750015437,168.691042047532
1787658172,400,,Aggregated,99.000000,0.000000,2000,2200,2300,2300,2400,2400,2400,2400,2500,2500,2500,10824,15,120,759.2720680940076,0.5523750005522743,2480.475041003956,3021.8564301552105
1787658173,400,GET,/feed,75.800000,0.100000,2100,2200,2300,2300,2400,2400,2400,2400,2500,2500,2500,8388,12,130,776.0693227272167,0.5523750005522743,2480.475041003956,3902.409155937053
1787658173,400,POST,/follow,9.100000,0.000000,2000,2200,2300,2300,2300,2300,2400,2500,2500,2500,2500,885,0,380,786.8720218495248,1.8967919968417846,2455.8360829978483,17.0
1787658173,400,POST,/posts,14.500000,0.000000,2100,2300,2300,2300,2400,2400,2400,2500,2500,2500,2500,1658,3,90,746.4516743659924,1.656333995924797,2468.3918750015437,168.69420989143546
1787658173,400,,Aggregated,99.400000,0.100000,2000,2200,2300,2300,2400,2400,2400,2400,2500,2500,2500,10931,15,130,772.451568426632,0.5523750005522743,2480.475041003956,3021.5120300064036
1787658174,410,GET,/feed,75.000000,0.100000,2100,2200,2300,2300,2400,2400,2400,2400,2500,2500,2500,8460,12,150,787.286489571973,0.5523750005522743,2480.475041003956,3902.4567375886527
1787658174,410,POST,/follow,8.700000,0.000000,2100,2200,2300,2300,2300,2300,2400,2500,2500,2500,2500,898,0,440,805.6149529552777,1.8967919968417846,2455.8360829978483,17.0
1787658174,410,POST,/posts,14.900000,0.000000,2100,2300,2300,2300,2400,2400,2400,2500,2500,2500,2500,1670,3,95,756.1024326453972,1.656333995924797,2468.3918750015437,168.69640718562874
1787658174,410,,Aggregated,98.600000,0.100000,2100,2200,2300,2300,2400,2400,2400,2400,2500,2500,2500,11028,15,140,784.0566732000837,0.5523750005522743,2480.475041003956,3020.654062386652
1787658175,420,GET,/feed,74.700000,0.100000,2100,2200,2300,2300,2400,2400,2400,2400,2500,2500,2500,8522,12,170,796.3988271461978,0.5523750005522743,2480.475041003956,3902.4970664163343
1787658175,420,POST,/follow,8.400000,0.000000,2100,2200,2300,2300,2300,2300,2400,2500,2500,2500,2500,909,0,570,819.938208016309,1.8967919968417846,2455.8360829978483,17.0
1787658175,420,POST,/posts,14.700000,0.000000,2100,2300,2300,2300,2400,2400,2400,2500,2500,2500,2500,1688,3,110,769.3796172356801,1.656333995924797,2468.3918750015437,168.69964454976304
1787658175,420,,Aggregated,97.800000,0.100000,2100,2200,2300,2300,2400,2400,2400,2400,2500,2500,2500,11119,15,170,794.2213715190688,0.5523750005522743,2480.475041003956,3018.0140300386724
1787658176,430,GET,/feed,74.700000,0.100000,2200,2300,2300,2300,2400,2400,2400,2400,2500,2500,2500,8591,12,230,807.7027301511948,0.5523750005522743,2480.475041003956,3902.541264113607
1787658176,430,POST,/follow,8.300000,0.000000,2100,2200,2300,2300,2300,2300,2400,2500,2500,2500,2500,921,0,640,838.0990519856873,1.8967919968417846,2455.8360829978483,17.0
1787658176,430,POST,/posts,15.000000,0.000000,2100,2300,2300,2300,2400,2400,2400,2500,2500,2500,2500,1705,3,130,783.7824271863998,1.656333995924797,2468.3918750015437,168.70263929618767
1787658176,430,,Aggregated,98.000000,0.100000,2200,2300,2300,2300,2400,2400,2400,2400,2500,2500,2500,11217,15,260,806.5625764429454,0.5523750005522743,2480.475041003956,3015.96032807346
1787658177,440,GET,/feed,73.300000,0.100000,2200,2300,2300,2300,2400,2400,2400,2400,2500,2500,2500,8671,12,360,820.0418074592212,0.5523750005522743,2480.475041003956,3902.5916272632912
1787658177,440,POST,/follow,8.100000,0.000000,2200,2200,2300,2300,2300,2300,2400,2500,2500,2500,2500,930,0,700,850.7259243320568,1.8967919968417846,2455.8360829978483,17.0
1787658177,440,POST,/posts,14.700000,0.000000,2100,2200,2300,2300,2400,2400,2400,2500,2500,2500,2500,1731,3,170,803.9918743597932,1.656333995924797,2468.3918750015437,168.70710571923743
1787658177,440,,Aggregated,96.100000,0.100000,2200,2300,2300,2300,2400,2400,2400,2400,2500,2500,2500,11332,15,370,820.1083265641105,0.5523750005522743,2480.475041003956,3013.3439816448995
1787658178,450,GET,/feed,71.300000,0.100000,2200,2300,2300,2300,2400,2400,2400,2400,2500,2500,2500,8748,12,400,832.5695136288163,0.5523750005522743,2480.475041003956,3902.639231824417
1787658178,450,POST,/follow,8.200000,0.000000,2200,2200,2300,2300,2300,2300,2400,2500,2500,2500,2500,940,0,730,865.3130849774506,1.8967919968417846,2455.8360829978483,17.0
1787658178,450,POST,/posts,14.600000,0.000000,2200,2300,2300,2300,2400,2400,2400,2500,2500,2500,2500,1741,3,180,812.2791670102363,1.656333995924797,2468.3918750015437,168.7087880528432
1787658178,450,,Aggregated,94.100000,0.100000,2200,2300,2300,2300,2400,2400,2400,2400,2500,2500,2500,11429,15,400,832.171706611995,0.5523750005522743,2480.475041003956,3014.2610902091174
1787658179,460,GET,/feed,71.000000,0.100000,2200,2300,2300,2300,2400,2400,2400,2400,2500,2500,2500,8827,12,420,845.387810602119,0.5523750005522743,2480.475041003956,3902.687209697519
1787658179,460,POST,/follow,8.900000,0.000000,2200,2200,2300,2300,2300,2300,2400,2500,2500,2500,2500,943,0,730,869.6423715119837,1.8967919968417846,2455.8360829978483,17.0
1787658179,460,POST,/posts,15.600000,0.000000,2200,2300,2300,2300,2400,2400,2400,2500,2500,2500,2500,1757,3,330,825.380770854199,1.656333995924797,2468.3918750015437,168.71143995446783
1787658179,460,,Aggregated,95.500000,0.100000,2200,2300,2300,2300,2400,2400,2400,2400,2500,2500,2500,11527,15,430,844.3224581340774,0.5523750005522743,2480.475041003956,3015.6568925132296
1787658180,470,GET,/feed,71.300000,0.100000,2200,2300,2300,2300,2400,2400,2400,2400,2500,2500,2500,8900,12,460,857.5862952318976,0.5523750005522743,2480.475041003956,3902.730786516854
1787658180,470,POST,/follow,8.900000,0.000000,2200,2200,2300,2300,2300,2400,2400,2500,2500,2500,2500,956,0,780,889.0909206357752,1.8967919968417846,2455.8360829978483,17.0
1787658180,470,POST,/posts,16.300000,0.000000,2200,2300,2300,2300,2400,2400,2400,2500,2500,2500,2500,1773,3,380,838.9861439497072,1.656333995924797,2468.3918750015437,168.7140439932318
1787658180,470,,Aggregated,96.500000,0.100000,2200,2300,2300,2300,2400,2400,2400,2400,2500,2500,2500,11629,15,480,857.340388762104,0.5523750005522743,2480.475041003956,3013.989680969989
1787658181,480,GET,/feed,73.500000,0.100000,2200,2300,2300,2300,2400,2500,2600,2600,2600,2600,2600,8977,12,560,871.5841089612251,0.5523750005522743,2604.5080830008374,3902.77598306784
1787658181,480,POST,/follow,9.400000,0.000000,2200,2200,2300,2300,2400,2400,2500,2600,2600,2600,2600,962,0,810,898.8117077731769,1.8967919968417846,2576.847625001392,17.0
1787658181,480,POST,/posts,16.600000,0.000000,2200,2200,2300,2300,2400,2500,2500,2600,2600,2600,2600,1785,3,390,850.0362578968262,1.656333995924797,2589.3195410026237,168.7159663865546
1787658181,480,,Aggregated,99.500000,0.100000,2200,2300,2300,2300,2400,2500,2500,2600,2600,2600,2600,11724,15,600,870.537540887798,0.5523750005522743,2604.5080830008374,3015.415557830092
1787658182,490,GET,/feed,73.700000,0.100000,2200,2300,2400,2400,2600,2600,2700,2700,2700,2700,2700,9058,12,670,887.449059797738,0.5523750005522743,2719.837707998522,3902.822698167366
1787658182,490,POST,/follow,8.700000,0.000000,2200,2200,2300,2300,2400,2600,2700,2700,2700,2700,2700,968,0,830,909.6087140607307,1.8967919968417846,2695.335790995159,17.0
1787658182,490,POST,/posts,16.900000,0.000000,2200,2300,2300,2400,2600,2600,2700,2700,2700,2700,2700,1801,3,450,865.8358057183932,1.656333995924797,2695.903334002651,168.71848972792893
1787658182,490,,Aggregated,99.300000,0.100000,2200,2300,2400,2400,2600,2600,2700,2700,2700,2700,2700,11827,15,680,885.9715147507834,0.5523750005522743,2719.837707998522,3016.1567599560326
1787658183,500,GET,/feed,73.600000,0.000000,2300,2400,2500,2600,2700,2800,2900,2900,2900,2900,2900,9132,12,720,902.9163392172464,0.5523750005522743,2936.347584000032,3902.8646517739817
1787658183,500,POST,/follow,9.500000,0.000000,2200,2300,2300,2400,2600,2700,2900,2900,2900,2900,2900,972,0,840,917.4482569473209,1.8967919968417846,2873.9621249987977,17.0
1787658183,500,POST,/posts,16.200000,0.000000,2200,2400,2500,2600,2700,2800,2800,2900,2900,2900,2900,1816,3,610,881.7879840626755,1.656333995924797,2911.9432079969556,168.72081497797356
1787658183,500,,Aggregated,99.300000,0.000000,2300,2400,2500,2600,2700,2800,2900,2900,2900,2900,2900,11920,15,710,900.8824408173241,0.5523750005522743,2936.347584000032,3017.1041107382553
1787658184,500,GET,/feed,74.400000,0.000000,2300,2600,2700,2700,2800,2900,2900,2900,3000,3000,3000,9212,12,760,919.8058681411108,0.5523750005522743,2993.1878339994,3902.9092488059055
1787658184,500,POST,/follow,9.400000,0.000000,2300,2300,2400,2600,2800,2900,2900,2900,2900,2900,2900,979,0,850,931.2661457720013,1.8967919968417846,2903.524166002171,17.0
1787658184,500,POST,/posts,16.000000,0.000000,2300,2400,2600,2600,2800,2800,2900,2900,2900,2900,2900,1821,3,640,887.1433105748649,1.656333995924797,2911.9432079969556,168.72158154859966
1787658184,500,,Aggregated,99.800000,0.000000,2300,2500,2600,2700,2800,2900,2900,2900,3000,3000,3000,12012,15,740,915.7883102383895,0.5523750005522743,2993.1878339994,3020.103646353646
1787658185,500,GET,/feed,74.800000,0.000000,2400,2600,2800,2800,2900,3000,3200,3300,3300,3300,3300,9273,12,780,934.2664380528257,0.5523750005522743,3328.482958000677,3902.9427369783243
1787658185,500,POST,/follow,8.800000,0.000000,2300,2500,2700,2800,3000,3000,3200,3300,3300,3300,3300,987,0,870,948.6771960940151,1.8967919968417846,3302.1590420030407,17.0
1787658185,500,POST,/posts,15.800000,0.000000,2300,2600,2600,2700,2900,3000,3200,3300,3300,3300,3300,1830,3,660,897.9443067703965,1.656333995924797,3284.5307089955895,168.72295081967212
1787658185,500,,Aggregated,99.400000,0.000000,2400,2600,2800,2800,2900,3000,3200,3300,3300,3300,3300,12090,15,770,929.9450086020245,0.5523750005522743,3328.482958000677,3020.4739454094292
1787658186,500,GET,/feed,74.200000,0.000000,2600,2800,2800,2900,3300,3500,3600,3600,3600,3600,3600,9341,12,810,952.5557619307203,0.5523750005522743,3579.211624994059,3902.9795525104378
1787658186,500,POST,/follow,8.500000,0.000000,2400,2800,2900,3000,3300,3500,3500,3500,3500,3500,3500,994,0,930,966.361287350898,1.8967919968417846,3523.6674999978277,17.0
1787658186,500,POST,/posts,15.300000,0.000000,2400,2700,2800,2800,3200,3300,3500,3500,3500,3500,3500,1840,3,680,911.6178474939372,1.656333995924797,3531.4484170012292,168.72445652173914
1787658186,500,,Aggregated,98.000000,0.000000,2600,2800,2800,2900,3300,3500,3500,3600,3600,3600,3600,12175,15,800,947.495961495729,0.5523750005522743,3579.211624994059,3021.3620533880903
1787658187,500,GET,/feed,75.200000,0.000000,2700,2900,3000,3300,3500,3600,3600,3600,3600,3600,3600,9421,12,840,974.4599280540122,0.5523750005522743,3603.7379580011475,3903.0221844814773
1787658187,500,POST,/follow,8.300000,0.000000,2700,2900,3000,3300,3500,3500,3600,3600,3600,3600,3600,1000,0,950,981.7340949608036,1.8967919968417846,3594.2418750055367,17.0
1787658187,500,POST,/posts,15.000000,0.000000,2600,2800,3000,3300,3500,3500,3600,3600,3600,3600,3600,1856,3,700,934.1402141534671,1.656333995924797,3590.1182079978753,168.72683189655172
1787658187,500,,Aggregated,98.500000,0.000000,2700,2900,3000,3300,3500,3500,3600,3600,3600,3600,3600,12277,15,830,968.9570183779826,0.5523750005522743,3603.7379580011475,3021.953978985094
1787658188,500,GET,/feed,75.100000,0.000000,2800,3200,3500,3500,3500,3600,3600,3600,3600,3600,3600,9503,12,860,996.5194518293001,0.5523750005522743,3619.2937079977128,3903.0651373250553
1787658188,500,POST,/follow,7.800000,0.000000,2900,3000,3400,3500,3500,3600,3600,3600,3600,3600,3600,1005,0,960,994.4033432037976,1.8967919968417846,3594.2418750055367,17.0
1787658188,500,POST,/posts,14.400000,0.000000,2800,3300,3500,3500,3500,3500,3600,3600,3600,3600,3600,1874,3,730,958.6858668681099,1.656333995924797,3590.1182079978753,168.72945570971186
1787658188,500,,Aggregated,97.300000,0.000000,2800,3200,3500,3500,3500,3600,3600,3600,3600,3600,3600,12382,15,850,990.6216302022696,0.5523750005522743,3619.2937079977128,3022.4609917622356
1787658189,500,GET,/feed,74.800000,0.000000,3000,3400,3500,3500,3500,3600,3600,3600,3600,3600,3600,9579,12,900,1015.1606715282237,0.5523750005522743,3619.2937079977128,3903.1042906357657
1787658189,500,POST,/follow,7.200000,0.000000,3000,3300,3400,3500,3500,3600,3600,3600,3600,3600,3600,1010,0,970,1005.76603127309,1.8967919968417846,3594.2418750055367,17.0
1787658189,500,POST,/posts,13.200000,0.000000,3200,3400,3500,3500,3500,3500,3600,3600,3600,3600,3600,1892,3,780,981.1768195971636,1.656333995924797,3590.1182079978753,168.73202959830866
1787658189,500,,Aggregated,95.200000,0.000000,3000,3400,3500,3500,3500,3600,3600,3600,3600,3600,3600,12481,15,890,1009.248802726746,0.5523750005522743,3619.2937079977128,3022.5340116977804
1787658190,500,GET,/feed,75.100000,0.000000,3200,3400,3500,3500,3500,3600,3600,3600,3600,3600,3600,9662,12,940,1034.6473688965891,0.5523750005522743,3619.2937079977128,3903.146346512109
1787658190,500,POST,/follow,6.900000,0.000000,3200,3300,3500,3500,3500,3600,3600,3600,3600,3600,3600,1018,0,970,1023.1965855459983,1.8967919968417846,3594.2418750055367,17.0
1787658190,500,POST,/posts,12.800000,0.000000,3300,3400,3500,3500,3500,3500,3600,3600,3600,3600,3600,1906,3,810,997.8682183718989,1.656333995924797,3590.1182079978753,168.73399790136412
1787658190,500,,Aggregated,94.800000,0.000000,3200,3400,3500,3500,3500,3600,3600,3600,3600,3600,3600,12586,15,940,1028.15142432715,0.5523750005522743,3619.2937079977128,3023.2888129667886
1787658191,500,GET,/feed,75.500000,0.000000,3200,3400,3500,3500,3500,3600,3600,3600,3600,3600,3600,9741,14,950,1050.132888801543,0.5523750005522743,3619.2937079977128,3902.38332820039
1787658191,500,POST,/follow,6.500000,0.000000,3100,3300,3400,3500,3500,3600,3600,3600,3600,3600,3600,1028,0,990,1042.3816235844565,1.8967919968417846,3594.2418750055367,17.0
1787658191,500,POST,/posts,13.100000,0.000000,3300,3400,3500,3500,3500,3500,3600,3600,3600,3600,3600,1921,3,860,1013.4948196730022,1.656333995924797,3590.1182079978753,168.73607496095784
1787658191,500,,Aggregated,95.100000,0.000000,3200,3400,3500,3500,3500,3600,3600,3600,3600,3600,3600,12690,17,950,1043.9587334477922,0.5523750005522743,3619.2937079977128,3022.437667454689
1787658192,500,GET,/feed,75.000000,0.000000,3200,3400,3500,3500,3500,3600,3600,3600,3600,3600,3600,9821,14,970,1064.8885443847728,0.5523750005522743,3619.2937079977128,3902.4290805416963
1787658192,500,POST,/follow,6.300000,0.000000,3100,3300,3400,3500,3500,3600,3600,3600,3600,3600,3600,1034,0,990,1052.7988477628746,1.8967919968417846,3594.2418750055367,17.0
1787658192,500,POST,/posts,13.300000,0.000000,3300,3400,3500,3500,3500,3500,3600,3600,3600,3600,3600,1936,3,930,1027.7506875484657,1.656333995924797,3590.1182079978753,168.73811983471074
1787658192,500,,Aggregated,94.600000,0.000000,3200,3400,3500,3500,3500,3600,3600,3600,3600,3600,3600,12791,17,970,1058.2901832603775,0.5523750005522743,3619.2937079977128,3023.2203111562817
1787658193,500,GET,/feed,76.300000,0.100000,3200,3400,3500,3500,3500,3600,3600,3600,3600,3600,3600,9892,14,980,1077.7443134803761,0.5523750005522743,3619.2937079977128,3902.469065911848
1787658193,500,POST,/follow,6.100000,0.000000,3100,3300,3300,3500,3500,3600,3600,3600,3600,3600,3600,1045,0,1000,1071.7502948591582,1.8967919968417846,3594.2418750055367,17.0
1787658193,500,POST,/posts,13.400000,0.000000,3200,3300,3500,3500,3500,3500,3600,3600,3600,3600,3600,1963,3,970,1052.6609225735285,1.656333995924797,3590.1182079978753,168.74172185430464
1787658193,500,,Aggregated,95.800000,0.100000,3200,3400,3500,3500,3500,3600,3600,3600,3600,3600,3600,12900,17,990,1073.4417983013593,0.5523750005522743,3619.2937079977128,3019.552635658915
1787658194,500,GET,/feed,76.200000,0.200000,3200,3400,3500,3500,3500,3600,3600,3600,3600,3600,3600,9973,14,1000,1091.8999977175242,0.5523750005522743,3619.2937079977128,3902.513987766971
1787658194,500,POST,/follow,6.800000,0.000000,3100,3300,3400,3500,3500,3600,3600,3600,3600,3600,3600,1049,0,1000,1078.3725989064153,1.8967919968417846,3594.2418750055367,17.0
1787658194,500,POST,/posts,13.700000,0.000000,3200,3300,3500,3500,3500,3500,3600,3600,3600,3600,3600,1975,3,980,1063.2410786981472,1.656333995924797,3590.1182079978753,168.7432911392405
1787658194,500,,Aggregated,96.700000,0.200000,3200,3400,3500,3500,3500,3600,3600,3600,3600,3600,3600,12997,17,1000,1086.453232585869,0.5523750005522743,3619.2937079977128,3021.5336616142185
1787658195,500,GET,/feed,75.900000,0.200000,3100,3400,3500,3500,3500,3600,3600,3600,3600,3600,3600,10043,14,1000,1104.9992711326204,0.5523750005522743,3619.2937079977128,3902.5522254306484
1787658195,500,POST,/follow,6.900000,0.000000,3000,3300,3400,3500,3500,3600,3600,3600,3600,3600,3600,1054,0,1000,1086.9644170643512,1.8967919968417846,3594.2418750055367,17.0
1787658195,500,POST,/posts,13.900000,0.000000,3100,3300,3400,3500,3500,3500,3600,3600,3600,3600,3600,1989,3,1000,1076.8544696298854,1.656333995924797,3590.1182079978753,168.7450980392157
1787658195,500,,Aggregated,96.700000,0.200000,3100,3400,3500,3500,3500,3600,3600,3600,3600,3600,3600,13086,17,1000,1099.2688151967425,0.5523750005522743,3619.2937079977128,3022.0758062051045
1787658196,500,GET,/feed,75.400000,0.200000,3100,3300,3400,3400,3500,3600,3600,3600,3600,3600,3600,10125,14,1000,1120.748376307451,0.5523750005522743,3619.2937079977128,3902.5963456790123
1787658196,500,POST,/follow,7.200000,0.000000,3000,3100,3200,3300,3500,3600,3600,3600,3600,3600,3600,1058,0,1000,1094.3474646368843,1.8967919968417846,3594.2418750055367,17.0
1787658196,500,POST,/posts,15.000000,0.000000,3000,3200,3300,3400,3500,3500,3600,3600,3600,3600,3600,2002,3,1000,1089.5900498096125,1.656333995924797,3590.1182079978753,168.74675324675326
1787658196,500,,Aggregated,97.600000,0.200000,3100,3200,3400,3400,3500,3600,3600,3600,3600,3600,3600,13185,17,1000,1113.8988401530232,0.5523750005522743,3619.2937079977128,3023.860826697004
1787658197,500,GET,/feed,76.000000,0.200000,3100,3100,3200,3300,3400,3500,3600,3600,3600,3600,3600,10203,15,1000,1135.4237834127168,0.5523750005522743,3619.2937079977128,3902.254630990885
1787658197,500,POST,/follow,6.900000,0.000000,3000,3100,3100,3200,3300,3400,3600,3600,3600,3600,3600,1065,0,1000,1107.2741991425667,1.8967919968417846,3594.2418750055367,17.0
1787658197,500,POST,/posts,15.000000,0.000000,3000,3100,3200,3300,3400,3500,3500,3500,3500,3500,3500,2017,3,1000,1104.202740813014,1.656333995924797,3590.1182079978753,168.74863658899355
1787658197,500,,Aggregated,97.900000,0.200000,3000,3100,3200,3300,3400,3500,3600,3600,3600,3600,3600,13285,18,1000,1128.4270088420496,0.5523750005522743,3619.2937079977128,3023.9499435453517
1787658198,500,GET,/feed,77.000000,0.200000,3000,3100,3100,3100,3300,3400,3400,3400,3400,3400,3400,10280,15,1000,1150.1700410256774,0.5523750005522743,3619.2937079977128,3902.2976653696496
1787658198,500,POST,/follow,6.700000,0.000000,3000,3100,3100,3100,3200,3300,3300,3400,3400,3400,3400,1073,0,1000,1122.0119491349758,1.8967919968417846,3594.2418750055367,17.0
1787658198,500,POST,/posts,15.800000,0.000000,3000,3100,3100,3100,3300,3400,3400,3400,3400,3400,3400,2028,3,1000,1114.9757492257622,1.656333995924797,3590.1182079978753,168.75
1787658198,500,,Aggregated,99.500000,0.200000,3000,3100,3100,3100,3300,3400,3400,3400,3400,3400,3400,13381,18,1000,1142.5781079587205,0.5523750005522743,3619.2937079977128,3024.8924594574396
1787658199,500,GET,/feed,78.100000,0.200000,3000,3100,3100,3100,3100,3200,3300,3400,3400,3400,3400,10358,15,1100,1164.8455686259874,0.5523750005522743,3619.2937079977128,3902.3406062946515
1787658199,500,POST,/follow,6.300000,0.000000,3000,3100,3100,3100,3100,3200,3300,3300,3300,3300,3300,1082,0,1100,1138.2485692429211,1.8967919968417846,3594.2418750055367,17.0
1787658199,500,POST,/posts,16.100000,0.000000,3000,3100,3100,3100,3100,3200,3300,3300,3300,3300,3300,2044,3,1000,1130.3566325698848,1.656333995924797,3590.1182079978753,168.75195694716243
1787658199,500,,Aggregated,100.500000,0.200000,3000,3100,3100,3100,3100,3200,3300,3400,3400,3400,3400,13484,18,1100,1157.4832622902452,0.5523750005522743,3619.2937079977128,3024.6044942153662
1787658200,500,GET,/feed,77.600000,0.300000,3000,3100,3100,3100,3100,3100,3200,3200,3200,3200,3200,10433,15,1100,1178.9415750575045,0.5523750005522743,3619.2937079977128,3902.381290137065
1787658200,500,POST,/follow,6.500000,0.000000,3000,3100,3100,3100,3100,3100,3100,3100,3100,3100,3100,1090,0,1100,1152.6265463723353,1.8967919968417846,3594.2418750055367,17.0
1787658200,500,POST,/posts,15.800000,0.000000,3000,3100,3100,3100,3100,3100,3100,3100,3200,3200,3200,2056,3,1000,1141.933355086015,1.656333995924797,3590.1182079978753,168.7534046692607
1787658200,500,,Aggregated,99.900000,0.300000,3000,3100,3100,3100,3100,3100,3200,3200,3200,3200,3200,13579,18,1100,1171.225816788986,0.5523750005522743,3619.2937079977128,3025.188231828559
1787658201,500,GET,/feed,77.200000,0.300000,3100,3100,3100,3100,3100,3100,3200,3200,3200,3200,3200,10508,15,1100,1192.4187532739754,0.5523750005522743,3619.2937079977128,3902.42139322421
1787658201,500,POST,/follow,6.800000,0.000000,3000,3100,3100,3100,3100,3100,3100,3100,3100,3100,3100,1100,0,1100,1169.684499586218,1.8967919968417846,3594.2418750055367,17.0
1787658201,500,POST,/posts,15.000000,0.000000,3000,3100,3100,3100,3100,3100,3100,3100,3200,3200,3200,2076,3,1100,1160.3382445278576,1.656333995924797,3590.1182079978753,168.7557803468208
1787658201,500,,Aggregated,99.000000,0.300000,3000,3100,3100,3100,3100,3100,3200,3200,3200,3200,3200,13684,18,1100,1185.7243060938033,0.5523750005522743,3619.2937079977128,3023.6539754457763
1787658202,500,GET,/feed,77.400000,0.300000,3100,3100,3100,3100,3100,3200,3200,3300,3300,3300,3300,10558,15,1100,1201.818106028125,0.5523750005522743,3619.2937079977128,3902.4478120856224
1787658202,500,POST,/follow,7.100000,0.000000,3100,3100,3100,3100,3100,3100,3200,3200,3200,3200,3200,1103,0,1100,1175.0237782591475,1.8967919968417846,3594.2418750055367,17.0
1787658202,500,POST,/posts,15.300000,0.000000,3000,3100,3100,3100,3100,3100,3200,3300,3300,3300,3300,2086,3,1100,1169.8097956490137,1.656333995924797,3590.1182079978753,168.7569511025887
1787658202,500,,Aggregated,99.800000,0.300000,3100,3100,3100,3100,3100,3200,3200,3300,3300,3300,3300,13747,18,1100,1194.811233330081,0.5523750005522743,3619.2937079977128,3024.1377755146577
1787658203,500,GET,/feed,76.600000,0.200000,3100,3100,3100,3100,3300,3500,3600,3600,3700,3700,3700,10623,16,1100,1215.8714420235312,0.5523750005522743,3665.3651249944232,3902.1139037936555
1787658203,500,POST,/follow,7.100000,0.000000,3100,3100,3100,3100,3200,3500,3600,3600,3600,3600,3600,1109,0,1100,1187.7372754768548,1.8967919968417846,3608.801709000545,17.0
1787658203,500,POST,/posts,15.000000,0.000000,3100,3100,3100,3100,3300,3600,3600,3600,3600,3600,3600,2099,3,1100,1184.4188213505745,1.656333995924797,3627.5017500011018,168.75845640781324
1787658203,500,,Aggregated,98.700000,0.200000,3100,3100,3100,3100,3300,3500,3600,3600,3700,3700,3700,13831,19,1100,1208.8423160389457,0.5523750005522743,3665.3651249944232,3024.020895090738
1787658204,510,GET,/feed,75.200000,0.100000,3100,3100,3200,3300,3600,3700,3800,3900,3900,3900,3900,10687,16,1100,1230.9966776369376,0.5523750005522743,3884.2673749968526,3902.149153176757
1787658204,510,POST,/follow,7.000000,0.000000,3100,3100,3200,3500,3700,3700,3800,3800,3800,3800,3800,1118,0,1100,1208.184622244948,1.8967919968417846,3832.4041250016307,17.0
1787658204,510,POST,/posts,15.100000,0.000000,3100,3100,3100,3300,3600,3700,3900,3900,3900,3900,3900,2111,3,1100,1198.8725765698066,1.656333995924797,3874.407290997624,168.75982946470867
1787658204,510,,Aggregated,97.300000,0.100000,3100,3100,3200,3300,3600,3700,3800,3900,3900,3900,3900,13916,19,1100,1224.2908817702416,0.5523750005522743,3884.2673749968526,3023.6796493245183
1787658205,520,GET,/feed,73.000000,0.200000,3100,3200,3500,3600,3900,4000,4000,4000,4100,4100,4100,10751,16,1100,1247.4697101849092,0.5523750005522743,4081.395124994742,3902.183982885313
1787658205,520,POST,/follow,6.700000,0.000000,3100,3100,3600,3700,3800,4000,4000,4100,4100,4100,4100,1124,0,1100,1223.0981067640892,1.8967919968417846,4051.582749998488,17.0
1787658205,520,POST,/posts,14.800000,0.000000,3100,3100,3400,3600,3900,4000,4000,4000,4000,4000,4000,2122,3,1100,1213.2437020965413,1.656333995924797,4044.793542001571,168.76107445805843
1787658205,520,,Aggregated,94.500000,0.200000,3100,3200,3500,3600,3900,4000,4000,4000,4100,4100,4100,13997,19,1100,1240.3238023897757,0.5523750005522743,4081.395124994742,3024.190826605701
1787658206,530,GET,/feed,71.600000,0.200000,3100,3600,3700,3900,4000,4100,4200,4200,4200,4200,4200,10827,16,1200,1267.2846451654193,0.5523750005522743,4182.443625002634,3902.2248083494965
1787658206,530,POST,/follow,6.400000,0.000000,3100,3600,3700,3900,4000,4100,4200,4200,4200,4200,4200,1133,0,1100,1245.6491019804416,1.8967919968417846,4163.628374997643,17.0
1787658206,530,POST,/posts,13.300000,0.000000,3100,3600,3700,3900,4000,4000,4100,4100,4200,4200,4200,2138,3,1100,1234.4344934779604,1.656333995924797,4165.65050000645,168.76286248830684
1787658206,530,,Aggregated,91.300000,0.200000,3100,3600,3700,3900,4000,4100,4200,4200,4200,4200,4200,14098,19,1100,1260.5640681519176,0.5523750005522743,4182.443625002634,3023.7951482479784
1787658207,540,GET,/feed,69.800000,0.200000,3400,3800,4000,4000,4000,4100,4200,4200,4200,4200,4200,10904,17,1200,1286.1959397772405,0.5523750005522743,4182.443625002634,3901.90719002201
1787658207,540,POST,/follow,6.800000,0.000000,3400,3700,4000,4000,4000,4100,4200,4200,4200,4200,4200,1140,0,1200,1262.4236179463562,1.8967919968417846,4163.628374997643,17.0
1787658207,540,POST,/posts,13.500000,0.000000,3400,3900,4000,4000,4000,4000,4100,4100,4200,4200,4200,2154,3,1100,1254.7495693546405,1.656333995924797,4165.65050000645,168.76462395543174
1787658207,540,,Aggregated,90.100000,0.200000,3400,3800,4000,4000,4000,4100,4200,4200,4200,4200,4200,14198,20,1200,1279.5164124651228,0.5523750005522743,4182.443625002634,3023.615650091562
1787658208,550,GET,/feed,69.200000,0.200000,3700,3900,4000,4000,4000,4100,4200,4200,4200,4200,4200,10978,17,1200,1303.513292649574,0.5523750005522743,4182.443625002634,3901.948260156677
1787658208,550,POST,/follow,6.900000,0.000000,3700,3900,3900,4000,4000,4100,4200,4200,4200,4200,4200,1158,0,1200,1302.1852249575516,1.8967919968417846,4163.628374997643,17.0
1787658208,550,POST,/posts,13.200000,0.000000,3600,3900,3900,4000,4000,4000,4100,4100,4200,4200,4200,2171,3,1200,1275.0358231703822,1.656333995924797,4165.65050000645,168.76646706586826
1787658208,550,,Aggregated,89.300000,0.200000,3700,3900,4000,4000,4000,4100,4200,4200,4200,4200,4200,14307,20,1200,1299.0845173209477,0.5523750005522743,4182.443625002634,3021.0153071922837
1787658209,560,GET,/feed,68.400000,0.200000,3700,3900,4000,4000,4000,4100,4200,4200,4200,4200,4200,11057,18,1200,1318.6963870174545,0.5523750005522743,4182.443625002634,3901.638057339242
1787658209,560,POST,/follow,7.400000,0.000000,3700,3900,3900,4000,4000,4100,4200,4200,4200,4200,4200,1168,0,1200,1320.666701376578,1.8967919968417846,4163.628374997643,17.0
1787658209,560,POST,/posts,13.400000,0.000000,3700,3900,3900,4000,4000,4000,4100,4100,4200,4200,4200,2187,3,1200,1291.3567447502978,1.656333995924797,4165.65050000645,168.7681755829904
1787658209,560,,Aggregated,89.200000,0.200000,3700,3900,4000,4000,4000,4100,4200,4200,4200,4200,4200,14412,21,1200,1314.7073174596715,0.5523750005522743,4182.443625002634,3020.3555370524564
1787658210,570,GET,/feed,68.700000,0.200000,3700,3900,4000,4000,4000,4100,4200,4200,4200,4200,4200,11133,18,1200,1332.3591560266757,0.5523750005522743,4182.443625002634,3901.6814874696847
1787658210,570,POST,/follow,7.600000,0.000000,3700,3900,3900,4000,4000,4100,4200,4200,4200,4200,4200,1178,0,1200,1337.5543822850832,1.8967919968417846,4163.628374997643,17.0
1787658210,570,POST,/posts,13.600000,0.000000,3600,3900,3900,4000,4000,4000,4100,4100,4200,4200,4200,2206,3,1200,1308.7387018059349,1.656333995924797,4165.65050000645,168.7701722574796
1787658210,570,,Aggregated,89.900000,0.200000,3700,3900,4000,4000,4000,4100,4200,4200,4200,4200,4200,14517,21,1200,1329.1913702941906,0.5523750005522743,4182.443625002634,3019.201832334504
1787658211,580,GET,/feed,68.300000,0.200000,3700,3900,4000,4000,4000,4100,4200,4200,4200,4200,4200,11213,18,1200,1347.090190192364,0.5523750005522743,4182.443625002634,3901.7265673771517
1787658211,580,POST,/follow,8.500000,0.000000,3700,3900,3900,4000,4000,4100,4200,4200,4200,4200,4200,1189,0,1200,1356.1936915826957,1.8967919968417846,4163.628374997643,17.0
1787658211,580,POST,/posts,14.500000,0.000000,3700,3900,3900,4000,4000,4000,4100,4100,4200,4200,4200,2221,3,1200,1322.7265301755522,1.656333995924797,4165.65050000645,168.77172444844663
1787658211,580,,Aggregated,91.300000,0.200000,3700,3900,4000,4000,4000,4100,4200,4200,4200,4200,4200,14623,21,1200,1344.1299477151586,0.5523750005522743,4182.443625002634,3018.882240306367
1787658212,590,GET,/feed,68.600000,0.300000,3700,3900,4000,4000,4000,4100,4200,4200,4200,4200,4200,11290,18,1200,1360.8120242621742,0.5523750005522743,4182.443625002634,3901.769353410097
1787658212,590,POST,/follow,8.600000,0.000000,3700,3800,3900,4000,4000,4100,4200,4200,4200,4200,4200,1196,0,1300,1367.8578724563718,1.8967919968417846,4163.628374997643,17.0
1787658212,590,POST,/posts,14.300000,0.000000,3600,3900,3900,4000,4000,4000,4100,4100,4200,4200,4200,2238,3,1200,1338.1428493145127,1.656333995924797,4165.65050000645,168.7734584450402
1787658212,590,,Aggregated,91.500000,0.300000,3700,3900,4000,4000,4000,4100,4100,4200,4200,4200,4200,14724,21,1200,1357.938703215412,0.5523750005522743,4182.443625002634,3018.8143846780767
1787658213,600,GET,/feed,68.500000,0.300000,3500,3900,4000,4000,4000,4100,4200,4200,4200,4200,4200,11373,18,1200,1375.917944847792,0.5523750005522743,4182.443625002634,3901.8148245845423
1787658213,600,POST,/follow,8.700000,0.000000,3700,3800,3900,4000,4000,4100,4200,4200,4200,4200,4200,1205,0,1300,1383.1582196745487,1.8967919968417846,4163.628374997643,17.0
1787658213,600,POST,/posts,14.700000,0.000000,3600,3900,3900,4000,4000,4000,4100,4100,4200,4200,4200,2251,3,1200,1350.1786748173613,1.656333995924797,4165.65050000645,168.7747667703243
1787658213,600,,Aggregated,91.900000,0.300000,3600,3900,3900,4000,4000,4100,4100,4200,4200,4200,4200,14829,21,1200,1372.5991394211171,0.5523750005522743,4182.443625002634,3019.4711039179983
1787658214,600,GET,/feed,70.100000,0.300000,3500,3800,4000,4000,4000,4100,4200,4200,4200,4200,4200,11451,18,1200,1390.984493920087,0.5523750005522743,4182.443625002634,3901.856955724391
1787658214,600,POST,/follow,8.900000,0.000000,3500,3800,3900,4000,4000,4100,4200,4200,4200,4200,4200,1212,0,1300,1395.7890289115808,1.8967919968417846,4163.628374997643,17.0
1787658214,600,POST,/posts,14.300000,0.000000,3500,3800,3900,4000,4000,4000,4100,4100,4200,4200,4200,2268,3,1200,1366.8742827627373,1.656333995924797,4165.65050000645,168.77645502645504
1787658214,600,,Aggregated,93.300000,0.300000,3500,3800,3900,4000,4000,4100,4100,4200,4200,4200,4200,14931,21,1300,1387.7121837938346,0.5523750005522743,4182.443625002634,3019.4597146875626
1787658215,600,GET,/feed,72.400000,0.200000,3500,3700,3800,3900,4000,4100,4200,4200,4200,4200,4200,11534,18,1300,1407.2032233616173,0.5523750005522743,4182.443625002634,3901.901161782556
1787658215,600,POST,/follow,9.200000,0.000000,3600,3700,3900,3900,4000,4000,4200,4200,4200,4200,4200,1222,0,1300,1413.9196428664836,1.8967919968417846,4163.628374997643,17.0
1787658215,600,POST,/posts,14.900000,0.000000,3600,3600,3800,3900,4000,4000,4100,4100,4200,4200,4200,2286,3,1300,1384.6461272838612,1.656333995924797,4165.65050000645,168.7782152230971
1787658215,600,,Aggregated,96.500000,0.200000,3500,3700,3800,3900,4000,4100,4100,4200,4200,4200,4200,15042,21,1300,1404.3207571338103,0.5523750005522743,4182.443625002634,3018.955524531312
1787658216,600,GET,/feed,74.800000,0.200000,3500,3700,3700,3800,3900,4000,4000,4000,4100,4100,4100,11612,18,1300,1422.821828241467,0.5523750005522743,4182.443625002634,3901.9421288322424
1787658216,600,POST,/follow,9.500000,0.000000,3600,3700,3700,3800,3900,3900,4000,4000,4000,4000,4000,1233,0,1300,1434.4420566705949,1.8967919968417846,4163.628374997643,17.0
1787658216,600,POST,/posts,15.200000,0.000000,3600,3700,3700,3800,3900,3900,4000,4000,4000,4000,4000,2305,3,1300,1403.9741413821816,1.656333995924797,4165.65050000645,168.78004338394794
1787658216,600,,Aggregated,99.500000,0.200000,3500,3700,3700,3800,3900,4000,4000,4000,4100,4100,4100,15150,21,1300,1420.8999684026935,0.5523750005522743,4182.443625002634,3017.7789438943896
1787658217,600,GET,/feed,76.200000,0.200000,3500,3600,3700,3700,3800,3800,3900,3900,4000,4000,4000,11696,18,1300,1438.5538374407388,0.5523750005522743,4182.443625002634,3901.985636114911
1787658217,600,POST,/follow,9.400000,0.000000,3500,3600,3700,3700,3800,3900,3900,3900,3900,3900,3900,1238,0,1400,1443.1360376953423,1.8967919968417846,4163.628374997643,17.0
1787658217,600,POST,/posts,15.800000,0.000000,3600,3600,3700,3700,3800,3900,3900,3900,3900,3900,3900,2331,3,1300,1428.380140843385,1.656333995924797,4165.65050000645,168.7824967824968
1787658217,600,,Aggregated,101.400000,0.200000,3500,3600,3700,3700,3800,3900,3900,3900,4000,4000,4000,15265,21,1300,1437.3719099691964,0.5523750005522743,4182.443625002634,3016.8425810678023
1787658218,600,GET,/feed,78.100000,0.200000,3500,3600,3600,3600,3700,3700,3800,3800,3800,3800,3800,11775,18,1300,1452.6134015321338,0.5523750005522743,4182.443625002634,3902.0259872611464
1787658218,600,POST,/follow,9.800000,0.000000,3500,3500,3600,3600,3700,3700,3800,3800,3800,3800,3800,1250,0,1400,1463.0200992670714,1.8967919968417846,4163.628374997643,17.0
1787658218,600,POST,/posts,16.200000,0.000000,3500,3600,3600,3600,3700,3700,3800,3800,3800,3800,3800,2356,3,1400,1450.2413553221295,1.656333995924797,4165.65050000645,168.78480475382003
1787658218,600,,Aggregated,104.100000,0.200000,3500,3600,3600,3600,3700,3700,3800,3800,3800,3800,3800,15381,21,1300,1453.0958039310706,0.5523750005522743,4182.443625002634,3014.4504908653535
1787658219,600,GET,/feed,78.500000,0.200000,3500,3600,3600,3600,3700,3700,3800,3800,3800,3800,3800,11857,18,1400,1466.80114374765,0.5523750005522743,4182.443625002634,3902.067302015687
1787658219,600,POST,/follow,10.000000,0.000000,3500,3500,3600,3600,3700,3700,3800,3800,3800,3800,3800,1257,0,1400,1474.2499142806996,1.8967919968417846,4163.628374997643,17.0
1787658219,600,POST,/posts,16.500000,0.000000,3500,3600,3600,3600,3700,3700,3800,3800,3800,3800,3800,2372,3,1400,1464.05740954002,1.656333995924797,4165.65050000645,168.7862563237774
1787658219,600,,Aggregated,105.000000,0.200000,3500,3600,3600,3600,3700,3700,3800,3800,3800,3800,3800,15486,21,1400,1466.9855016851225,0.5523750005522743,4182.443625002634,3014.8871238538036
1787658221,600,GET,/feed,78.800000,0.100000,3500,3600,3600,3600,3700,3700,3800,3800,3800,3800,3800,11938,18,1400,1480.2187982952644,0.5523750005522743,4182.443625002634,3902.1075557044733
1787658221,600,POST,/follow,9.600000,0.000000,3500,3600,3600,3700,3700,3700,3800,3800,3800,3800,3800,1264,0,1500,1485.0399594879939,1.8967919968417846,4163.628374997643,17.0
1787658221,600,POST,/posts,17.600000,0.000000,3500,3600,3600,3600,3700,3700,3800,3800,3800,3800,3800,2382,3,1400,1472.295188974356,1.656333995924797,4165.65050000645,168.78715365239296
1787658221,600,,Aggregated,106.000000,0.100000,3500,3600,3600,3600,3700,3700,3800,3800,3800,3800,3800,15584,21,1400,1479.398720673688,0.5523750005522743,4182.443625002634,3016.356455338809
1787658222,600,GET,/feed,79.600000,0.000000,3600,3600,3600,3700,3700,3700,3800,3800,3800,3800,3800,12023,19,1400,1494.5925154154397,0.5523750005522743,4182.443625002634,3901.8241703401814
1787658222,600,POST,/follow,8.900000,0.000000,3500,3600,3600,3700,3700,3700,3800,3800,3800,3800,3800,1269,0,1500,1493.0518692204978,1.8967919968417846,4163.628374997643,17.0
1787658222,600,POST,/posts,18.100000,0.000000,3500,3600,3600,3600,3700,3700,3800,3800,3800,3800,3800,2395,3,1500,1483.5669164968278,1.656333995924797,4165.65050000645,168.78830897703548
1787658222,600,,Aggregated,106.600000,0.000000,3600,3600,3600,3700,3700,3700,3800,3800,3800,3800,3800,15687,22,1400,1492.7845604571107,0.5523750005522743,4182.443625002634,3017.6230636833047
1787658223,600,GET,/feed,80.300000,0.000000,3600,3600,3700,3700,3700,3700,3800,3800,3800,3800,3800,12101,19,1500,1508.77878732161,0.5523750005522743,4182.443625002634,3901.8639781836214
1787658223,600,POST,/follow,8.500000,0.000000,3500,3600,3700,3700,3700,3700,3800,3800,3800,3800,3800,1274,0,1500,1501.627007653696,1.8967919968417846,4163.628374997643,17.0
1787658223,600,POST,/posts,17.500000,0.000000,3600,3600,3700,3700,3700,3700,3800,3800,3800,3800,3800,2411,3,1500,1498.1091273205727,1.656333995924797,4165.65050000645,168.7897138116964
1787658223,600,,Aggregated,106.300000,0.000000,3600,3600,3700,3700,3700,3700,3800,3800,3800,3800,3800,15786,22,1500,1506.5720270555973,0.5523750005522743,4182.443625002634,3018.18484733308
1787658224,600,GET,/feed,80.500000,0.100000,3600,3700,3700,3700,3700,3800,3800,3800,3800,3800,3800,12183,19,1500,1523.7126089906237,0.5523750005522743,4182.443625002634,3901.905277846179
1787658224,600,POST,/follow,7.900000,0.000000,3600,3600,3700,3700,3700,3700,3800,3800,3800,3800,3800,1282,0,1500,1515.3038328149783,1.8967919968417846,4163.628374997643,17.0
1787658224,600,POST,/posts,17.300000,0.000000,3600,3700,3700,3700,3700,3700,3800,3800,3800,3800,3800,2434,3,1500,1518.9460156523871,1.656333995924797,4165.65050000645,168.79170090386197
1787658224,600,,Aggregated,105.700000,0.100000,3600,3700,3700,3700,3700,3800,3800,3800,3800,3800,3800,15899,22,1500,1522.3048513176693,0.5523750005522743,4182.443625002634,3017.142273098937
1787658225,600,GET,/feed,80.700000,0.100000,3600,3700,3700,3700,3800,3800,3800,3800,3900,3900,3900,12259,19,1500,1537.676706498063,0.5523750005522743,4182.443625002634,3901.943062239987
1787658225,600,POST,/follow,7.800000,0.000000,3600,3700,3700,3700,3700,3800,3800,3800,3800,3800,3800,1287,0,1600,1524.0097878467766,1.8967919968417846,4163.628374997643,17.0
1787658225,600,POST,/posts,17.100000,0.000000,3600,3700,3700,3700,3800,3800,3800,3800,3800,3800,3800,2450,3,1500,1533.6485605501719,1.656333995924797,4165.65050000645,168.7930612244898
1787658225,600,,Aggregated,105.600000,0.100000,3600,3700,3700,3700,3800,3800,3800,3800,3900,3900,3900,15996,22,1500,1535.9601347378484,0.5523750005522743,4182.443625002634,3017.588272068017
1787658226,600,GET,/feed,80.700000,0.100000,3600,3700,3700,3800,3900,3900,3900,3900,3900,3900,3900,12340,19,1600,1553.1200008886358,0.5523750005522743,4182.443625002634,3901.9828200972447
1787658226,600,POST,/follow,7.700000,0.000000,3600,3700,3700,3800,3800,3900,3900,3900,3900,3900,3900,1297,0,1600,1542.0364556050922,1.8967919968417846,4163.628374997643,17.0
1787658226,600,POST,/posts,18.200000,0.000000,3600,3700,3700,3700,3800,3900,3900,3900,3900,3900,3900,2464,3,1600,1546.9606076899056,1.656333995924797,4165.65050000645,168.79423701298703
1787658226,600,,Aggregated,106.600000,0.100000,3600,3700,3700,3800,3900,3900,3900,3900,3900,3900,3900,16101,22,1600,1551.2845805374604,0.5523750005522743,4182.443625002634,3017.7272219116826
1787658227,600,GET,/feed,80.400000,0.100000,3700,3800,3800,3900,3900,3900,4000,4000,4000,4000,4000,12419,19,1600,1568.2037743385738,0.5523750005522743,4182.443625002634,3902.021096706659
1787658227,600,POST,/follow,7.400000,0.000000,3600,3700,3800,3800,3900,3900,4000,4000,4000,4000,4000,1304,0,1600,1554.7886021256127,1.8967919968417846,4163.628374997643,17.0
1787658227,600,POST,/posts,18.100000,0.000000,3700,3700,3800,3800,3900,3900,3900,3900,4000,4000,4000,2476,3,1600,1558.426546738664,1.656333995924797,4165.65050000645,168.79523424878838
1787658227,600,,Aggregated,105.900000,0.100000,3700,3700,3800,3900,3900,3900,4000,4000,4000,4000,4000,16199,22,1600,1565.6294302369054,0.5523750005522743,4182.443625002634,3018.661954441632
1787658228,600,GET,/feed,80.200000,0.100000,3700,3800,3900,3900,3900,3900,4000,4000,4000,4000,4000,12502,19,1700,1583.4945271295578,0.5523750005522743,4182.443625002634,3902.0607902735564
1787658228,600,POST,/follow,7.500000,0.000000,3700,3800,3800,3900,3900,3900,4000,4000,4000,4000,4000,1308,0,1700,1561.7168031068709,1.8967919968417846,4163.628374997643,17.0
1787658228,600,POST,/posts,17.800000,0.000000,3700,3800,3800,3900,3900,3900,3900,3900,4000,4000,4000,2491,3,1700,1572.1764191147752,1.656333995924797,4165.65050000645,168.79646728221599
1787658228,600,,Aggregated,105.500000,0.100000,3700,3800,3900,3900,3900,3900,4000,4000,4000,4000,4000,16301,22,1700,1580.017521419089,0.5523750005522743,4182.443625002634,3019.831421385191
1787658229,600,GET,/feed,80.300000,0.100000,3800,3900,3900,3900,3900,3900,4000,4000,4000,4000,4000,12582,19,1700,1597.9201306369978,0.5523750005522743,4182.443625002634,3902.0985534891115
1787658229,600,POST,/follow,7.000000,0.000000,3800,3800,3900,3900,3900,3900,4000,4000,4000,4000,4000,1313,0,1700,1570.2761394430927,1.8967919968417846,4163.628374997643,17.0
1787658229,600,POST,/posts,17.100000,0.000000,3700,3800,3900,3900,3900,3900,3900,3900,4000,4000,4000,2502,3,1700,1582.192263944797,1.656333995924797,4165.65050000645,168.79736211031175
1787658229,600,,Aggregated,104.400000,0.100000,3800,3900,3900,3900,3900,3900,4000,4000,4000,4000,4000,16397,22,1700,1593.30662311115,0.5523750005522743,4182.443625002634,3021.3365859608466
1787658230,600,GET,/feed,80.300000,0.100000,3800,3900,3900,3900,3900,4000,4000,4000,4100,4100,4100,12645,19,1700,1609.6699903362387,0.5523750005522743,4182.443625002634,3902.127955713721
1787658230,600,POST,/follow,7.000000,0.000000,3800,3900,3900,3900,3900,4000,4000,4000,4000,4000,4000,1318,0,1700,1579.284138725164,1.8967919968417846,4163.628374997643,17.0
1787658230,600,POST,/posts,16.000000,0.000000,3800,3900,3900,3900,3900,3900,4000,4000,4000,4000,4000,2517,3,1700,1596.222611762371,1.656333995924797,4165.65050000645,168.79856972586413
1787658230,600,,Aggregated,103.300000,0.100000,3800,3900,3900,3900,3900,4000,4000,4000,4100,4100,4100,16480,22,1700,1605.1860337650212,0.5523750005522743,4182.443625002634,3021.2184466019417
1787658231,600,GET,/feed,80.200000,0.100000,3900,3900,3900,3900,4100,4200,4300,4300,4300,4300,4300,12715,19,1700,1623.986184182915,0.5523750005522743,4312.287583001307,3902.160283130161
1787658231,600,POST,/follow,6.300000,0.000000,3800,3900,3900,4000,4200,4200,4200,4300,4300,4300,4300,1326,0,1700,1595.0008386483944,1.8967919968417846,4259.302125006798,17.0
1787658231,600,POST,/posts,14.400000,0.000000,3900,3900,3900,3900,4200,4300,4300,4300,4300,4300,4300,2534,3,1700,1613.840415899324,1.656333995924797,4296.413249998295,168.79992107340175
1787658231,600,,Aggregated,100.900000,0.100000,3900,3900,3900,3900,4100,4200,4300,4300,4300,4300,4300,16575,22,1700,1620.1162629153894,0.5523750005522743,4312.287583001307,3020.5881749622927
1787658232,600,GET,/feed,78.600000,0.100000,3900,3900,4000,4100,4200,4300,4300,4300,4300,4300,4300,12792,19,1700,1639.7620929007794,0.5523750005522743,4344.23679199972,3902.195434646654
1787658232,600,POST,/follow,6.100000,0.000000,3900,4000,4200,4200,4200,4300,4300,4300,4300,4300,4300,1336,0,1700,1614.7836037049192,1.8967919968417846,4325.796208999236,17.0
1787658232,600,POST,/posts,14.400000,0.000000,3900,3900,4000,4200,4200,4300,4300,4300,4300,4300,4300,2552,3,1700,1632.1872934674338,1.656333995924797,4321.474500000477,168.80133228840126
1787658232,600,,Aggregated,99.100000,0.100000,3900,3900,4000,4200,4200,4300,4300,4300,4300,4300,4300,16680,22,1700,1636.6024915986563,0.5523750005522743,4344.23679199972,3019.8067745803355
1787658233,600,GET,/feed,77.500000,0.100000,3900,4000,4200,4200,4200,4300,4300,4300,4300,4300,4300,12869,19,1800,1654.8093060882522,0.5523750005522743,4344.23679199972,3902.230165514026
1787658233,600,POST,/follow,6.200000,0.000000,4000,4100,4200,4200,4200,4300,4300,4300,4300,4300,4300,1347,0,1700,1635.4448772633864,1.8967919968417846,4325.796208999236,17.0
1787658233,600,POST,/posts,15.100000,0.000000,3900,4100,4200,4200,4200,4300,4300,4300,4300,4300,4300,2571,3,1800,1650.6958694947077,1.656333995924797,4321.474500000477,168.80280046674446
1787658233,600,,Aggregated,98.800000,0.100000,3900,4100,4200,4200,4200,4300,4300,4300,4300,4300,4300,16787,22,1800,1652.625501292342,0.5523750005522743,4344.23679199972,3018.6865431583965
1787658234,600,GET,/feed,76.700000,0.000000,4000,4100,4200,4200,4200,4300,4300,4300,4300,4300,4300,12945,19,1800,1669.4723415830579,0.5523750005522743,4344.23679199972,3902.2640401699496
1787658234,600,POST,/follow,6.700000,0.000000,4100,4100,4200,4200,4200,4300,4300,4300,4300,4300,4300,1353,0,1700,1646.38857982762,1.8967919968417846,4325.796208999236,17.0
1787658234,600,POST,/posts,15.800000,0.000000,4100,4100,4200,4200,4200,4300,4300,4300,4300,4300,4300,2591,3,1800,1669.8772364484312,1.656333995924797,4321.474500000477,168.80432265534543
1787658234,600,,Aggregated,99.200000,0.000000,4000,4100,4200,4200,4200,4300,4300,4300,4300,4300,4300,16889,22,1800,1667.6851873963813,0.5523750005522743,4344.23679199972,3018.2474391615847
1787658235,600,GET,/feed,76.500000,0.000000,4000,4100,4200,4200,4200,4300,4300,4300,4300,4300,4300,13026,19,1800,1683.9056248628658,0.5523750005522743,4344.23679199972,3902.299708275756
1787658235,600,POST,/follow,7.200000,0.000000,4000,4100,4200,4200,4200,4300,4300,4300,4300,4300,4300,1369,0,1800,1673.45660068645,1.8967919968417846,4325.796208999236,17.0
1787658235,600,POST,/posts,16.100000,0.000000,4100,4100,4200,4200,4200,4300,4300,4300,4300,4300,4300,2609,3,1800,1685.7782429451431,1.656333995924797,4321.474500000477,168.80567267152165
1787658235,600,,Aggregated,99.800000,0.000000,4000,4100,4200,4200,4200,4300,4300,4300,4300,4300,4300,17004,22,1800,1683.351693227915,0.5523750005522743,4344.23679199972,3016.645671606681
1787658236,600,GET,/feed,75.800000,0.000000,4000,4100,4200,4200,4200,4300,4300,4300,4300,4300,4300,13102,19,1800,1695.9272484960084,0.5523750005522743,4344.23679199972,3902.3327736223478
1787658236,600,POST,/follow,6.900000,0.000000,4000,4100,4200,4200,4200,4300,4300,4300,4300,4300,4300,1378,0,1800,1687.4028311913978,1.8967919968417846,4325.796208999236,17.0
1787658236,600,POST,/posts,15.500000,0.000000,4100,4100,4200,4200,4200,4300,4300,4300,4300,4300,4300,2632,3,1800,1703.710960964615,1.656333995924797,4321.474500000477,168.8073708206687
1787658236,600,,Aggregated,98.200000,0.000000,4000,4100,4200,4200,4200,4300,4300,4300,4300,4300,4300,17112,22,1800,1696.4380061030538,0.5523750005522743,4344.23679199972,3015.1993338008415
1787658237,600,GET,/feed,76.300000,0.000000,4000,4100,4200,4200,4200,4300,4300,4300,4300,4300,4300,13184,19,1800,1708.0976935966096,0.5523750005522743,4344.23679199972,3902.3680218446602
1787658237,600,POST,/follow,8.200000,0.000000,4000,4100,4200,4200,4200,4200,4300,4300,4300,4300,4300,1392,0,1800,1707.0595623554245,1.8967919968417846,4325.796208999236,17.0
1787658237,600,POST,/posts,15.800000,0.000000,4000,4100,4200,4200,4200,4300,4300,4300,4300,4300,4300,2654,3,1800,1719.667572582835,1.656333995924797,4321.474500000477,168.80896759608137
1787658237,600,,Aggregated,100.300000,0.000000,4000,4100,4200,4200,4200,4300,4300,4300,4300,4300,4300,17230,22,1800,1709.79597451024,0.5523750005522743,4344.23679199972,3013.3780034822985
1787658238,600,GET,/feed,75.800000,0.000000,4000,4100,4200,4200,4200,4300,4300,4300,4300,4300,4300,13258,20,1800,1718.741061849881,0.5523750005522743,4344.23679199972,3902.1046915070146
1787658238,600,POST,/follow,8.100000,0.000000,4000,4100,4200,4200,4200,4200,4300,4300,4300,4300,4300,1399,1,1800,1714.2469326338505,1.8967919968417846,4325.796208999236,16.98784846318799
1787658238,600,POST,/posts,16.700000,0.000000,4000,4100,4200,4200,4200,4300,4300,4300,4300,4300,4300,2672,4,1800,1731.1246424217195,1.656333995924797,4321.474500000477,168.74700598802394
1787658238,600,,Aggregated,100.600000,0.000000,4000,4100,4200,4200,4200,4300,4300,4300,4300,4300,4300,17329,25,1800,1720.2876969999104,0.5523750005522743,4344.23679199972,3012.797160828669
1787658239,600,GET,/feed,76.100000,0.000000,4000,4100,4200,4200,4200,4300,4300,4300,4300,4300,4300,13340,20,1800,1729.9830517684188,0.5523750005522743,4344.23679199972,3902.1409295352323
1787658239,600,POST,/follow,8.800000,0.000000,4000,4100,4200,4200,4200,4200,4300,4300,4300,4300,4300,1405,1,1800,1722.0498466831125,1.8967919968417846,4325.796208999236,16.987900355871886
1787658239,600,POST,/posts,17.800000,0.000000,3900,4100,4200,4200,4200,4300,4300,4300,4300,4300,4300,2695,4,1800,1746.4599912834315,1.656333995924797,4321.474500000477,168.7491651205937
1787658239,600,,Aggregated,102.700000,0.000000,3900,4100,4200,4200,4200,4300,4300,4300,4300,4300,4300,17440,25,1800,1731.8901159225613,0.5523750005522743,4344.23679199972,3012.2251720183485
1787658240,600,GET,/feed,75.100000,0.100000,3700,4100,4100,4200,4200,4200,4300,4300,4300,4300,4300,13417,21,1800,1740.4186003924624,0.5523750005522743,4344.23679199972,3901.883282402922
1787658240,600,POST,/follow,9.100000,0.100000,3800,4000,4100,4100,4200,4200,4300,4300,4300,4300,4300,1415,1,1800,1735.37108925709,1.8967919968417846,4325.796208999236,16.987985865724383
1787658240,600,POST,/posts,17.900000,0.100000,3700,4100,4100,4100,4200,4200,4300,4300,4300,4300,4300,2708,4,1800,1755.1864498743892,1.656333995924797,4321.474500000477,168.7503692762186
1787658240,600,,Aggregated,102.100000,0.300000,3800,4100,4100,4200,4200,4200,4300,4300,4300,4300,4300,17540,26,1800,1742.2914115749395,0.5523750005522743,4344.23679199972,3012.1198403648805
1787658241,600,GET,/feed,75.300000,0.100000,3700,3900,4100,4100,4200,4200,4200,4200,4200,4200,4200,13477,21,1800,1749.3481547270676,0.5523750005522743,4344.23679199972,3901.9105142093936
1787658241,600,POST,/follow,8.900000,0.100000,3800,3900,4000,4000,4100,4200,4200,4200,4200,4200,4200,1425,1,1800,1749.4823438349363,1.8967919968417846,4325.796208999236,16.988070175438597
1787658241,600,POST,/posts,19.000000,0.100000,3700,3900,4100,4100,4100,4200,4200,4200,4200,4200,4200,2722,4,1800,1765.3326220341119,1.656333995924797,4321.474500000477,168.7516531961793
1787658241,600,,Aggregated,103.200000,0.300000,3700,3900,4100,4100,4200,4200,4200,4200,4200,4200,4200,17624,26,1800,1751.8277813435354,0.5523750005522743,4344.23679199972,3011.2118701770314
1787658242,600,GET,/feed,76.500000,0.100000,3700,3800,4000,4100,4100,4200,4200,4200,4200,4200,4200,13535,21,1800,1759.3353943977622,0.5523750005522743,4344.23679199972,3901.9366087920207
1787658242,600,POST,/follow,9.600000,0.100000,3700,3800,3900,4000,4000,4100,4100,4100,4100,4100,4100,1429,1,1800,1755.8288989718537,1.8967919968417846,4325.796208999236,16.988103568929322
1787658242,600,POST,/posts,19.200000,0.100000,3700,3800,4000,4100,4100,4200,4200,4200,4200,4200,4200,2735,4,1800,1776.4169352876993,1.656333995924797,4321.474500000477,168.7528336380256
1787658242,600,,Aggregated,105.300000,0.300000,3700,3800,4000,4100,4100,4200,4200,4200,4200,4200,4200,17699,26,1800,1761.6918683437755,0.5523750005522743,4344.23679199972,3011.386349511272
1787658243,600,GET,/feed,75.900000,0.200000,3700,3800,4000,4100,4200,4300,4400,4400,4400,4400,4400,13611,21,1800,1773.530807830409,0.5523750005522743,4394.513457998983,3901.970465065021
1787658243,600,POST,/follow,9.900000,0.100000,3700,3800,3900,4000,4000,4100,4100,4200,4200,4200,4200,1431,1,1800,1759.1521717950927,1.8967919968417846,4325.796208999236,16.988120195667367
1787658243,600,POST,/posts,18.800000,0.100000,3700,3800,3900,4000,4100,4200,4300,4300,4300,4300,4300,2743,4,1800,1783.5847257914213,1.656333995924797,4344.38095799851,168.75355450236967
1787658243,600,,Aggregated,104.600000,0.400000,3700,3800,3900,4000,4200,4300,4400,4400,4400,4400,4400,17785,26,1800,1773.9245142572095,0.5523750005522743,4394.513457998983,3013.6025302220974
1787658244,610,GET,/feed,74.000000,0.200000,3700,3800,4200,4200,4400,4400,4400,4400,4400,4400,4400,13686,21,1800,1787.7827078555965,0.5523750005522743,4420.135083004425,3902.0035072336696
1787658244,610,POST,/follow,9.300000,0.100000,3700,3800,4100,4300,4400,4400,4400,4400,4400,4400,4400,1450,1,1800,1793.1693295736393,1.8967919968417846,4390.802541995072,16.988275862068967
1787658244,610,POST,/posts,18.200000,0.100000,3700,3800,4100,4200,4300,4400,4400,4400,4400,4400,4400,2766,4,1800,1805.012462148896,1.656333995924797,4403.9920840004925,168.75560375994215
1787658244,610,,Aggregated,101.500000,0.400000,3700,3800,4200,4200,4400,4400,4400,4400,4400,4400,4400,17902,26,1800,1790.88113830284,0.5523750005522743,4420.135083004425,3010.5145235169257
1787658245,620,GET,/feed,73.600000,0.200000,3700,4200,4400,4400,4400,4400,4500,4500,4500,4500,4500,13762,21,1800,1802.455020930514,0.5523750005522743,4527.415000004112,3902.0366225839266
1787658245,620,POST,/follow,8.500000,0.100000,3700,4100,4300,4400,4400,4500,4500,4500,4500,4500,4500,1458,2,1800,1804.7306506102755,1.8352499973843805,4521.504666998226,16.976680384087793
1787658245,620,POST,/posts,17.200000,0.100000,3700,4100,4300,4300,4400,4400,4400,4500,4500,4500,4500,2776,4,1800,1814.4579529945393,1.656333995924797,4473.792042001151,168.7564841498559
1787658245,620,,Aggregated,99.300000,0.400000,3700,4200,4300,4400,4400,4400,4500,4500,4500,4500,4500,17996,27,1800,1804.4909182122965,0.5523750005522743,4527.415000004112,3011.394087575017
1787658246,630,GET,/feed,73.800000,0.200000,4000,4300,4400,4400,4500,4500,4800,4900,4900,4900,4900,13803,21,1800,1811.0739466001394,0.5523750005522743,4936.065957997926,3902.05433601391
1787658246,630,POST,/follow,9.700000,0.100000,3900,4300,4400,4400,4500,4500,4700,4800,4800,4800,4800,1461,2,1800,1810.5811398917003,1.8352499973843805,4806.94358299661,16.976728268309376
1787658246,630,POST,/posts,17.600000,0.100000,3800,4300,4400,4400,4400,4800,4800,4800,4800,4800,4800,2786,4,1900,1824.8853614543627,1.656333995924797,4810.0015000018175,168.75735821966978
1787658246,630,,Aggregated,101.100000,0.400000,3900,4300,4400,4400,4500,4500,4800,4800,4900,4900,4900,18050,27,1800,1813.1658364163698,0.5523750005522743,4936.065957997926,3011.3582825484764
1787658247,640,GET,/feed,73.500000,0.200000,4300,4400,4400,4500,4900,5000,5100,5100,5200,5200,5200,13870,21,1900,1826.5751086762598,0.5523750005522743,5173.890833997575,3902.0830569574623
1787658247,640,POST,/follow,8.900000,0.200000,4300,4400,4400,4500,4900,5000,5100,5100,5100,5100,5100,1468,2,1800,1825.8359295856715,1.8352499973843805,5141.991500000586,16.97683923705722
1787658247,640,POST,/posts,16.700000,0.100000,4200,4300,4400,4400,4800,4900,5100,5100,5100,5100,5100,2795,4,1900,1835.0788403591644,1.656333995924797,5060.276000003796,168.75813953488372
1787658247,640,,Aggregated,99.100000,0.500000,4300,4400,4400,4500,4900,5000,5100,5100,5200,5200,5200,18133,27,1900,1827.826022212291,0.5523750005522743,5173.890833997575,3012.1046158936747
1787658248,650,GET,/feed,70.000000,0.200000,4400,4400,4800,4900,5000,5100,5100,5200,5200,5200,5200,13944,21,1900,1843.3097191540235,0.5523750005522743,5186.68741700094,3902.114457831325
1787658248,650,POST,/follow,8.300000,0.200000,4300,4400,4500,4900,5000,5000,5100,5100,5100,5100,5100,1477,2,1800,1844.9038933979448,1.8352499973843805,5141.991500000586,16.976980365605957
1787658248,650,POST,/posts,15.500000,0.100000,4300,4400,4800,4800,4900,5000,5100,5100,5100,5100,5100,2809,4,1900,1850.5799104556297,1.656333995924797,5060.276000003796,168.75934496262016
1787658248,650,,Aggregated,93.800000,0.500000,4400,4400,4800,4900,5000,5000,5100,5100,5200,5200,5200,18230,27,1900,1844.5591191937704,0.5523750005522743,5186.68741700094,3012.079210093253
1787658249,660,GET,/feed,68.200000,0.200000,4400,4900,5000,5000,5000,5100,5100,5200,5200,5200,5200,14020,21,1900,1860.449795385068,0.5523750005522743,5186.68741700094,3902.146362339515
1787658249,660,POST,/follow,7.500000,0.200000,4400,4500,4900,4900,5000,5000,5100,5100,5100,5100,5100,1479,2,1800,1849.0980404596082,1.8352499973843805,5141.991500000586,16.977011494252874
1787658249,660,POST,/posts,14.100000,0.100000,4400,4800,4900,4900,5000,5100,5100,5100,5100,5100,5100,2821,4,1900,1863.8834916883588,1.656333995924797,5111.2187500039,168.76036866359448
1787658249,660,,Aggregated,89.800000,0.500000,4400,4900,4900,5000,5000,5100,5100,5100,5200,5200,5200,18320,27,1900,1860.0620886021504,0.5523750005522743,5186.68741700094,3013.606659388646
1787658250,670,GET,/feed,68.400000,0.100000,4500,4900,5000,5000,5100,5100,5100,5200,5200,5200,5200,14073,21,1900,1872.2364083413393,0.5523750005522743,5186.68741700094,3902.1684075890003
1787658250,670,POST,/follow,7.800000,0.100000,4500,4900,4900,5000,5000,5100,5100,5100,5100,5100,5100,1488,2,1900,1867.919386372817,1.8352499973843805,5141.991500000586,16.977150537634408
1787658250,670,POST,/posts,13.900000,0.000000,4500,4900,4900,4900,5000,5100,5100,5100,5100,5100,5100,2828,4,1900,1871.606531961761,1.656333995924797,5111.2187500039,168.76096181046677
1787658250,670,,Aggregated,90.100000,0.200000,4500,4900,5000,5000,5100,5100,5100,5200,5200,5200,5200,18389,27,1900,1871.790216645732,0.5523750005522743,5186.68741700094,3013.634999184295
1787658251,680,GET,/feed,67.800000,0.100000,4900,5000,5000,5100,5200,5500,5600,5600,5700,5700,5700,14133,21,1900,1887.4432156921162,0.5523750005522743,5690.242040996964,3902.193164933135
1787658251,680,POST,/follow,7.700000,0.100000,4900,4900,5000,5000,5100,5200,5500,5500,5500,5500,5500,1493,2,1900,1879.6432863682264,1.8352499973843805,5527.352791999874,16.977227059611522
1787658251,680,POST,/posts,12.600000,0.000000,4800,4900,5000,5000,5100,5300,5500,5500,5600,5600,5600,2836,4,1900,1881.5852273345756,1.656333995924797,5634.091624997382,168.76163610719323
1787658251,680,,Aggregated,88.100000,0.200000,4900,5000,5000,5000,5200,5500,5600,5600,5700,5700,5700,18462,27,1900,1885.9125825287279,0.5523750005522743,5690.242040996964,3014.4974000649986
1787658252,690,GET,/feed,65.900000,0.100000,5000,5000,5100,5300,5700,5700,5800,5800,5800,5800,5800,14210,22,1900,1907.7181138779524,0.5523750005522743,5833.929125001305,3901.949612948628
1787658252,690,POST,/follow,7.400000,0.100000,4900,5000,5100,5500,5700,5700,5800,5800,5800,5800,5800,1505,2,1900,1909.9590570908822,1.8352499973843805,5777.224500001466,16.977408637873754
1787658252,690,POST,/posts,11.900000,0.000000,4900,5000,5100,5100,5600,5700,5800,5800,5800,5800,5800,2849,4,1900,1899.026183534171,1.656333995924797,5790.814625004714,168.76272376272377
1787658252,690,,Aggregated,85.200000,0.200000,5000,5000,5100,5300,5700,5700,5800,5800,5800,5800,5800,18564,28,1900,1906.565846585671,0.5523750005522743,5833.929125001305,3014.0627020038783
1787658253,700,GET,/feed,64.900000,0.000000,5000,5200,5600,5700,5700,5800,5900,5900,5900,5900,5900,14286,22,1900,1928.1643433485715,0.5523750005522743,5926.199583002017,3901.9818003639925
1787658253,700,POST,/follow,6.800000,0.100000,5000,5200,5600,5600,5700,5700,5800,5900,5900,5900,5900,1509,2,1900,1920.0228570276863,1.8352499973843805,5871.628957997018,16.977468522200134
1787658253,700,POST,/posts,11.400000,0.000000,5000,5500,5600,5700,5800,5900,5900,5900,5900,5900,5900,2867,4,1900,1923.2415040459869,1.656333995924797,5901.860250000027,168.76421346355076
1787658253,700,,Aggregated,83.100000,0.100000,5000,5200,5600,5700,5700,5800,5900,5900,5900,5900,5900,18662,28,1900,1926.7497423873335,0.5523750005522743,5926.199583002017,3014.3166863144356
1787658254,700,GET,/feed,67.100000,0.100000,5100,5500,5600,5700,5700,5800,5900,5900,5900,5900,5900,14368,22,1900,1947.8816831381314,0.5523750005522743,5926.199583002017,3902.0161469933187
1787658254,700,POST,/follow,7.500000,0.100000,5200,5400,5600,5600,5700,5700,5800,5900,5900,5900,5900,1522,2,1900,1949.6729093053673,1.8352499973843805,5871.628957997018,16.97766097240473
1787658254,700,POST,/posts,11.200000,0.000000,5200,5500,5600,5700,5800,5900,5900,5900,5900,5900,5900,2889,4,1900,1949.5197744661934,1.656333995924797,5901.860250000027,168.76600899965385
1787658254,700,,Aggregated,85.800000,0.200000,5200,5500,5600,5700,5700,5800,5900,5900,5900,5900,5900,18779,28,1900,1948.2788657396238,0.5523750005522743,5926.199583002017,3012.810746046115
1787658255,700,GET,/feed,67.200000,0.100000,5200,5400,5600,5600,5700,5800,5900,5900,5900,5900,5900,14443,22,1900,1964.97676224307,0.5523750005522743,5926.199583002017,3902.047220106626
1787658255,700,POST,/follow,7.700000,0.100000,5200,5400,5600,5600,5700,5700,5800,5900,5900,5900,5900,1526,2,1900,1958.127682341921,1.8352499973843805,5871.628957997018,16.977719528178245
1787658255,700,POST,/posts,12.200000,0.000000,5300,5400,5600,5700,5800,5900,5900,5900,5900,5900,5900,2910,4,1900,1973.1774084686663,1.656333995924797,5901.860250000027,168.76769759450173
1787658255,700,,Aggregated,87.100000,0.200000,5200,5400,5600,5600,5700,5800,5900,5900,5900,5900,5900,18879,28,1900,1965.6871910045209,0.5523750005522743,5926.199583002017,3012.568992001695
1787658256,700,GET,/feed,67.600000,0.100000,5300,5400,5600,5600,5700,5800,5900,5900,5900,5900,5900,14524,22,1900,1983.3582861608832,0.5523750005522743,5926.199583002017,3902.080418617461
1787658256,700,POST,/follow,7.400000,0.100000,5300,5400,5600,5600,5700,5700,5800,5900,5900,5900,5900,1532,2,1900,1970.9769058986703,1.8352499973843805,5871.628957997018,16.97780678851175
1787658256,700,POST,/posts,12.300000,0.000000,5300,5400,5600,5600,5700,5900,5900,5900,5900,5900,5900,2926,4,2000,1991.038421344438,1.656333995924797,5901.860250000027,168.76896787423104
1787658256,700,,Aggregated,87.300000,0.200000,5300,5400,5600,5600,5700,5800,5900,5900,5900,5900,5900,18982,28,1900,1983.5428716094902,0.5523750005522743,5926.199583002017,3013.0462543462227
1787658257,700,GET,/feed,67.700000,0.100000,5300,5400,5600,5600,5700,5800,5900,5900,5900,5900,5900,14600,22,1900,1999.6651308697687,0.5523750005522743,5926.199583002017,3902.111232876712
1787658257,700,POST,/follow,6.600000,0.000000,5300,5400,5600,5600,5700,5700,5800,5900,5900,5900,5900,1540,2,1900,1987.108999760232,1.8352499973843805,5871.628957997018,16.977922077922077
1787658257,700,POST,/posts,13.400000,0.000000,5300,5400,5500,5600,5700,5800,5900,5900,5900,5900,5900,2951,4,2000,2017.483375854906,1.656333995924797,5901.860250000027,168.77092511013217
1787658257,700,,Aggregated,87.700000,0.100000,5300,5400,5600,5600,5700,5800,5900,5900,5900,5900,5900,19091,28,1900,2001.4065377652976,0.5523750005522743,5926.199583002017,3011.6291970038237
1787658258,700,GET,/feed,71.500000,0.100000,5300,5400,5600,5600,5700,5800,5900,5900,5900,5900,5900,14685,22,1900,2015.9972175485605,0.5523750005522743,5926.199583002017,3902.14531835206
1787658258,700,POST,/follow,6.800000,0.000000,5200,5400,5600,5600,5700,5700,5800,5900,5900,5900,5900,1547,2,1900,1999.6143823023633,1.8352499973843805,5871.628957997018,16.978021978021978
1787658258,700,POST,/posts,13.400000,0.000000,5200,5300,5500,5600,5700,5800,5900,5900,5900,5900,5900,2969,4,2000,2034.3111974516128,1.656333995924797,5901.860250000027,168.77231391040755
1787658258,700,,Aggregated,91.700000,0.100000,5200,5400,5600,5600,5700,5800,5900,5900,5900,5900,5900,19201,28,2000,2017.509115897939,0.5523750005522743,5926.199583002017,3011.8407374615904
1787658259,700,GET,/feed,72.700000,0.100000,5200,5400,5600,5600,5700,5800,5900,5900,5900,5900,5900,14765,22,2000,2030.2744149110488,0.5523750005522743,5926.199583002017,3902.177040298002
1787658259,700,POST,/follow,6.900000,0.000000,5300,5400,5600,5600,5700,5700,5800,5900,5900,5900,5900,1552,2,1900,2008.142347941856,1.8352499973843805,5871.628957997018,16.978092783505154
1787658259,700,POST,/posts,15.400000,0.000000,5200,5300,5500,5600,5700,5800,5900,5900,5900,5900,5900,2983,4,2000,2046.5750408085266,1.656333995924797,5901.860250000027,168.7733825008381
1787658259,700,,Aggregated,95.000000,0.100000,5200,5400,5600,5600,5700,5800,5900,5900,5900,5900,5900,19300,28,2000,2031.0140936217265,0.5523750005522743,5926.199583002017,3012.717357512953
1787658260,700,GET,/feed,73.600000,0.100000,5200,5300,5500,5600,5700,5800,5900,5900,5900,5900,5900,14848,22,2000,2044.4598473753808,0.5523750005522743,5926.199583002017,3902.2095905172414
1787658260,700,POST,/follow,6.600000,0.000000,5200,5400,5500,5600,5700,5700,5800,5900,5900,5900,5900,1562,2,1900,2024.340167523529,1.8352499973843805,5871.628957997018,16.978233034571062
1787658260,700,POST,/posts,15.500000,0.000000,5200,5300,5400,5600,5700,5800,5900,5900,5900,5900,5900,3005,4,2000,2065.0080716665,1.656333995924797,5901.860250000027,168.77504159733778
1787658260,700,,Aggregated,95.700000,0.100000,5200,5300,5400,5600,5700,5800,5900,5900,5900,5900,5900,19415,28,2000,2046.0215509069978,0.5523750005522743,5926.199583002017,3011.779397373165
1787658261,700,GET,/feed,74.000000,0.100000,5100,5200,5300,5300,5700,5800,5900,5900,5900,5900,5900,14923,22,2000,2056.933684131451,0.5523750005522743,5926.199583002017,3902.2386919520204
1787658261,700,POST,/follow,7.200000,0.000000,5000,5200,5300,5400,5500,5600,5800,5900,5900,5900,5900,1572,2,2000,2040.1511776703323,1.8352499973843805,5871.628957997018,16.978371501272264
1787658261,700,POST,/posts,16.100000,0.000000,5200,5200,5300,5400,5700,5800,5900,5900,5900,5900,5900,3019,4,2000,2076.261082555092,1.656333995924797,5901.860250000027,168.77608479629015
1787658261,700,,Aggregated,97.300000,0.100000,5100,5200,5300,5400,5600,5800,5900,5900,5900,5900,5900,19514,28,2000,2058.5718575292285,0.5523750005522743,5926.199583002017,3011.649738649175
1787658262,700,GET,/feed,76.500000,0.100000,4800,5200,5200,5300,5300,5400,5600,5700,5700,5700,5700,15007,22,2000,2071.277771790007,0.5523750005522743,5926.199583002017,3902.270940227894
1787658262,700,POST,/follow,7.300000,0.000000,5000,5200,5200,5300,5400,5400,5600,5600,5600,5600,5600,1574,2,2000,2043.4145381758315,1.8352499973843805,5871.628957997018,16.978398983481576
1787658262,700,POST,/posts,17.500000,0.000000,5000,5200,5200,5300,5300,5400,5600,5600,5600,5600,5600,3041,4,2100,2094.5477879752702,1.656333995924797,5901.860250000027,168.7777047024005
1787658262,700,,Aggregated,101.300000,0.100000,4900,5200,5200,5300,5300,5400,5600,5700,5700,5700,5700,19622,28,2000,2072.6490585859933,0.5523750005522743,5926.199583002017,3011.9945469371114
1787658263,700,GET,/feed,78.800000,0.100000,4700,5000,5200,5200,5300,5300,5300,5300,5400,5400,5400,15084,22,2000,2084.605356443226,0.5523750005522743,5926.199583002017,3902.3001856271544
1787658263,700,POST,/follow,7.800000,0.000000,4600,5000,5100,5200,5200,5200,5300,5300,5300,5300,5300,1577,2,2000,2048.4006917709276,1.8352499973843805,5871.628957997018,16.97844007609385
1787658263,700,POST,/posts,18.400000,0.000000,4700,5100,5200,5200,5200,5300,5300,5300,5300,5300,5300,3056,4,2100,2107.11377949862,1.656333995924797,5901.860250000027,168.77879581151834
1787658263,700,,Aggregated,105.000000,0.100000,4700,5000,5200,5200,5300,5300,5300,5300,5400,5400,5400,19717,28,2000,2085.1982957681357,0.5523750005522743,5926.199583002017,3012.875133133844
1787658264,700,GET,/feed,79.200000,0.000000,4700,4800,5000,5100,5200,5300,5300,5300,5300,5300,5300,15167,22,2100,2099.206751634773,0.5523750005522743,5926.199583002017,3902.331377332366
1787658264,700,POST,/follow,7.000000,0.000000,4700,4700,5000,5100,5200,5200,5300,5300,5300,5300,5300,1587,2,2000,2065.3020280716923,1.8352499973843805,5871.628957997018,16.97857592942659
1787658264,700,POST,/posts,19.100000,0.000000,4700,4800,5000,5100,5200,5300,5300,5300,5300,5300,5300,3068,4,2100,2117.413731916809,1.656333995924797,5901.860250000027,168.77966101694915
1787658264,700,,Aggregated,105.300000,0.000000,4700,4800,5000,5100,5200,5300,5300,5300,5300,5300,5300,19822,28,2100,2099.3102840336646,0.5523750005522743,5926.199583002017,3013.3902229845626
1787658265,700,GET,/feed,79.500000,0.000000,4700,4700,4800,4800,5100,5200,5200,5300,5300,5300,5300,15246,22,2100,2113.1946778638703,0.5523750005522743,5926.199583002017,3902.3607503607504
1787658265,700,POST,/follow,6.900000,0.000000,4700,4700,4800,5000,5100,5200,5200,5300,5300,5300,5300,1593,2,2000,2075.56964572051,1.8352499973843805,5871.628957997018,16.97865662272442
1787658265,700,POST,/posts,18.900000,0.000000,4700,4700,4800,5000,5100,5200,5200,5300,5300,5300,5300,3082,4,2100,2129.45927669396,1.656333995924797,5901.860250000027,168.78066190785205
1787658265,700,,Aggregated,105.300000,0.000000,4700,4700,4800,4800,5100,5200,5200,5300,5300,5300,5300,19921,28,2100,2112.7022737370744,0.5523750005522743,5926.199583002017,3014.0364941519
1787658266,700,GET,/feed,79.600000,0.000000,4700,4700,4800,4800,4900,5000,5100,5100,5100,5100,5100,15324,22,2100,2127.1380976087557,0.5523750005522743,5926.199583002017,3902.389454450535
1787658266,700,POST,/follow,6.400000,0.000000,4700,4700,4800,4800,4900,5000,5100,5100,5100,5100,5100,1599,2,2000,2085.839415264398,1.8352499973843805,5871.628957997018,16.97873671044403
1787658266,700,POST,/posts,17.400000,0.000000,4700,4700,4800,4800,4900,4900,5000,5000,5100,5100,5100,3102,4,2100,2146.8668885054085,1.656333995924797,5901.860250000027,168.7820760799484
1787658266,700,,Aggregated,103.400000,0.000000,4700,4700,4800,4800,4900,5000,5000,5100,5100,5100,5100,20025,28,2100,2126.8965054136424,0.5523750005522743,5926.199583002017,3013.7791260923846
1787658267,700,GET,/feed,79.800000,0.000000,4700,4800,4800,4800,4900,4900,4900,4900,4900,4900,4900,15388,22,2100,2138.462269571782,0.5523750005522743,5926.199583002017,3902.412789186379
1787658267,700,POST,/follow,6.800000,0.000000,4700,4800,4800,4800,4800,4800,4900,4900,4900,4900,4900,1613,2,2000,2109.611921295573,1.8352499973843805,5871.628957997018,16.978921264724118
1787658267,700,POST,/posts,16.900000,0.000000,4600,4700,4800,4800,4800,4800,4900,4900,4900,4900,4900,3114,4,2100,2157.1713944613934,1.656333995924797,5901.860250000027,168.7829158638407
1787658267,700,,Aggregated,103.500000,0.000000,4700,4800,4800,4800,4800,4900,4900,4900,4900,4900,4900,20115,28,2100,2139.0451481766427,0.5523750005522743,5926.199583002017,3012.8414118816804
1787658268,700,GET,/feed,79.700000,0.000000,4700,4800,4800,4900,4900,5100,5200,5200,5200,5200,5200,15456,22,2100,2151.368485634028,0.5523750005522743,5926.199583002017,3902.437370600414
1787658268,700,POST,/follow,7.000000,0.000000,4700,4800,4800,4800,4900,5100,5200,5200,5200,5200,5200,1619,2,2000,2120.5562274087465,1.8352499973843805,5871.628957997018,16.978999382334774
1787658268,700,POST,/posts,17.900000,0.000000,4700,4800,4800,4800,4900,5100,5100,5100,5200,5200,5200,3130,4,2100,2171.833473914624,1.656333995924797,5901.860250000027,168.78402555910543
1787658268,700,,Aggregated,104.600000,0.000000,4700,4800,4800,4800,4900,5100,5200,5200,5200,5200,5200,20205,28,2100,2152.069815366847,0.5523750005522743,5926.199583002017,3012.7124474140064
1787658269,700,GET,/feed,78.700000,0.000000,4800,4800,4900,4900,5200,5300,5400,5500,5500,5500,5500,15518,22,2100,2164.102204297944,0.5523750005522743,5926.199583002017,3902.4595953086737
1787658269,700,POST,/follow,7.400000,0.000000,4800,4800,4800,4900,5300,5300,5400,5400,5400,5400,5400,1626,2,2100,2134.3185586351515,1.8352499973843805,5871.628957997018,16.97908979089791
1787658269,700,POST,/posts,16.200000,0.000000,4800,4800,4800,4900,5100,5400,5400,5500,5500,5500,5500,3141,4,2100,2183.085877140336,1.656333995924797,5901.860250000027,168.78478191658706
1787658269,700,,Aggregated,102.300000,0.000000,4800,4800,4900,4900,5200,5300,5400,5500,5500,5500,5500,20285,28,2100,2164.654312188025,0.5523750005522743,5926.199583002017,3012.8730096130143
1787658270,700,GET,/feed,77.000000,0.000000,4800,4900,5100,5200,5400,5500,5500,5500,5500,5500,5500,15591,22,2100,2179.369366849625,0.5523750005522743,5926.199583002017,3902.485536527484
1787658270,700,POST,/follow,7.400000,0.000000,4800,4900,5100,5300,5400,5400,5400,5500,5500,5500,5500,1632,2,2100,2146.3791796665123,1.8352499973843805,5871.628957997018,16.979166666666668
1787658270,700,POST,/posts,16.500000,0.000000,4800,4900,5100,5300,5400,5500,5500,5500,5500,5500,5500,3159,4,2100,2201.447905090155,1.656333995924797,5901.860250000027,168.78600823045267
1787658270,700,,Aggregated,100.900000,0.000000,4800,4900,5100,5200,5400,5500,5500,5500,5500,5500,5500,20382,28,2100,2180.1497670468098,0.5523750005522743,5926.199583002017,3012.6855558826414
1787658271,700,GET,/feed,75.400000,0.000000,4900,5100,5300,5400,5500,5500,5500,5500,5600,5600,5600,15662,22,2100,2194.2746116933686,0.5523750005522743,5926.199583002017,3902.5105350529943
1787658271,700,POST,/follow,7.400000,0.000000,4800,5100,5300,5400,5400,5500,5500,5500,5500,5500,5500,1639,2,2100,2160.510694966293,1.8352499973843805,5871.628957997018,16.979255643685175
1787658271,700,POST,/posts,15.700000,0.000000,4800,5100,5300,5400,5500,5500,5500,5500,5500,5500,5500,3171,4,2100,2213.7802841279736,1.656333995924797,5901.860250000027,168.78681803847365
1787658271,700,,Aggregated,98.500000,0.000000,4900,5100,5300,5400,5500,5500,5500,5500,5600,5600,5600,20472,28,2100,2194.5927744412425,0.5523750005522743,5926.199583002017,3013.0994529112936
1787658272,700,GET,/feed,74.100000,0.000000,5000,5400,5500,5500,5600,5600,5700,5700,5700,5700,5700,15740,22,2100,2211.204158058422,0.5523750005522743,5926.199583002017,3902.537738246506
1787658272,700,POST,/follow,7.000000,0.000000,4900,5400,5400,5500,5600,5600,5600,5600,5600,5600,5600,1652,2,2100,2187.5317575967056,1.8352499973843805,5871.628957997018,16.979418886198548
1787658272,700,POST,/posts,15.200000,0.000000,5000,5300,5400,5400,5500,5600,5700,5700,5700,5700,5700,3182,4,2100,2225.5198435640505,1.656333995924797,5901.860250000027,168.78755499685732
1787658272,700,,Aggregated,96.300000,0.000000,5000,5400,5400,5500,5600,5600,5700,5700,5700,5700,5700,20574,28,2100,2211.517451813461,0.5523750005522743,5926.199583002017,3013.0784485272675
1787658273,700,GET,/feed,73.900000,0.000000,5300,5500,5500,5500,5600,5600,5700,5700,5700,5700,5700,15814,22,2100,2226.81027651705,0.5523750005522743,5926.199583002017,3902.56329834324
1787658273,700,POST,/follow,6.600000,0.000000,5300,5400,5500,5600,5600,5600,5600,5600,5600,5600,5600,1658,2,2100,2199.601538731464,1.8352499973843805,5871.628957997018,16.979493365500602
1787658273,700,POST,/posts,14.800000,0.000000,5100,5400,5500,5500,5500,5600,5700,5700,5700,5700,5700,3193,4,2100,2236.9275454675208,1.656333995924797,5901.860250000027,168.78828687754464
1787658273,700,,Aggregated,95.300000,0.000000,5300,5500,5500,5500,5600,5600,5700,5700,5700,5700,5700,20665,28,2100,2226.190501656677,0.5523750005522743,5926.199583002017,3013.8992983305106
1787658274,700,GET,/feed,72.900000,0.000000,5400,5500,5500,5600,5600,5600,5700,5700,5700,5700,5700,15897,22,2100,2244.1300926331214,0.5523750005522743,5926.199583002017,3902.591683965528
1787658274,700,POST,/follow,7.600000,0.000000,5400,5500,5500,5600,5600,5600,5600,5600,5600,5600,5600,1670,2,2100,2223.5256016525477,1.8352499973843805,5871.628957997018,16.979640718562873
1787658274,700,POST,/posts,14.300000,0.000000,5400,5500,5500,5500,5600,5600,5700,5700,5700,5700,5700,3203,4,2100,2247.212293829782,1.656333995924797,5901.860250000027,168.78894786137997
1787658274,700,,Aggregated,94.800000,0.000000,5400,5500,5500,5600,5600,5600,5700,5700,5700,5700,5700,20770,28,2100,2242.9487151894714,0.5523750005522743,5926.199583002017,3014.3710640346653
1787658275,700,GET,/feed,73.000000,0.000000,5500,5500,5500,5600,5600,5600,5700,5700,5700,5700,5700,15976,22,2100,2259.834929512004,0.5523750005522743,5926.199583002017,3902.6184276414624
1787658275,700,POST,/follow,8.100000,0.000000,5400,5500,5500,5600,5600,5600,5600,5600,5600,5600,5600,1678,2,2100,2238.6030570427574,1.8352499973843805,5871.628957997018,16.97973778307509
1787658275,700,POST,/posts,13.600000,0.000000,5400,5500,5500,5500,5600,5600,5700,5700,5700,5700,5700,3228,4,2100,2271.4963248298595,1.656333995924797,5901.860250000027,168.79058240396532
1787658275,700,,Aggregated,94.700000,0.000000,5500,5500,5500,5600,5600,5600,5700,5700,5700,5700,5700,20882,28,2100,2259.931467299701,0.5523750005522743,5926.199583002017,3013.197011780481
1787658276,700,GET,/feed,72.600000,0.000000,5500,5500,5500,5600,5600,5600,5700,5700,5700,5700,5700,16034,22,2100,2270.8789269109875,0.5523750005522743,5926.199583002017,3902.6378944742423
1787658276,700,POST,/follow,8.100000,0.000000,5400,5500,5600,5600,5600,5600,5600,5600,5600,5600,5600,1684,2,2100,2249.541551544393,1.8352499973843805,5871.628957997018,16.97980997624703
1787658276,700,POST,/posts,13.800000,0.000000,5400,5500,5500,5500,5600,5600,5700,5700,5700,5700,5700,3243,4,2200,2285.5093339271625,1.656333995924797,5901.860250000027,168.79155103299414
1787658276,700,,Aggregated,94.500000,0.000000,5500,5500,5500,5600,5600,5600,5700,5700,5700,5700,5700,20961,28,2100,2271.4282456379638,0.5523750005522743,5926.199583002017,3012.7799723295643
1787658277,700,GET,/feed,72.700000,0.000000,5500,5500,5500,5600,5600,5600,5700,5700,5700,5700,5700,16099,22,2200,2283.6809832500003,0.5523750005522743,5926.199583002017,3902.6595440710603
1787658277,700,POST,/follow,8.500000,0.000000,5500,5500,5600,5600,5600,5600,5600,5600,5600,5600,5600,1690,3,2100,2257.5222366927587,1.8352499973843805,5871.628957997018,16.9698224852071
1787658277,700,POST,/posts,14.400000,0.000000,5400,5500,5500,5500,5600,5600,5700,5700,5700,5700,5700,3250,4,2200,2292.3355083747015,1.656333995924797,5901.860250000027,168.792
1787658277,700,,Aggregated,95.600000,0.000000,5500,5500,5500,5600,5600,5600,5700,5700,5700,5700,5700,21039,29,2200,2282.9166372722243,0.5523750005522743,5926.199583002017,3013.7444270164933
1787658278,700,GET,/feed,71.300000,0.000000,5500,5500,5500,5600,5600,5600,5700,5700,5700,5700,5700,16176,22,2200,2298.6526485129652,0.5523750005522743,5926.199583002017,3902.6849653808113
1787658278,700,POST,/follow,8.500000,0.000000,5500,5500,5600,5600,5600,5600,5600,5600,5600,5600,5600,1695,3,2100,2266.8382555620974,1.8352499973843805,5871.628957997018,16.96991150442478
1787658278,700,POST,/posts,14.000000,0.000000,5400,5500,5500,5500,5600,5600,5700,5700,5700,5700,5700,3270,4,2200,2311.408052653457,1.656333995924797,5901.860250000027,168.79327217125382
1787658278,700,,Aggregated,93.800000,0.000000,5500,5500,5500,5600,5600,5600,5700,5700,5700,5700,5700,21141,29,2200,2298.0748506551404,0.5523750005522743,5926.199583002017,3013.6015325670496
1787658279,700,GET,/feed,70.500000,0.000000,5500,5500,5500,5600,5600,5600,5700,5700,5700,5700,5700,16259,22,2200,2314.00814564024,0.5523750005522743,5926.199583002017,3902.712097915001
1787658279,700,POST,/follow,7.900000,0.100000,5500,5500,5600,5600,5600,5600,5600,5600,5600,5600,5600,1702,3,2100,2279.325750643803,1.8352499973843805,5871.628957997018,16.97003525264395
1787658279,700,POST,/posts,13.900000,0.000000,5400,5500,5500,5500,5600,5600,5700,5700,5700,5700,5700,3289,4,2200,2328.542236739376,1.656333995924797,5901.860250000027,168.79446640316206
1787658279,700,,Aggregated,92.300000,0.100000,5500,5500,5500,5600,5600,5600,5700,5700,5700,5700,5700,21250,29,2200,2313.479825138647,0.5523750005522743,5926.199583002017,3013.5644235294117
1787658280,700,GET,/feed,71.500000,0.000000,5400,5500,5500,5600,5600,5600,5700,5700,5700,5700,5700,16337,22,2200,2327.726213860604,0.5523750005522743,5926.199583002017,3902.7373446777256
1787658280,700,POST,/follow,7.800000,0.100000,5400,5500,5600,5600,5600,5600,5600,5600,5600,5600,5600,1709,3,2100,2291.0907509091608,1.8352499973843805,5871.628957997018,16.970157987126974
1787658280,700,POST,/posts,13.500000,0.000000,5400,5500,5500,5500,5600,5600,5700,5700,5700,5700,5700,3308,4,2200,2344.8875510540597,1.656333995924797,5901.860250000027,168.79564691656591
1787658280,700,,Aggregated,92.800000,0.100000,5400,5500,5500,5600,5600,5600,5700,5700,5700,5700,5700,21354,29,2200,2327.4527146216783,0.5523750005522743,5926.199583002017,3013.3182541912524
1787658281,700,GET,/feed,73.300000,0.000000,5400,5500,5500,5500,5600,5600,5600,5600,5600,5600,5600,16405,22,2200,2339.389466667096,0.5523750005522743,5926.199583002017,3902.759158793051
1787658281,700,POST,/follow,7.700000,0.100000,5400,5400,5500,5500,5600,5600,5600,5600,5600,5600,5600,1714,3,2100,2299.3206836661425,1.8352499973843805,5871.628957997018,16.97024504084014
1787658281,700,POST,/posts,14.700000,0.000000,5300,5400,5500,5500,5500,5600,5600,5600,5600,5600,5600,3330,4,2200,2363.1186646182687,1.656333995924797,5901.860250000027,168.796996996997
1787658281,700,,Aggregated,95.700000,0.100000,5400,5500,5500,5500,5600,5600,5600,5600,5600,5600,5600,21449,29,2200,2339.8715560471974,0.5523750005522743,5926.199583002017,3012.538812998275
1787658282,700,GET,/feed,74.100000,0.000000,5400,5400,5500,5500,5500,5600,5600,5600,5600,5600,5600,16485,22,2200,2353.823599115665,0.5523750005522743,5926.199583002017,3902.784592053382
1787658282,700,POST,/follow,7.400000,0.100000,5300,5400,5400,5500,5500,5600,5600,5600,5600,5600,5600,1720,3,2100,2309.9119183940497,1.8352499973843805,5871.628957997018,16.970348837209304
1787658282,700,POST,/posts,15.000000,0.000000,5300,5400,5400,5400,5500,5500,5600,5600,5600,5600,5600,3337,4,2200,2369.357483559135,1.656333995924797,5901.860250000027,168.79742283488164
1787658282,700,,Aggregated,96.500000,0.100000,5400,5400,5500,5500,5500,5600,5600,5600,5600,5600,5600,21542,29,2200,2352.7238164374885,0.5523750005522743,5926.199583002017,3014.1059325967876
1787658283,700,GET,/feed,73.700000,0.000000,5300,5400,5400,5400,5500,5500,5500,5500,5500,5500,5500,16566,22,2200,2368.4683526100284,0.5523750005522743,5926.199583002017,3902.8100929614875
1787658283,700,POST,/follow,7.600000,0.100000,5300,5400,5400,5400,5400,5500,5500,5500,5500,5500,5500,1728,3,2200,2323.8762489472056,1.8352499973843805,5871.628957997018,16.97048611111111
1787658283,700,POST,/posts,16.100000,0.000000,5300,5400,5400,5400,5500,5500,5500,5500,5500,5500,5500,3353,4,2300,2383.4943304783274,1.656333995924797,5901.860250000027,168.79838950193857
1787658283,700,,Aggregated,97.400000,0.100000,5300,5400,5400,5400,5500,5500,5500,5500,5500,5500,5500,21647,29,2200,2367.2361702597295,0.5523750005522743,5926.199583002017,3014.240218044071
1787658284,710,GET,/feed,74.100000,0.000000,5300,5400,5400,5400,5400,5500,5500,5500,5500,5500,5500,16645,22,2200,2381.7092902098975,0.5523750005522743,5926.199583002017,3902.8347251426853
1787658284,710,POST,/follow,6.700000,0.100000,5300,5300,5400,5400,5400,5400,5400,5500,5500,5500,5500,1734,3,2200,2333.6264431786517,1.8352499973843805,5871.628957997018,16.970588235294116
1787658284,710,POST,/posts,15.500000,0.000000,5300,5300,5400,5400,5400,5500,5500,5500,5500,5500,5500,3366,4,2300,2394.233780714746,1.656333995924797,5901.860250000027,168.79916815210933
1787658284,710,,Aggregated,96.300000,0.100000,5300,5400,5400,5400,5400,5500,5500,5500,5500,5500,5500,21745,29,2200,2379.8137638032367,0.5523750005522743,5926.199583002017,3014.95925500115
1787658285,720,GET,/feed,74.600000,0.000000,5300,5400,5400,5400,5400,5500,5500,5500,5500,5500,5500,16726,22,2200,2394.490903002735,0.5523750005522743,5926.199583002017,3902.8597393279924
1787658285,720,POST,/follow,6.800000,0.100000,5200,5300,5400,5400,5400,5400,5400,5500,5500,5500,5500,1742,3,2200,2345.609333149127,1.8352499973843805,5871.628957997018,16.9707233065442
1787658285,720,POST,/posts,15.900000,0.000000,5200,5300,5400,5400,5400,5500,5500,5500,5500,5500,5500,3379,4,2300,2404.2944499878163,1.656333995924797,5901.860250000027,168.7999408108908
1787658285,720,,Aggregated,97.300000,0.100000,5200,5400,5400,5400,5400,5500,5500,5500,5500,5500,5500,21847,29,2200,2392.1095458634313,0.5523750005522743,5926.199583002017,3015.479013136815
1787658286,730,GET,/feed,74.400000,0.000000,5200,5300,5400,5400,5400,5400,5500,5500,5500,5500,5500,16801,22,2300,2406.4380414263883,0.5523750005522743,5926.199583002017,3902.882685554431
1787658286,730,POST,/follow,6.500000,0.100000,5200,5300,5300,5400,5400,5400,5400,5400,5400,5400,5400,1750,3,2200,2358.1951554118773,1.8352499973843805,5871.628957997018,16.97085714285714
1787658286,730,POST,/posts,16.300000,0.000000,5200,5200,5300,5400,5400,5400,5500,5500,5500,5500,5500,3396,4,2300,2417.6490110821014,1.656333995924797,5901.860250000027,168.80094228504123
1787658286,730,,Aggregated,97.200000,0.100000,5200,5300,5400,5400,5400,5400,5500,5500,5500,5500,5500,21947,29,2200,2404.3260171144284,0.5523750005522743,5926.199583002017,3015.2311933293845
1787658287,740,GET,/feed,74.600000,0.000000,5200,5200,5300,5300,5400,5400,5400,5400,5500,5500,5500,16884,22,2300,2418.982781247738,0.5523750005522743,5926.199583002017,3902.9078417436626
1787658287,740,POST,/follow,6.100000,0.100000,5100,5200,5200,5300,5300,5400,5400,5400,5400,5400,5400,1768,3,2200,2384.579530172954,1.8352499973843805,5871.628957997018,16.971153846153847
1787658287,740,POST,/posts,15.500000,0.000000,5200,5200,5200,5300,5400,5400,5400,5400,5400,5400,5400,3414,4,2300,2430.8926234894034,1.656333995924797,5901.860250000027,168.80199179847685
1787658287,740,,Aggregated,96.200000,0.100000,5200,5200,5300,5300,5400,5400,5400,5400,5500,5500,5500,22066,29,2300,2418.0689433755756,0.5523750005522743,5926.199583002017,3013.821761986767
1787658288,750,GET,/feed,75.900000,0.000000,5100,5200,5200,5200,5400,5400,5400,5400,5500,5500,5500,16964,22,2300,2430.4766875295195,0.5523750005522743,5926.199583002017,3902.9318556944118
1787658288,750,POST,/follow,6.000000,0.100000,5000,5200,5200,5200,5300,5400,5400,5400,5400,5400,5400,1775,3,2200,2394.2176938556486,1.8352499973843805,5871.628957997018,16.971267605633802
1787658288,750,POST,/posts,14.600000,0.000000,5100,5200,5200,5200,5300,5400,5400,5400,5400,5400,5400,3429,4,2300,2441.3995129077916,1.656333995924797,5901.860250000027,168.80285797608633
1787658288,750,,Aggregated,96.500000,0.100000,5100,5200,5200,5200,5400,5400,5400,5400,5500,5500,5500,22168,29,2300,2429.2629855469786,0.5523750005522743,5926.199583002017,3014.177417899675
1787658289,760,GET,/feed,78.100000,0.000000,5100,5200,5200,5200,5400,5400,5400,5400,5500,5500,5500,17046,22,2300,2442.1702365853453,0.5523750005522743,5926.199583002017,3902.9562360671125
1787658289,760,POST,/follow,7.400000,0.000000,5000,5100,5200,5200,5300,5400,5400,5400,5400,5400,5400,1784,3,2200,2406.6936283922482,1.8352499973843805,5871.628957997018,16.97141255605381
1787658289,760,POST,/posts,15.600000,0.000000,5100,5100,5200,5200,5300,5400,5400,5400,5400,5400,5400,3446,4,2300,2453.34581643233,1.656333995924797,5901.860250000027,168.80383052814858
1787658289,760,,Aggregated,101.100000,0.000000,5100,5200,5200,5200,5400,5400,5400,5400,5500,5500,5500,22276,29,2300,2441.0578635891293,0.5523750005522743,5926.199583002017,3014.085428263602
1787658290,770,GET,/feed,78.300000,0.000000,5000,5100,5200,5200,5400,5400,5400,5400,5500,5500,5500,17124,22,2300,2453.1835401360536,0.5523750005522743,5926.199583002017,3902.9792104648445
1787658290,770,POST,/follow,7.800000,0.000000,5000,5000,5200,5200,5300,5400,5400,5400,5400,5400,5400,1791,3,2200,2416.222873562687,1.8352499973843805,5871.628957997018,16.971524288107204
1787658290,770,POST,/posts,16.000000,0.000000,4900,5100,5200,5200,5300,5400,5400,5400,5400,5400,5400,3470,4,2300,2469.792392414063,1.656333995924797,5901.860250000027,168.80518731988474
1787658290,770,,Aggregated,102.100000,0.000000,5000,5100,5200,5200,5400,5400,5400,5400,5500,5500,5500,22385,29,2300,2452.8009698243204,0.5523750005522743,5926.199583002017,3013.2126870672323
1787658291,780,GET,/feed,78.400000,0.000000,5000,5100,5100,5200,5300,5400,5400,5400,5500,5500,5500,17203,22,2300,2464.5478392062305,0.5523750005522743,5926.199583002017,3903.0022670464455
1787658291,780,POST,/follow,7.900000,0.000000,4900,5000,5100,5200,5300,5400,5400,5400,5400,5400,5400,1798,3,2200,2425.9137170276795,1.8352499973843805,5871.628957997018,16.97163515016685
1787658291,780,POST,/posts,16.200000,0.000000,4900,5000,5100,5200,5200,5400,5400,5400,5400,5400,5400,3490,4,2300,2483.8138260773044,1.656333995924797,5901.860250000027,168.80630372492837
1787658291,780,,Aggregated,102.500000,0.000000,5000,5000,5100,5200,5300,5400,5400,5400,5500,5500,5500,22491,29,2300,2464.448872619733,0.5523750005522743,5926.199583002017,3012.893913120804
1787658292,790,GET,/feed,78.400000,0.000000,5000,5000,5100,5100,5200,5200,5300,5300,5300,5300,5300,17280,22,2300,2475.979610688531,0.5523750005522743,5926.199583002017,3903.024537037037
1787658292,790,POST,/follow,8.400000,0.000000,4900,5000,5000,5000,5200,5200,5200,5200,5200,5200,5200,1813,3,2200,2447.1397893716317,1.8352499973843805,5871.628957997018,16.971869829012686
1787658292,790,POST,/posts,16.200000,0.000000,4900,5000,5000,5100,5200,5200,5200,5200,5300,5300,5300,3498,4,2400,2489.553971486508,1.656333995924797,5901.860250000027,168.8067467124071
1787658292,790,,Aggregated,103.000000,0.000000,5000,5000,5100,5100,5200,5200,5300,5300,5300,5300,5300,22591,29,2300,2475.7669825633425,0.5523750005522743,5926.199583002017,3012.948519321854
1787658293,800,GET,/feed,79.600000,0.000000,5000,5000,5100,5100,5100,5200,5200,5200,5200,5200,5200,17362,22,2300,2488.4970062678162,0.5523750005522743,5926.199583002017,3903.0480359405597
1787658293,800,POST,/follow,8.200000,0.000000,4900,5000,5000,5000,5100,5200,5200,5200,5200,5200,5200,1817,3,2200,2453.0783655788496,1.8352499973843805,5871.628957997018,16.971931755641165
1787658293,800,POST,/posts,15.500000,0.000000,4900,5000,5000,5100,5100,5200,5200,5200,5200,5200,5200,3513,4,2400,2500.709179633305,1.656333995924797,5901.860250000027,168.80757187588955
1787658293,800,,Aggregated,103.300000,0.000000,5000,5000,5100,5100,5100,5200,5200,5200,5200,5200,5200,22692,29,2300,2487.5515494945566,0.5523750005522743,5926.199583002017,3013.7748545742993
1787658294,800,GET,/feed,79.400000,0.000000,5000,5000,5100,5100,5200,5200,5300,5300,5300,5300,5300,17442,22,2300,2501.0081889517733,0.5523750005522743,5926.199583002017,3903.070748767343
1787658294,800,POST,/follow,9.400000,0.000000,4900,5000,5000,5000,5100,5200,5200,5200,5200,5200,5200,1819,3,2300,2456.08437596579,1.8352499973843805,5871.628957997018,16.97196261682243
1787658294,800,POST,/posts,16.200000,0.000000,4900,5000,5100,5100,5200,5200,5200,5200,5200,5200,5200,3529,4,2400,2512.937792944406,1.656333995924797,5901.860250000027,168.80844431850383
1787658294,800,,Aggregated,105.000000,0.000000,5000,5000,5100,5100,5200,5200,5200,5300,5300,5300,5300,22790,29,2300,2499.2698456726407,0.5523750005522743,5926.199583002017,3014.65366388767
1787658295,800,GET,/feed,79.100000,0.000000,5000,5100,5200,5200,5300,5500,5600,5600,5600,5600,5600,17527,22,2400,2515.347604338326,0.5523750005522743,5926.199583002017,3903.094653962458
1787658295,800,POST,/follow,9.100000,0.000000,5000,5000,5000,5100,5200,5500,5600,5600,5600,5600,5600,1827,3,2300,2469.285467435017,1.8352499973843805,5871.628957997018,16.97208538587849
1787658295,800,POST,/posts,16.000000,0.000000,4900,5000,5100,5100,5200,5200,5600,5600,5600,5600,5600,3534,4,2400,2517.171421786589,1.656333995924797,5901.860250000027,168.8087153367289
1787658295,800,,Aggregated,104.200000,0.000000,5000,5100,5100,5200,5300,5500,5600,5600,5600,5600,5600,22888,29,2300,2511.9523687013066,0.5523750005522743,5926.199583002017,3016.3019049283466
1787658296,800,GET,/feed,79.600000,0.000000,5000,5200,5200,5300,5600,5600,5700,5700,5700,5700,5700,17606,22,2400,2529.2661456291507,0.5523750005522743,5926.199583002017,3903.1166647733726
1787658296,800,POST,/follow,8.700000,0.000000,4900,5000,5200,5300,5600,5700,5700,5700,5700,5700,5700,1834,3,2300,2481.3442768335776,1.8352499973843805,5871.628957997018,16.9721919302072
1787658296,800,POST,/posts,16.400000,0.000000,4900,5100,5200,5200,5600,5600,5700,5700,5700,5700,5700,3549,4,2400,2530.223701068699,1.656333995924797,5901.860250000027,168.8095238095238
1787658296,800,,Aggregated,104.700000,0.000000,5000,5100,5200,5300,5600,5600,5700,5700,5700,5700,5700,22989,29,2400,2525.5908947214975,0.5523750005522743,5926.199583002017,3016.595067206055
1787658297,800,GET,/feed,79.500000,0.000000,5100,5300,5500,5600,5700,5700,5700,5700,5800,5800,5800,17687,22,2400,2543.790258062975,0.5523750005522743,5926.199583002017,3903.1390286651213
1787658297,800,POST,/follow,8.600000,0.000000,5000,5400,5600,5700,5700,5700,5700,5700,5700,5700,5700,1846,3,2300,2502.2516902794073,1.8352499973843805,5871.628957997018,16.97237269772481
1787658297,800,POST,/posts,15.400000,0.000000,5000,5200,5600,5600,5700,5700,5700,5700,5700,5700,5700,3573,4,2600,2551.4060026151114,1.656333995924797,5901.860250000027,168.8108032465715
1787658297,800,,Aggregated,103.500000,0.000000,5100,5300,5500,5600,5700,5700,5700,5700,5800,5800,5800,23106,29,2400,2541.6492929091796,0.5523750005522743,5926.199583002017,3015.204362503246
1787658298,800,GET,/feed,80.200000,0.000000,5200,5600,5600,5700,5700,5700,5800,5900,5900,5900,5900,17767,22,2400,2558.0711613918943,0.5523750005522743,5926.199583002017,3903.16091630551
1787658298,800,POST,/follow,8.600000,0.000000,5200,5600,5700,5700,5700,5700,5800,5800,5800,5800,5800,1853,3,2300,2514.267191449967,1.8352499973843805,5871.628957997018,16.972477064220183
1787658298,800,POST,/posts,15.900000,0.000000,5200,5500,5600,5700,5700,5700,5700,5700,5800,5800,5800,3578,4,2600,2555.7482977484055,1.656333995924797,5901.860250000027,168.8110676355506
1787658298,800,,Aggregated,104.700000,0.000000,5200,5600,5600,5700,5700,5700,5800,5900,5900,5900,5900,23198,29,2400,2554.213933940445,0.5523750005522743,5926.199583002017,3016.7650659539618
1787658299,800,GET,/feed,79.800000,0.000000,5400,5600,5700,5700,5900,5900,6000,6000,6000,6000,6000,17848,22,2400,2573.3479364677737,0.5523750005522743,5978.68408299837,3903.182877633348
1787658299,800,POST,/follow,7.900000,0.000000,5500,5700,5700,5700,5800,5800,5900,6000,6000,6000,6000,1858,3,2300,2523.3826858664083,1.8352499973843805,5958.974374996615,16.972551130247577
1787658299,800,POST,/posts,15.800000,0.000000,5500,5700,5700,5700,5900,5900,5900,6000,6000,6000,6000,3596,4,2700,2572.4585150661237,1.656333995924797,5960.058750002645,168.81201334816464
1787658299,800,,Aggregated,103.500000,0.000000,5400,5600,5700,5700,5900,5900,6000,6000,6000,6000,6000,23302,29,2400,2569.2266681226706,0.5523750005522743,5978.68408299837,3017.019612050468
1787658300,800,GET,/feed,80.400000,0.000000,5600,5700,5700,5800,5900,5900,6000,6000,6000,6000,6000,17927,22,2500,2587.8945291109444,0.5523750005522743,5978.68408299837,3903.204105539131
1787658300,800,POST,/follow,7.800000,0.000000,5700,5700,5800,5800,5900,5900,5900,6000,6000,6000,6000,1872,3,2300,2548.3138272600327,1.8352499973843805,5958.974374996615,16.97275641025641
1787658300,800,POST,/posts,15.300000,0.000000,5600,5700,5800,5800,5900,5900,5900,6000,6000,6000,6000,3611,4,2800,2586.1518310287406,1.656333995924797,5960.058750002645,168.81279423982275
1787658300,800,,Aggregated,103.500000,0.000000,5600,5700,5800,5800,5900,5900,6000,6000,6000,6000,6000,23410,29,2500,2584.4606138337267,0.5523750005522743,5978.68408299837,3016.407347287484
1787658301,800,GET,/feed,79.900000,0.000000,5700,5800,5900,5900,5900,6000,6000,6000,6000,6000,6000,18002,22,2600,2601.7113392629108,0.5523750005522743,6010.175499999605,3903.224086212643
1787658301,800,POST,/follow,7.500000,0.000000,5700,5800,5800,5900,5900,6000,6000,6000,6000,6000,6000,1880,3,2300,2562.4932644078594,1.8352499973843805,5990.5832080039545,16.972872340425532
1787658301,800,POST,/posts,14.100000,0.000000,5700,5800,5800,5900,5900,5900,6000,6000,6000,6000,6000,3620,4,2800,2594.299772068169,1.656333995924797,5987.488874998235,168.8132596685083
1787658301,800,,Aggregated,101.500000,0.000000,5700,5800,5900,5900,5900,6000,6000,6000,6000,6000,6000,23502,29,2600,2597.4325606920497,0.5523750005522743,6010.175499999605,3017.1412220236575
1787658302,800,GET,/feed,80.200000,0.000000,5700,5900,5900,5900,6000,6000,6000,6000,6000,6000,6000,18081,22,2700,2616.233315318894,0.5523750005522743,6040.644708002219,3903.2449532658593
1787658302,800,POST,/follow,7.800000,0.000000,5700,5800,5900,5900,5900,6000,6000,6000,6000,6000,6000,1890,3,2300,2579.9966689395683,1.8352499973843805,6003.411792000406,16.97301587301587
1787658302,800,POST,/posts,14.100000,0.000000,5700,5800,5900,5900,5900,6000,6000,6000,6000,6000,6000,3632,4,2800,2605.232112670367,1.656333995924797,6010.503666002478,168.81387665198238
1787658302,800,,Aggregated,102.100000,0.000000,5700,5800,5900,5900,6000,6000,6000,6000,6000,6000,6000,23603,29,2700,2611.6388303095187,0.5523750005522743,6040.644708002219,3017.4038469686056
1787658303,800,GET,/feed,79.600000,0.000000,5800,5900,5900,5900,6000,6000,6000,6000,6000,6000,6000,18161,22,2700,2630.173699086722,0.5523750005522743,6040.644708002219,3903.265899454876
1787658303,800,POST,/follow,8.200000,0.000000,5800,5800,5800,5900,5900,6000,6000,6000,6000,6000,6000,1898,3,2300,2593.449337220634,1.8352499973843805,6003.411792000406,16.97312961011591
1787658303,800,POST,/posts,13.500000,0.000000,5800,5800,5900,5900,5900,6000,6000,6000,6000,6000,6000,3652,4,2800,2622.456792388212,1.656333995924797,6010.503666002478,168.81489594742607
1787658303,800,,Aggregated,101.300000,0.000000,5800,5800,5900,5900,6000,6000,6000,6000,6000,6000,6000,23711,29,2700,2626.045447132577,0.5523750005522743,6040.644708002219,3016.993758171313
1787658304,800,GET,/feed,79.700000,0.000000,5800,5900,5900,5900,6000,6000,6000,6000,6000,6000,6000,18245,22,2800,2644.565591494653,0.5523750005522743,6040.644708002219,3903.287695258975
1787658304,800,POST,/follow,7.400000,0.000000,5800,5800,5800,5900,5900,6000,6000,6000,6000,6000,6000,1904,3,2300,2603.3854651411543,1.8352499973843805,6003.411792000406,16.973214285714285
1787658304,800,POST,/posts,13.100000,0.000000,5800,5800,5900,5900,5900,6000,6000,6000,6000,6000,6000,3665,4,2800,2633.4518933868394,1.656333995924797,6010.503666002478,168.8155525238745
1787658304,800,,Aggregated,100.200000,0.000000,5800,5800,5900,5900,6000,6000,6000,6000,6000,6000,6000,23814,29,2800,2639.562708142753,0.5523750005522743,6040.644708002219,3017.8260686990848
1787658305,800,GET,/feed,79.600000,0.000000,5800,5900,5900,5900,6000,6000,6000,6000,6000,6000,6000,18323,22,2800,2658.578043935323,0.5523750005522743,6040.644708002219,3903.307755280249
1787658305,800,POST,/follow,7.800000,0.000000,5800,5900,5900,5900,5900,6000,6000,6000,6000,6000,6000,1915,3,2400,2622.374342321025,1.8352499973843805,6003.411792000406,16.9733681462141
1787658305,800,POST,/posts,13.300000,0.000000,5800,5900,5900,5900,6000,6000,6000,6000,6000,6000,6000,3683,4,2800,2649.469721731947,1.656333995924797,6010.503666002478,168.81645397773553
1787658305,800,,Aggregated,100.700000,0.000000,5800,5900,5900,5900,6000,6000,6000,6000,6000,6000,6000,23921,29,2800,2654.2773859667436,0.5523750005522743,6040.644708002219,3017.205091760378
1787658306,800,GET,/feed,79.700000,0.000000,5800,5900,5900,5900,6000,6000,6000,6000,6000,6000,6000,18403,22,2800,2672.33500088659,0.5523750005522743,6040.644708002219,3903.3281530185295
1787658306,800,POST,/follow,8.400000,0.000000,5800,5900,5900,5900,5900,6000,6000,6000,6000,6000,6000,1921,3,2400,2632.30864619249,1.8352499973843805,6003.411792000406,16.97345132743363
1787658306,800,POST,/posts,13.600000,0.000000,5800,5900,5900,5900,6000,6000,6000,6000,6000,6000,6000,3700,4,2800,2663.976654632101,1.656333995924797,6010.503666002478,168.8172972972973
1787658306,800,,Aggregated,101.700000,0.000000,5800,5900,5900,5900,6000,6000,6000,6000,6000,6000,6000,24024,29,2800,2667.8471342320386,0.5523750005522743,6040.644708002219,3017.4066766566766
1787658307,800,GET,/feed,79.300000,0.000000,5900,5900,5900,6000,6000,6000,6000,6000,6100,6100,6100,18466,22,2800,2683.525558857192,0.5523750005522743,6083.940792006615,3903.3440918444708
1787658307,800,POST,/follow,8.800000,0.000000,5800,5900,5900,5900,6000,6000,6000,6000,6000,6000,6000,1925,3,2500,2639.1621385515737,1.8352499973843805,6003.411792000406,16.973506493506495
1787658307,800,POST,/posts,14.300000,0.000000,5800,5900,5900,5900,6000,6000,6100,6100,6100,6100,6100,3714,4,2900,2676.3714246248687,1.656333995924797,6068.436582994764,168.817985998923
1787658307,800,,Aggregated,102.400000,0.000000,5900,5900,5900,5900,6000,6000,6000,6000,6100,6100,6100,24105,29,2800,2678.880462875979,0.5523750005522743,6083.940792006615,3017.5820784069697
1787658308,800,GET,/feed,79.000000,0.000000,5900,5900,6000,6000,6000,6200,6300,6300,6400,6400,6400,18528,22,2800,2695.307850018941,0.5523750005522743,6384.303957995144,3903.359671848014
1787658308,800,POST,/follow,8.800000,0.000000,5900,5900,5900,5900,6000,6100,6300,6400,6400,6400,6400,1929,3,2600,2646.5161618728785,1.8352499973843805,6351.438875004533,16.973561430793158
1787658308,800,POST,/posts,15.100000,0.000000,5900,5900,5900,6000,6000,6100,6400,6400,6400,6400,6400,3724,4,2900,2685.8554981806574,1.656333995924797,6368.139207996137,168.81847475832438
1787658308,800,,Aggregated,102.900000,0.000000,5900,5900,6000,6000,6000,6100,6300,6400,6400,6400,6400,24181,29,2800,2689.9598609085024,0.5523750005522743,6384.303957995144,3018.190728257723
1787658309,800,GET,/feed,78.400000,0.000000,5900,6000,6000,6000,6300,6400,6500,6500,6500,6500,6500,18595,23,2800,2708.3252747054025,0.5523750005522743,6502.0653329993365,3903.1662274805053
1787658309,800,POST,/follow,8.200000,0.000000,5900,5900,6000,6000,6300,6400,6500,6500,6500,6500,6500,1939,3,2700,2665.6894284645523,1.8352499973843805,6469.502082996769,16.97369778236204
1787658309,800,POST,/posts,14.400000,0.000000,5900,6000,6100,6300,6300,6400,6500,6500,6500,6500,6500,3749,4,2900,2710.387678575288,1.656333995924797,6462.225041999773,168.81968524939984
1787658309,800,,Aggregated,101.000000,0.000000,5900,6000,6000,6100,6300,6400,6500,6500,6500,6500,6500,24283,30,2800,2705.239208166969,0.5523750005522743,6502.0653329993365,3016.3156529259154
1787658310,800,GET,/feed,76.200000,0.000000,5900,6000,6100,6200,6300,6400,6500,6500,6500,6500,6500,18679,23,2900,2723.9559599896124,0.5523750005522743,6502.0653329993365,3903.187965094491
1787658310,800,POST,/follow,7.600000,0.000000,5900,6000,6100,6200,6400,6400,6500,6500,6500,6500,6500,1943,3,2800,2672.9429467538644,1.8352499973843805,6469.502082996769,16.973751930005147
1787658310,800,POST,/posts,14.100000,0.000000,5900,6100,6200,6200,6300,6400,6500,6500,6500,6500,6500,3767,4,2900,2726.894515690403,1.656333995924797,6462.225041999773,168.8205468542607
1787658310,800,,Aggregated,97.900000,0.000000,5900,6000,6100,6200,6300,6400,6500,6500,6500,6500,6500,24389,30,2900,2720.345777309218,0.5523750005522743,6502.0653329993365,3016.7934314650047
1787658311,800,GET,/feed,74.300000,0.100000,5900,6100,6200,6200,6300,6400,6500,6500,6500,6500,6500,18758,23,2900,2738.426286156734,0.5523750005522743,6502.0653329993365,3903.2082311547074
1787658311,800,POST,/follow,7.700000,0.000000,5900,6100,6200,6200,6400,6400,6500,6500,6500,6500,6500,1952,3,2800,2688.8419321422934,1.8352499973843805,6469.502082996769,16.973872950819672
1787658311,800,POST,/posts,14.900000,0.000000,6000,6100,6200,6200,6300,6400,6400,6500,6500,6500,6500,3783,4,3000,2741.306914800089,1.656333995924797,6462.225041999773,168.82130584192439
1787658311,800,,Aggregated,96.900000,0.100000,5900,6100,6200,6200,6300,6400,6500,6500,6500,6500,6500,24493,30,2900,2734.9195192895336,0.5523750005522743,6502.0653329993365,3016.7053443841096
1787658312,800,GET,/feed,74.500000,0.100000,6100,6200,6200,6300,6400,6400,6500,6500,6500,6500,6500,18836,23,2900,2753.2289897059886,0.5523750005522743,6502.0653329993365,3903.2280739010407
1787658312,800,POST,/follow,7.500000,0.000000,6100,6200,6300,6300,6400,6400,6500,6500,6500,6500,6500,1958,3,2800,2699.9371430672954,1.8352499973843805,6469.502082996769,16.973953013278855
1787658312,800,POST,/posts,15.100000,0.000000,6100,6200,6300,6300,6300,6400,6400,6500,6500,6500,6500,3794,4,3000,2751.6455426277644,1.656333995924797,6462.225041999773,168.82182393252504
1787658312,800,,Aggregated,97.100000,0.100000,6100,6200,6200,6300,6400,6400,6500,6500,6500,6500,6500,24588,30,2900,2748.7409047078877,0.5523750005522743,6502.0653329993365,3017.526801691882
1787658313,800,GET,/feed,74.700000,0.100000,6200,6300,6300,6400,6400,6400,6500,6500,6500,6500,6500,18910,23,2900,2767.4888276495008,0.5523750005522743,6515.789208999195,3903.246747752512
1787658313,800,POST,/follow,7.100000,0.000000,6200,6300,6300,6400,6400,6400,6500,6500,6500,6500,6500,1965,3,2800,2713.044799597846,1.8352499973843805,6477.4327499981155,16.974045801526717
1787658313,800,POST,/posts,15.900000,0.000000,6200,6300,6300,6300,6400,6400,6500,6500,6500,6500,6500,3809,4,3000,2765.92124212936,1.656333995924797,6470.401833998039,168.82252559726962
1787658313,800,,Aggregated,97.700000,0.100000,6200,6300,6300,6300,6400,6400,6500,6500,6500,6500,6500,24684,30,2900,2762.912849349076,0.5523750005522743,6515.789208999195,3017.6144466050882
1787658314,800,GET,/feed,75.000000,0.100000,6200,6300,6400,6400,6400,6400,6500,6500,6500,6500,6500,18993,23,3000,2783.188158739273,0.5523750005522743,6515.789208999195,3903.2675196124887
1787658314,800,POST,/follow,6.900000,0.000000,6300,6300,6400,6400,6400,6500,6500,6500,6500,6500,6500,1972,3,2800,2725.9114952042482,1.8352499973843805,6477.4327499981155,16.974137931034484
1787658314,800,POST,/posts,15.900000,0.000000,6200,6300,6300,6400,6400,6400,6500,6500,6500,6500,6500,3826,4,3000,2781.788903233863,1.656333995924797,6470.401833998039,168.82331416623106
1787658314,800,,Aggregated,97.800000,0.100000,6200,6300,6400,6400,6400,6400,6500,6500,6500,6500,6500,24791,30,3000,2778.4161393752024,0.5523750005522743,6515.789208999195,3017.7948045661733
1787658315,800,GET,/feed,74.900000,0.100000,6200,6300,6400,6400,6400,6400,6500,6500,6500,6500,6500,19073,23,3000,2797.5729596735705,0.5523750005522743,6515.789208999195,3903.2873695800345
1787658315,800,POST,/follow,6.700000,0.000000,6300,6300,6400,6400,6400,6500,6500,6500,6500,6500,6500,1978,3,2900,2736.469422923547,1.8352499973843805,6477.4327499981155,16.974216380182003
1787658315,800,POST,/posts,16.100000,0.000000,6200,6300,6300,6400,6400,6400,6500,6500,6500,6500,6500,3849,4,3000,2802.195118845353,1.656333995924797,6470.401833998039,168.824369966225
1787658315,800,,Aggregated,97.700000,0.100000,6200,6300,6400,6400,6400,6400,6500,6500,6500,6500,6500,24900,30,3000,2793.433517704123,0.5523750005522743,6515.789208999195,3017.3004016064256
1787658316,800,GET,/feed,74.300000,0.100000,6200,6300,6400,6400,6400,6400,6500,6500,6500,6500,6500,19154,23,3000,2811.100958863056,0.5523750005522743,6515.789208999195,3903.3072987365563
1787658316,800,POST,/follow,6.500000,0.000000,6300,6300,6400,6400,6400,6400,6500,6500,6500,6500,6500,1985,3,2900,2747.9665545127255,1.8352499973843805,6477.4327499981155,16.974307304785896
1787658316,800,POST,/posts,15.300000,0.000000,6200,6300,6300,6400,6400,6400,6500,6500,6500,6500,6500,3861,4,3000,2812.155775483752,1.656333995924797,6470.401833998039,168.82491582491582
1787658316,800,,Aggregated,96.100000,0.100000,6200,6300,6400,6400,6400,6400,6500,6500,6500,6500,6500,25000,30,3000,2806.2509930365463,0.5523750005522743,6515.789208999195,3017.979
1787658317,800,GET,/feed,74.600000,0.100000,6200,6300,6400,6400,6400,6400,6500,6500,6500,6500,6500,19229,23,3000,2822.9862559165313,0.5523750005522743,6515.789208999195,3903.32560195538
1787658317,800,POST,/follow,6.400000,0.000000,6200,6300,6300,6400,6400,6400,6500,6500,6500,6500,6500,1996,3,2900,2765.2015475940566,1.8352499973843805,6477.4327499981155,16.97444889779559
1787658317,800,POST,/posts,16.300000,0.000000,6200,6300,6300,6300,6400,6400,6500,6500,6500,6500,6500,3878,4,3100,2825.3472534426933,1.656333995924797,6470.401833998039,168.82568334192882
1787658317,800,,Aggregated,97.300000,0.100000,6200,6300,6300,6400,6400,6400,6500,6500,6500,6500,6500,25103,30,3000,2818.756389788775,0.5523750005522743,6515.789208999195,3017.393737800263
1787658318,800,GET,/feed,74.700000,0.100000,6200,6300,6300,6300,6400,6400,6400,6500,6500,6500,6500,19309,23,3000,2835.556742541147,0.5523750005522743,6515.789208999195,3903.3449686674608
1787658318,800,POST,/follow,6.600000,0.000000,6200,6300,6300,6300,6400,6400,6400,6500,6500,6500,6500,2000,3,2900,2771.3971604153735,1.8352499973843805,6477.4327499981155,16.9745
1787658318,800,POST,/posts,16.100000,0.000000,6200,6300,6300,6300,6400,6400,6400,6400,6500,6500,6500,3897,4,3100,2839.9956354718406,1.656333995924797,6470.401833998039,168.82653323069027
1787658318,800,,Aggregated,97.400000,0.100000,6200,6300,6300,6300,6400,6400,6400,6500,6500,6500,6500,25206,30,3000,2831.1522039987144,0.5523750005522743,6515.789208999195,3017.5971594064904
1787658319,800,GET,/feed,75.600000,0.100000,6200,6200,6300,6300,6400,6400,6400,6500,6500,6500,6500,19386,23,3100,2847.560375864801,0.5523750005522743,6515.789208999195,3903.3634581656866
1787658319,800,POST,/follow,7.000000,0.000000,6100,6200,6300,6300,6400,6400,6400,6500,6500,6500,6500,2006,3,2900,2780.523320786014,1.8352499973843805,6477.4327499981155,16.97457627118644
1787658319,800,POST,/posts,16.200000,0.000000,6100,6200,6300,6300,6400,6400,6400,6400,6500,6500,6500,3919,4,3100,2856.841392387026,1.656333995924797,6470.401833998039,168.8275070170962
1787658319,800,,Aggregated,98.800000,0.100000,6200,6200,6300,6300,6400,6400,6400,6500,6500,6500,6500,25311,30,3100,2843.6844314636555,0.5523750005522743,6515.789208999195,3017.1186440677966
1787658320,800,GET,/feed,76.800000,0.100000,6000,6200,6300,6300,6400,6400,6400,6500,6500,6500,6500,19466,23,3100,2859.3825127729374,0.5523750005522743,6515.789208999195,3903.382513099764
1787658320,800,POST,/follow,7.100000,0.000000,6100,6200,6300,6300,6400,6400,6400,6500,6500,6500,6500,2013,3,2900,2790.663058349101,1.8352499973843805,6477.4327499981155,16.974664679582713
1787658320,800,POST,/posts,17.300000,0.000000,5900,6200,6300,6300,6400,6400,6400,6400,6500,6500,6500,3940,4,3100,2872.091604815424,1.656333995924797,6470.401833998039,168.8284263959391
1787658320,800,,Aggregated,101.200000,0.100000,6000,6200,6300,6300,6400,6400,6400,6500,6500,6500,6500,25419,30,3100,2855.910368349171,0.5523750005522743,6515.789208999195,3016.743302254219
1787658321,800,GET,/feed,79.000000,0.000000,5900,6200,6300,6300,6400,6400,6400,6500,6500,6500,6500,19541,23,3100,2870.180826338111,0.5523750005522743,6515.789208999195,3903.400235402487
1787658321,800,POST,/follow,7.000000,0.000000,5900,6200,6300,6300,6400,6400,6400,6500,6500,6500,6500,2019,3,2900,2799.1612472138377,1.8352499973843805,6477.4327499981155,16.974739970282318
1787658321,800,POST,/posts,18.100000,0.000000,5900,6200,6200,6300,6400,6400,6400,6400,6500,6500,6500,3956,4,3100,2883.3258053626773,1.656333995924797,6470.401833998039,168.82912032355915
1787658321,800,,Aggregated,104.100000,0.000000,5900,6200,6300,6300,6400,6400,6400,6500,6500,6500,6500,25516,30,3100,2866.5992699330827,0.5523750005522743,6515.789208999195,3016.8719234989812
1787658322,800,GET,/feed,78.500000,0.000000,5900,5900,6200,6200,6400,6400,6400,6500,6500,6500,6500,19619,23,3100,2881.416731440953,0.5523750005522743,6515.789208999195,3903.4185228604924
1787658322,800,POST,/follow,6.600000,0.000000,5900,5900,6100,6200,6300,6400,6400,6500,6500,6500,6500,2030,3,3000,2814.826020361942,1.8352499973843805,6477.4327499981155,16.97487684729064
1787658322,800,POST,/posts,17.600000,0.000000,5800,5900,6200,6200,6300,6400,6400,6400,6500,6500,6500,3972,4,3100,2894.555698979795,1.656333995924797,6470.401833998039,168.82980866062437
1787658322,800,,Aggregated,102.700000,0.000000,5900,5900,6200,6200,6400,6400,6400,6500,6500,6500,6500,25621,30,3100,2878.1775462246837,0.5523750005522743,6515.789208999195,3016.518441903126
1787658323,800,GET,/feed,78.600000,0.000000,5800,5900,5900,6000,6200,6300,6300,6300,6400,6400,6400,19697,23,3100,2892.728933406206,0.5523750005522743,6515.789208999195,3903.4366654820533
1787658323,800,POST,/follow,7.100000,0.000000,5800,5900,5900,5900,6200,6300,6300,6300,6300,6300,6300,2044,3,3000,2834.606365235686,1.8352499973843805,6477.4327499981155,16.97504892367906
1787658323,800,POST,/posts,16.800000,0.000000,5800,5900,5900,6200,6200,6300,6300,6300,6300,6300,6300,3985,4,3100,2903.8189446707024,1.656333995924797,6470.401833998039,168.83036386449186
1787658323,800,,Aggregated,102.500000,0.000000,5800,5900,5900,6000,6200,6300,6300,6300,6400,6400,6400,25726,30,3100,2889.82879990502,0.5523750005522743,6515.789208999195,3016.1501205006607
1787658324,820,GET,/feed,77.900000,0.000000,5800,5900,5900,5900,6000,6200,6200,6200,6200,6200,6200,19778,24,3100,2904.4781861668043,0.5523750005522743,6515.789208999195,3903.2577611487513
1787658324,820,POST,/follow,6.900000,0.000000,5800,5800,5900,5900,5900,6100,6200,6200,6200,6200,6200,2051,3,3000,2844.8197901022654,1.8352499973843805,6477.4327499981155,16.97513408093613
1787658324,820,POST,/posts,17.800000,0.000000,5800,5800,5900,5900,6100,6200,6200,6200,6200,6200,6200,4000,4,3100,2914.7063598256873,1.656333995924797,6470.401833998039,168.831
1787658324,820,,Aggregated,102.600000,0.000000,5800,5800,5900,5900,6000,6200,6200,6200,6200,6200,6200,25829,31,3100,2901.3248826826293,0.5523750005522743,6515.789208999195,3016.329397189206
1787658325,840,GET,/feed,78.300000,0.000000,5800,5800,5800,5900,5900,5900,6000,6000,6000,6000,6000,19854,24,3100,2915.564878656342,0.5523750005522743,6515.789208999195,3903.2759141734664
1787658325,840,POST,/follow,7.300000,0.000000,5800,5800,5800,5800,5900,5900,5900,5900,5900,5900,5900,2060,3,3000,2857.66678802609,1.8352499973843805,6477.4327499981155,16.9752427184466
1787658325,840,POST,/posts,17.700000,0.000000,5800,5800,5800,5800,5900,5900,5900,5900,5900,5900,5900,4017,4,3200,2926.837805786591,1.656333995924797,6470.401833998039,168.83171521035598
1787658325,840,,Aggregated,103.300000,0.000000,5800,5800,5800,5900,5900,5900,5900,6000,6000,6000,6000,25931,31,3100,2912.7116636466626,0.5523750005522743,6515.789208999195,3016.0350931317726
1787658326,860,GET,/feed,78.400000,0.100000,5800,5800,5800,5800,5900,5900,5900,5900,6000,6000,6000,19928,24,3100,2926.3963152354468,0.5523750005522743,6515.789208999195,3903.2934564431953
1787658326,860,POST,/follow,8.100000,0.000000,5700,5800,5800,5800,5800,5900,5900,5900,5900,5900,5900,2065,3,3000,2864.786629036684,1.8352499973843805,6477.4327499981155,16.975302663438256
1787658326,860,POST,/posts,17.800000,0.000000,5800,5800,5800,5800,5800,5900,5900,5900,5900,5900,5900,4036,4,3300,2940.481265829224,1.656333995924797,6470.401833998039,168.83250743310208
1787658326,860,,Aggregated,104.300000,0.100000,5800,5800,5800,5800,5900,5900,5900,5900,6000,6000,6000,26029,31,3100,2923.6925178785054,0.5523750005522743,6515.789208999195,3015.916631449537
1787658327,880,GET,/feed,78.400000,0.100000,5800,5800,5800,5900,5900,5900,5900,6000,6000,6000,6000,19997,24,3100,2936.584302633592,0.5523750005522743,6515.789208999195,3903.3096964544684
1787658327,880,POST,/follow,8.100000,0.000000,5800,5800,5800,5800,5900,5900,5900,5900,5900,5900,5900,2070,3,3000,2872.0480984515766,1.8352499973843805,6477.4327499981155,16.97536231884058
1787658327,880,POST,/posts,17.200000,0.000000,5800,5800,5800,5800,5900,5900,5900,5900,5900,5900,5900,4051,4,3300,2951.348594763453,1.656333995924797,6470.401833998039,168.83312762280917
1787658327,880,,Aggregated,103.700000,0.100000,5800,5800,5800,5900,5900,5900,5900,6000,6000,6000,6000,26118,31,3100,2933.759438737487,0.5523750005522743,6515.789208999195,3016.0642468795468
1787658328,900,GET,/feed,77.500000,0.100000,5800,5800,5800,5900,6000,6100,6200,6200,6200,6200,6200,20073,24,3100,2948.60646242106,0.5523750005522743,6515.789208999195,3903.3274547900164
1787658328,900,POST,/follow,7.900000,0.000000,5700,5800,5800,5800,5900,5900,6100,6200,6200,6200,6200,2073,3,3000,2876.7715973843547,1.8352499973843805,6477.4327499981155,16.975397973950795
1787658328,900,POST,/posts,17.000000,0.000000,5800,5800,5800,5800,5900,6100,6100,6100,6200,6200,6200,4062,4,3300,2959.9230802793554,1.656333995924797,6470.401833998039,168.83357951747908
1787658328,900,,Aggregated,102.400000,0.100000,5800,5800,5800,5900,6000,6100,6200,6200,6200,6200,6200,26208,31,3100,2944.6784414549224,0.5523750005522743,6515.789208999195,3017.112484737485
1787658329,920,GET,/feed,77.000000,0.100000,5800,5800,5900,6000,6100,6100,6200,6200,6200,6200,6200,20150,24,3100,2960.6613576288773,0.5523750005522743,6515.789208999195,3903.3453101736973
1787658329,920,POST,/follow,7.300000,0.000000,5700,5800,5800,5800,5900,6100,6100,6200,6200,6200,6200,2076,3,3100,2881.4172860085628,1.8352499973843805,6477.4327499981155,16.97543352601156
1787658329,920,POST,/posts,17.300000,0.000000,5800,5800,5900,6100,6100,6100,6100,6100,6200,6200,6200,4088,4,3300,2979.796740728407,1.656333995924797,6470.401833998039,168.83463796477494
1787658329,920,,Aggregated,101.600000,0.100000,5800,5800,5900,6000,6100,6100,6200,6200,6200,6200,6200,26314,31,3100,2957.3822952828727,0.5523750005522743,6515.789208999195,3016.563236300068
1787658330,940,GET,/feed,76.100000,0.100000,5800,5900,6100,6100,6200,6400,6400,6400,6400,6400,6400,20214,24,3100,2971.283749392695,0.5523750005522743,6515.789208999195,3903.360047491837
1787658330,940,POST,/follow,7.300000,0.000000,5800,5800,5900,5900,6100,6100,6300,6300,6300,6300,6300,2080,3,3100,2887.8376245806553,1.8352499973843805,6477.4327499981155,16.97548076923077
1787658330,940,POST,/posts,16.400000,0.000000,5800,5900,6100,6100,6100,6300,6300,6400,6400,6400,6400,4099,4,3300,2988.7390811314294,1.656333995924797,6470.401833998039,168.83508172725055
1787658330,940,,Aggregated,99.800000,0.100000,5800,5900,6100,6100,6100,6300,6400,6400,6400,6400,6400,26393,31,3200,2967.418386045904,0.5523750005522743,6515.789208999195,3017.0834691016557
1787658331,960,GET,/feed,75.900000,0.100000,5900,6100,6100,6100,6400,6500,6800,6900,6900,6900,6900,20275,24,3200,2982.281518153288,0.5523750005522743,6914.076875000319,3903.3740073982735
1787658331,960,POST,/follow,7.200000,0.000000,5800,5900,6100,6200,6500,6500,6800,6900,6900,6900,6900,2091,3,3100,2907.314831700505,1.8352499973843805,6903.295999996772,16.975609756097562
1787658331,960,POST,/posts,15.900000,0.000000,5900,6100,6100,6100,6400,6500,6800,6800,6900,6900,6900,4114,4,3300,3001.851113387146,1.656333995924797,6884.635041002184,168.835683033544
1787658331,960,,Aggregated,99.000000,0.100000,5900,6100,6100,6100,6400,6500,6800,6800,6900,6900,6900,26480,31,3200,2979.4021364848363,0.5523750005522743,6914.076875000319,3016.2762084592146
1787658332,980,GET,/feed,75.400000,0.100000,6000,6100,6200,6400,6800,7000,7100,7200,7200,7200,7200,20333,24,3200,2993.8677736077743,0.5523750005522743,7211.317707995477,3903.3872030689026
1787658332,980,POST,/follow,7.100000,0.000000,5900,6100,6500,6500,6900,7000,7000,7000,7000,7000,7000,2098,3,3100,2920.9283291638462,1.8352499973843805,7017.758750000212,16.975691134413726
1787658332,980,POST,/posts,16.000000,0.000000,5900,6100,6100,6300,6500,6800,6900,7000,7100,7100,7100,4118,4,3300,3005.723113115035,1.656333995924797,7118.601249996573,168.83584264205925
1787658332,980,,Aggregated,98.500000,0.100000,6000,6100,6200,6400,6800,7000,7100,7200,7200,7200,7200,26549,31,3200,2989.9427042510247,0.5523750005522743,7211.317707995477,3017.004519944254
1787658333,1000,GET,/feed,73.500000,0.100000,6100,6300,6500,6800,7200,7500,7700,7700,7800,7800,7800,20392,24,3200,3006.9098736322017,0.5523750005522743,7761.871082999278,3903.4005492349943
1787658333,1000,POST,/follow,6.900000,0.000000,6100,6500,6800,7000,7000,7300,7600,7700,7700,7700,7700,2103,3,3100,2931.5742154073905,1.8352499973843805,7688.389582996024,16.975748930099858
1787658333,1000,POST,/posts,16.400000,0.000000,6100,6100,6300,6400,6800,7200,7700,7700,7700,7700,7700,4126,4,3300,3014.3974812405995,1.656333995924797,7726.325374998851,168.83616093068346
1787658333,1000,,Aggregated,96.800000,0.100000,6100,6300,6500,6700,7100,7400,7700,7700,7800,7800,7800,26621,31,3300,3002.119031054749,0.5523750005522743,7761.871082999278,3017.559896322452
1787658334,1000,GET,/feed,72.400000,0.100000,6200,6600,7100,7300,7700,7800,7900,7900,8000,8000,8000,20473,24,3300,3025.7652722743564,0.5523750005522743,7990.884042003017,3903.4187466419185
1787658334,1000,POST,/follow,7.400000,0.000000,6500,7000,7200,7700,7700,7800,7800,7900,7900,7900,7900,2114,3,3100,2956.5496513721596,1.8352499973843805,7877.742999997281,16.975875118259225
1787658334,1000,POST,/posts,15.100000,0.000000,6100,6300,6500,6800,7700,7700,8000,8000,8000,8000,8000,4138,4,3300,3028.1845533609767,1.656333995924797,7955.2340830050525,168.83663605606574
1787658334,1000,,Aggregated,94.900000,0.100000,6200,6500,7000,7200,7700,7800,7900,8000,8000,8000,8000,26725,31,3300,3020.664773211657,0.5523750005522743,7990.884042003017,3017.7446211412534
1787658335,1000,GET,/feed,69.800000,0.100000,6500,7200,7700,7700,7900,8000,8000,8000,8000,8000,8000,20551,24,3300,3044.3639402734148,0.5523750005522743,8013.582708001195,3903.436134494672
1787658335,1000,POST,/follow,6.600000,0.000000,6900,7300,7700,7700,7900,7900,7900,7900,7900,7900,7900,2120,3,3100,2970.542934827708,1.8352499973843805,7938.057708000997,16.975943396226416
1787658335,1000,POST,/posts,14.200000,0.000000,6300,6800,7700,7700,7900,8000,8000,8000,8000,8000,8000,4157,4,3400,3050.4850552419334,1.656333995924797,7978.655999999319,168.8373827279288
1787658335,1000,,Aggregated,90.600000,0.100000,6500,7200,7700,7700,7900,7900,8000,8000,8000,8000,8000,26828,31,3300,3039.478929962523,0.5523750005522743,8013.582708001195,3017.6443268227226
1787658336,1000,GET,/feed,69.100000,0.000000,7000,7700,7800,7900,8000,8000,8000,8000,8100,8100,8100,20626,24,3300,3062.409880087654,0.5523750005522743,8064.906041996437,3903.452729564627
1787658336,1000,POST,/follow,6.100000,0.000000,7000,7700,7800,7900,8000,8000,8000,8000,8000,8000,8000,2127,3,3100,2987.041270941579,1.8352499973843805,7998.367457999848,16.97602256699577
1787658336,1000,POST,/posts,14.000000,0.000000,6700,7700,7900,8000,8000,8000,8000,8000,8000,8000,8000,4177,4,3400,3074.1303629736,1.656333995924797,8019.513250001182,168.83816135982764
1787658336,1000,,Aggregated,89.200000,0.000000,7000,7700,7900,7900,8000,8000,8000,8000,8100,8100,8100,26930,31,3300,3058.2749905726528,0.5523750005522743,8064.906041996437,3017.228406981062
1787658337,1000,GET,/feed,68.800000,0.000000,7600,7900,8000,8000,8100,8100,8200,8200,8200,8200,8200,20704,24,3300,3081.5140732237214,0.5523750005522743,8171.294416999444,3903.469860896445
1787658337,1000,POST,/follow,5.900000,0.000000,7700,7800,7900,8000,8100,8100,8100,8100,8100,8100,8100,2135,3,3100,3006.2764105778638,1.8352499973843805,8141.6915000008885,16.976112412177986
1787658337,1000,POST,/posts,14.000000,0.000000,7700,7900,8000,8000,8000,8100,8100,8100,8100,8100,8100,4191,4,3400,3090.925523735083,1.656333995924797,8149.169208001695,168.83870198043425
1787658337,1000,,Aggregated,88.700000,0.000000,7600,7900,8000,8000,8100,8100,8200,8200,8200,8200,8200,27030,31,3300,3077.030572644529,0.5523750005522743,8171.294416999444,3017.435701072882
1787658338,1000,GET,/feed,69.100000,0.000000,7800,8000,8000,8100,8200,8300,8300,8300,8300,8300,8300,20783,24,3300,3101.1218255899003,0.5523750005522743,8321.033583000826,3903.4870807871816
1787658338,1000,POST,/follow,6.100000,0.000000,7800,8000,8100,8100,8200,8200,8300,8300,8300,8300,8300,2146,3,3100,3032.915011047876,1.8352499973843805,8288.716417002433,16.9762348555452
1787658338,1000,POST,/posts,14.200000,0.000000,7900,8000,8000,8100,8100,8200,8300,8300,8300,8300,8300,4206,4,3400,3109.1567551349826,1.656333995924797,8296.422833001998,168.83927722301473
1787658338,1000,,Aggregated,89.400000,0.000000,7800,8000,8000,8100,8200,8300,8300,8300,8300,8300,8300,27135,31,3300,3096.973054248816,0.5523750005522743,8321.033583000826,3017.2375529758615
1787658339,1000,GET,/feed,69.600000,0.000000,8000,8100,8200,8200,8300,8400,8400,8400,8400,8400,8400,20867,24,3400,3122.216678441031,0.5523750005522743,8444.974291996914,3903.5052475200077
1787658339,1000,POST,/follow,6.300000,0.000000,7900,8000,8100,8100,8200,8400,8400,8400,8400,8400,8400,2150,3,3200,3042.8945427324397,1.8352499973843805,8404.245333003928,16.976279069767443
1787658339,1000,POST,/posts,14.100000,0.000000,8000,8000,8100,8100,8300,8400,8400,8400,8400,8400,8400,4221,4,3400,3127.749790603824,1.656333995924797,8398.450458000298,168.83984837716181
1787658339,1000,,Aggregated,90.000000,0.000000,8000,8100,8100,8200,8300,8400,8400,8400,8400,8400,8400,27238,31,3400,3116.812929071246,0.5523750005522743,8444.974291996914,3017.9754754387254
1787658340,1000,GET,/feed,70.800000,0.000000,8000,8200,8300,8300,8400,8400,8500,8500,8500,8500,8500,20945,24,3400,3141.8759086172818,0.5523750005522743,8473.609000000579,3903.521986154213
1787658340,1000,POST,/follow,7.000000,0.000000,8000,8100,8200,8300,8400,8400,8400,8400,8400,8400,8400,2159,3,3200,3065.2380984255415,1.8352499973843805,8448.066167002253,16.976377952755904
1787658340,1000,POST,/posts,14.700000,0.000000,8000,8100,8300,8300,8400,8400,8400,8400,8400,8400,8400,4236,4,3400,3146.379368816035,1.656333995924797,8433.12787499599,168.84041548630785
1787658340,1000,,Aggregated,92.500000,0.000000,8000,8200,8300,8300,8400,8400,8400,8500,8500,8500,8500,27340,31,3400,3136.5216886172097,0.5523750005522743,8473.609000000579,3017.963716166789
1787658341,1000,GET,/feed,71.000000,0.000000,8100,8300,8400,8400,8400,8500,8500,8500,8600,8600,8600,21025,24,3400,3162.0980051282745,0.5523750005522743,8577.90270899568,3903.5390249702737
1787658341,1000,POST,/follow,7.200000,0.000000,8100,8300,8400,8400,8500,8500,8500,8600,8600,8600,8600,2170,3,3300,3092.6617033224697,1.8352499973843805,8557.070000002568,16.976497695852533
1787658341,1000,POST,/posts,13.800000,0.000000,8100,8200,8300,8400,8400,8400,8500,8500,8500,8500,8500,4246,4,3400,3158.8379836544336,1.656333995924797,8489.012042002287,168.84079133301933
1787658341,1000,,Aggregated,92.000000,0.000000,8100,8300,8400,8400,8400,8500,8500,8500,8600,8600,8600,27441,31,3400,3156.1026395768586,0.5523750005522743,8577.90270899568,3018.3172989322547
1787658342,1000,GET,/feed,71.900000,0.000000,8200,8300,8400,8400,8400,8500,8500,8500,8600,8600,8600,21095,24,3400,3179.262404366624,0.5523750005522743,8577.90270899568,3903.5538279213083
1787658342,1000,POST,/follow,7.600000,0.000000,8200,8300,8400,8400,8500,8500,8500,8600,8600,8600,8600,2175,3,3300,3104.785986475753,1.8352499973843805,8557.070000002568,16.97655172413793
1787658342,1000,POST,/posts,13.500000,0.000000,8100,8300,8400,8400,8400,8400,8500,8500,8500,8500,8500,4262,4,3400,3178.2774408368646,1.656333995924797,8489.012042002287,168.84138901923978
1787658342,1000,,Aggregated,93.000000,0.000000,8200,8300,8400,8400,8400,8500,8500,8500,8600,8600,8600,27532,31,3400,3173.2263690812724,0.5523750005522743,8577.90270899568,3018.3783960482347
1787658343,1000,GET,/feed,73.700000,0.000000,8200,8300,8400,8400,8400,8500,8500,8500,8600,8600,8600,21175,25,3400,3197.4761052493973,0.5523750005522743,8577.90270899568,3903.3860684769775
1787658343,1000,POST,/follow,7.400000,0.000000,8200,8400,8400,8400,8500,8500,8500,8600,8600,8600,8600,2179,3,3300,3113.8832121774903,1.8352499973843805,8557.070000002568,16.976594768242315
1787658343,1000,POST,/posts,13.200000,0.000000,8100,8300,8400,8400,8400,8400,8500,8500,8500,8500,8500,4283,4,3500,3202.4166449658464,1.656333995924797,8489.012042002287,168.8421667055802
1787658343,1000,,Aggregated,94.300000,0.000000,8200,8300,8400,8400,8400,8500,8500,8500,8600,8600,8600,27637,32,3400,3191.650994622414,0.5523750005522743,8577.90270899568,3018.212649708724
1787658344,1000,GET,/feed,75.400000,0.000000,8200,8300,8400,8400,8400,8500,8500,8500,8600,8600,8600,21231,25,3400,3210.402048397578,0.5523750005522743,8577.90270899568,3903.398238424945
1787658344,1000,POST,/follow,7.800000,0.000000,8200,8400,8400,8400,8500,8500,8500,8600,8600,8600,8600,2184,3,3300,3125.215105502634,1.8352499973843805,8557.070000002568,16.97664835164835
1787658344,1000,POST,/posts,13.900000,0.000000,8200,8300,8400,8400,8400,8400,8500,8500,8500,8500,8500,4290,4,3500,3210.364700109723,1.656333995924797,8489.012042002287,168.84242424242424
1787658344,1000,,Aggregated,97.100000,0.000000,8200,8300,8400,8400,8400,8500,8500,8500,8600,8600,8600,27705,32,3400,3203.68093280699,0.5523750005522743,8577.90270899568,3018.749648077964
1787658345,1000,GET,/feed,76.900000,0.000000,8300,8400,8400,8400,8500,8500,8500,8500,8600,8600,8600,21297,25,3400,3226.4473082293252,0.5523750005522743,8577.90270899568,3903.412499413063
1787658345,1000,POST,/follow,7.500000,0.000000,8300,8400,8400,8400,8500,8500,8500,8600,8600,8600,8600,2190,3,3300,3139.6488914957745,1.8352499973843805,8557.070000002568,16.976712328767125
1787658345,1000,POST,/posts,15.100000,0.000000,8300,8400,8400,8400,8400,8400,8500,8500,8500,8500,8500,4303,4,3500,3225.9634896515713,1.656333995924797,8489.012042002287,168.8429003021148
1787658345,1000,,Aggregated,99.500000,0.000000,8300,8400,8400,8400,8400,8500,8500,8500,8600,8600,8600,27790,32,3400,3219.5322163262535,0.5523750005522743,8577.90270899568,3018.8803886290034
1787658346,1000,GET,/feed,77.000000,0.100000,8300,8400,8400,8400,8500,8500,8500,8500,8600,8600,8600,21376,25,3400,3245.2787933619475,0.5523750005522743,8577.90270899568,3903.4294535928143
1787658346,1000,POST,/follow,7.100000,0.000000,8300,8400,8400,8400,8500,8500,8500,8600,8600,8600,8600,2201,3,3300,3165.400901615975,1.8352499973843805,8557.070000002568,16.976828714220808
1787658346,1000,POST,/posts,15.300000,0.000000,8300,8400,8400,8400,8400,8400,8500,8500,8500,8500,8500,4329,4,3500,3256.374854289836,1.656333995924797,8489.012042002287,168.84384384384384
1787658346,1000,,Aggregated,99.400000,0.100000,8300,8400,8400,8400,8400,8500,8500,8500,8600,8600,8600,27906,32,3400,3240.699979057647,0.5523750005522743,8577.90270899568,3017.558912061922
1787658347,1000,GET,/feed,74.500000,0.100000,8300,8400,8400,8400,8500,8500,8500,8500,8600,8600,8600,21456,25,3400,3263.81266747385,0.5523750005522743,8577.90270899568,3903.446495152871
1787658347,1000,POST,/follow,7.000000,0.000000,8300,8400,8400,8400,8500,8500,8500,8600,8600,8600,8600,2210,3,3300,3186.014642213022,1.8352499973843805,8557.070000002568,16.976923076923075
1787658347,1000,POST,/posts,14.700000,0.000000,8300,8400,8400,8400,8400,8400,8500,8500,8500,8500,8500,4346,4,3500,3275.6481224718586,1.656333995924797,8489.012042002287,168.8444546709618
1787658347,1000,,Aggregated,96.200000,0.100000,8300,8400,8400,8400,8400,8500,8500,8500,8600,8600,8600,28012,32,3400,3259.511055721571,0.5523750005522743,8577.90270899568,3017.4091460802515
1787658348,1000,GET,/feed,74.600000,0.100000,8300,8400,8400,8400,8500,8500,8500,8500,8600,8600,8600,21534,25,3500,3281.693856037147,0.5523750005522743,8577.90270899568,3903.462988761958
1787658348,1000,POST,/follow,7.000000,0.000000,8300,8400,8400,8400,8500,8500,8500,8600,8600,8600,8600,2218,3,3300,3203.96134035788,1.8352499973843805,8557.070000002568,16.977006311992785
1787658348,1000,POST,/posts,14.500000,0.000000,8300,8300,8400,8400,8400,8400,8500,8500,8500,8500,8500,4366,5,3500,3296.2509493462417,1.656333995924797,8489.012042002287,168.80645900137426
1787658348,1000,,Aggregated,96.100000,0.100000,8300,8400,8400,8400,8400,8500,8500,8500,8600,8600,8600,28118,33,3500,3277.8225120443717,0.5523750005522743,8577.90270899568,3016.9939540507858
1787658349,1000,GET,/feed,74.400000,0.100000,8300,8300,8400,8400,8400,8500,8500,8500,8600,8600,8600,21616,25,3500,3300.525166142021,0.5523750005522743,8577.90270899568,3903.4801998519615
1787658349,1000,POST,/follow,7.700000,0.000000,8300,8400,8400,8400,8500,8500,8500,8600,8600,8600,8600,2222,3,3400,3213.0383883873883,1.8352499973843805,8557.070000002568,16.977047704770477
1787658349,1000,POST,/posts,14.900000,0.000000,8200,8300,8300,8400,8400,8400,8500,8500,8500,8500,8500,4377,5,3500,3308.6679197728304,1.656333995924797,8489.012042002287,168.80694539639023
1787658349,1000,,Aggregated,97.000000,0.100000,8300,8300,8400,8400,8400,8500,8500,8500,8600,8600,8600,28215,33,3500,3294.8985566247975,0.5523750005522743,8577.90270899568,3018.0478114478115
1787658350,1000,GET,/feed,74.700000,0.100000,8300,8300,8400,8400,8500,8500,8600,8600,8700,8700,8700,21670,25,3500,3313.289396365432,0.5523750005522743,8675.314457999775,3903.491462851869
1787658350,1000,POST,/follow,7.400000,0.000000,8300,8400,8400,8400,8500,8500,8600,8600,8600,8600,8600,2226,3,3400,3222.3576439603607,1.8352499973843805,8622.910624995711,16.977088948787063
1787658350,1000,POST,/posts,15.500000,0.000000,8200,8300,8300,8300,8400,8500,8500,8600,8600,8600,8600,4383,5,3500,3315.6553439451714,1.656333995924797,8627.961416001199,168.80720967373944
1787658350,1000,,Aggregated,97.600000,0.100000,8300,8300,8400,8400,8400,8500,8600,8600,8700,8700,8700,28279,33,3500,3306.498345316546,0.5523750005522743,8675.314457999775,3018.718236146964
1787658351,1000,GET,/feed,74.400000,0.100000,8300,8300,8400,8400,8600,8800,8900,9000,9100,9100,9100,21722,25,3500,3326.5584080995245,0.5523750005522743,9060.400457994547,3903.502255777553
1787658351,1000,POST,/follow,7.300000,0.000000,8200,8300,8400,8400,8600,8800,8800,9000,9000,9000,9000,2231,3,3400,3234.924727344138,1.8352499973843805,9008.302792004542,16.977140295831465
1787658351,1000,POST,/posts,15.600000,0.100000,8200,8300,8300,8300,8600,8800,9000,9000,9000,9000,9000,4395,5,3500,3330.7952225662516,1.656333995924797,9027.927416995226,168.80773606370877
1787658351,1000,,Aggregated,97.300000,0.200000,8200,8300,8300,8400,8600,8800,8900,9000,9100,9100,9100,28348,33,3500,3320.003662008662,0.5523750005522743,9060.400457994547,3018.6137293636234
1787658352,1000,GET,/feed,74.600000,0.100000,8300,8400,8400,8600,9100,9100,9200,9200,9200,9200,9200,21791,25,3500,3344.9222250732337,0.5523750005522743,9179.62954199902,3903.516497636639
1787658352,1000,POST,/follow,6.900000,0.000000,8300,8400,8400,8600,9100,9100,9100,9100,9100,9100,9100,2238,3,3400,3253.282687050832,1.8352499973843805,9147.261666999839,16.97721179624665
1787658352,1000,POST,/posts,15.000000,0.100000,8300,8300,8400,8700,9100,9100,9100,9200,9200,9200,9200,4411,5,3500,3351.7192085440224,1.656333995924797,9156.830583997362,168.80843346180004
1787658352,1000,,Aggregated,96.500000,0.200000,8300,8400,8400,8600,9100,9100,9200,9200,9200,9200,9200,28440,33,3500,3338.765129714434,0.5523750005522743,9179.62954199902,3018.429571026723
1787658353,1000,GET,/feed,70.700000,0.100000,8300,8400,8800,9100,9100,9200,9200,9200,9200,9200,9200,21863,25,3500,3363.9700222612087,0.5523750005522743,9235.029208000924,3903.5312628642
1787658353,1000,POST,/follow,6.600000,0.000000,8300,8400,8800,9100,9100,9100,9100,9100,9100,9100,9100,2245,3,3400,3271.5675471206005,1.8352499973843805,9147.261666999839,16.97728285077951
1787658353,1000,POST,/posts,14.800000,0.100000,8300,8400,8800,9000,9100,9100,9200,9200,9200,9200,9200,4424,5,3500,3368.598984415386,1.656333995924797,9209.470458001306,168.80899638336348
1787658353,1000,,Aggregated,92.100000,0.200000,8300,8400,8800,9100,9100,9100,9200,9200,9200,9200,9200,28532,33,3500,3357.4172033869495,0.5523750005522743,9235.029208000924,3018.6397378382167
1787658354,1000,GET,/feed,68.700000,0.100000,8400,8900,9100,9100,9100,9200,9200,9200,9200,9200,9200,21942,25,3500,3384.3270405932844,0.5523750005522743,9235.029208000924,3903.5473521101085
1787658354,1000,POST,/follow,6.000000,0.000000,8400,8800,9000,9100,9100,9100,9100,9100,9100,9100,9100,2251,3,3400,3286.8203784770085,1.8352499973843805,9147.261666999839,16.97734340293203
1787658354,1000,POST,/posts,14.700000,0.100000,8400,9000,9000,9100,9100,9100,9200,9200,9200,9200,9200,4445,5,3500,3395.2516031430123,1.656333995924797,9209.470458001306,168.80989876265465
1787658354,1000,,Aggregated,89.400000,0.200000,8400,8900,9000,9100,9100,9100,9200,9200,9200,9200,9200,28638,33,3500,3378.358473797769,0.5523750005522743,9235.029208000924,3018.374607165305
1787658355,1000,GET,/feed,68.500000,0.100000,8700,8900,9100,9100,9100,9200,9200,9200,9200,9200,9200,22015,25,3500,3402.5829166622657,0.5523750005522743,9235.029208000924,3903.5621167385875
1787658355,1000,POST,/follow,6.600000,0.000000,8700,8900,9000,9100,9100,9100,9100,9100,9100,9100,9100,2259,3,3400,3306.542540317734,1.8352499973843805,9147.261666999839,16.97742363877822
1787658355,1000,POST,/posts,14.100000,0.100000,8800,9000,9000,9100,9100,9100,9200,9200,9200,9200,9200,4462,5,3500,3416.0922556521036,1.656333995924797,9209.470458001306,168.81062303899597
1787658355,1000,,Aggregated,89.200000,0.200000,8800,8900,9000,9100,9100,9100,9200,9200,9200,9200,9200,28736,33,3500,3397.130642873659,0.5523750005522743,9235.029208000924,3018.1133421492204
1787658356,1000,GET,/feed,69.400000,0.000000,8800,8900,9100,9100,9100,9200,9200,9200,9200,9200,9200,22096,25,3500,3422.1445784579455,0.5523750005522743,9235.029208000924,3903.5783852280956
1787658356,1000,POST,/follow,6.500000,0.000000,8800,8900,9100,9100,9100,9100,9100,9100,9100,9100,9100,2267,3,3400,3325.687220223095,1.8352499973843805,9147.261666999839,16.97750330833701
1787658356,1000,POST,/posts,14.400000,0.100000,8800,9000,9000,9100,9100,9100,9200,9200,9200,9200,9200,4471,5,3500,3426.7293190216233,1.656333995924797,9209.470458001306,168.8110042496086
1787658356,1000,,Aggregated,90.300000,0.100000,8800,8900,9000,9100,9100,9100,9200,9200,9200,9200,9200,28834,33,3500,3415.271773572812,0.5523750005522743,9235.029208000924,3018.8912395089133
1787658357,1000,GET,/feed,71.500000,0.000000,8800,8900,9100,9100,9100,9200,9200,9200,9200,9200,9200,22172,25,3500,3440.4824531629906,0.5523750005522743,9235.029208000924,3903.593541403572
1787658357,1000,POST,/follow,6.700000,0.000000,8800,9000,9100,9100,9100,9100,9100,9100,9100,9100,9100,2273,3,3400,3340.1228193813254,1.8352499973843805,9147.261666999839,16.9775626924769
1787658357,1000,POST,/posts,15.400000,0.100000,8900,9000,9000,9100,9100,9100,9200,9200,9200,9200,9200,4483,5,3500,3440.9548306042107,1.656333995924797,9209.470458001306,168.81151014945348
1787658357,1000,,Aggregated,93.600000,0.100000,8800,8900,9100,9100,9100,9100,9200,9200,9200,9200,9200,28928,33,3500,3432.669960784795,0.5523750005522743,9235.029208000924,3019.4222898230087
1787658358,1000,GET,/feed,71.600000,0.000000,8800,8900,9100,9100,9100,9200,9200,9200,9200,9200,9200,22246,25,3500,3458.3252240286265,0.5523750005522743,9235.029208000924,3903.6081992268273
1787658358,1000,POST,/follow,7.000000,0.000000,8800,8900,9000,9100,9100,9100,9100,9100,9100,9100,9100,2282,3,3400,3361.5906166716736,1.8352499973843805,9147.261666999839,16.977651183172657
1787658358,1000,POST,/posts,15.100000,0.100000,8800,9000,9000,9100,9100,9100,9200,9200,9200,9200,9200,4504,5,3500,3465.9071472335,1.656333995924797,9209.470458001306,168.8123889875666
1787658358,1000,,Aggregated,93.700000,0.100000,8800,8900,9100,9100,9100,9100,9200,9200,9200,9200,9200,29032,33,3500,3451.897854509698,0.5523750005522743,9235.029208000924,3018.694612841003
1787658359,1000,GET,/feed,71.600000,0.000000,8800,8900,9100,9100,9100,9200,9200,9200,9200,9200,9200,22325,25,3500,3477.1266693518837,0.5523750005522743,9235.029208000924,3903.6237402015677
1787658359,1000,POST,/follow,6.000000,0.000000,8800,8900,9000,9100,9100,9100,9100,9100,9100,9100,9100,2293,3,3500,3387.456380812803,1.8352499973843805,9147.261666999839,16.97775839511557
1787658359,1000,POST,/posts,14.200000,0.100000,8800,9000,9000,9100,9100,9100,9200,9200,9200,9200,9200,4518,5,3600,3482.317232453893,1.656333995924797,9209.470458001306,168.81297034085878
1787658359,1000,,Aggregated,91.800000,0.100000,8800,8900,9000,9100,9100,9100,9200,9200,9200,9200,9200,29136,33,3500,3470.874506820138,0.5523750005522743,9235.029208000924,3018.603342943438
1787658360,1000,GET,/feed,71.100000,0.000000,8800,8900,9000,9100,9100,9200,9200,9200,9200,9200,9200,22405,25,3500,3496.0271989190283,0.5523750005522743,9235.029208000924,3903.639366212899
1787658360,1000,POST,/follow,6.000000,0.000000,8800,8900,9000,9100,9100,9100,9100,9100,9100,9100,9100,2301,3,3500,3406.190578839961,1.8352499973843805,9147.261666999839,16.977835723598435
1787658360,1000,POST,/posts,13.300000,0.100000,8800,9000,9000,9100,9100,9100,9200,9200,9200,9200,9200,4530,5,3600,3496.3134751138396,1.656333995924797,9209.470458001306,168.81346578366447
1787658360,1000,,Aggregated,90.400000,0.100000,8800,8900,9000,9100,9100,9100,9200,9200,9200,9200,9200,29236,33,3500,3489.0010246257184,0.5523750005522743,9235.029208000924,3019.0460733342456
1787658361,1000,GET,/feed,71.000000,0.000000,8800,8900,8900,9100,9100,9200,9200,9200,9200,9200,9200,22480,25,3500,3512.6348279260146,0.5523750005522743,9235.029208000924,3903.6539145907473
1787658361,1000,POST,/follow,6.700000,0.000000,8800,8800,8900,9000,9100,9100,9100,9100,9100,9100,9100,2305,3,3500,3414.874776751736,1.8352499973843805,9147.261666999839,16.977874186550977
1787658361,1000,POST,/posts,14.400000,0.000000,8800,8900,9000,9000,9100,9100,9200,9200,9200,9200,9200,4548,5,3600,3515.8682971120706,1.656333995924797,9209.470458001306,168.81420404573439
1787658361,1000,,Aggregated,92.100000,0.000000,8800,8900,8900,9000,9100,9100,9200,9200,9200,9200,9200,29333,33,3500,3505.454140642126,0.5523750005522743,9235.029208000924,3019.1607063716633
1787658362,1000,GET,/feed,70.300000,0.000000,8800,8800,8900,8900,9100,9100,9100,9100,9100,9100,9100,22562,25,3600,3529.381849213087,0.5523750005522743,9235.029208000924,3903.6697101320806
1787658362,1000,POST,/follow,7.400000,0.000000,8800,8800,8800,8800,9000,9100,9100,9100,9100,9100,9100,2314,3,3500,3433.051848366364,1.8352499973843805,9147.261666999839,16.977960242005185
1787658362,1000,POST,/posts,14.700000,0.000000,8800,8800,8900,8900,9000,9100,9100,9100,9100,9100,9100,4561,5,3600,3528.979245088949,1.656333995924797,9209.470458001306,168.8147336110502
1787658362,1000,,Aggregated,92.400000,0.000000,8800,8800,8900,8900,9100,9100,9100,9100,9100,9100,9100,29437,33,3600,3521.7471072431417,0.5523750005522743,9235.029208000924,3019.460101233142
1787658363,1000,GET,/feed,74.400000,0.000000,8800,8800,8800,8800,8900,8900,9000,9000,9100,9100,9100,22636,25,3600,3544.0060358770893,0.5523750005522743,9235.029208000924,3903.6838664074926
1787658363,1000,POST,/follow,7.300000,0.000000,8800,8800,8800,8800,8900,9000,9000,9000,9000,9000,9000,2321,3,3500,3446.7583858047255,1.8352499973843805,9147.261666999839,16.97802671262387
1787658363,1000,POST,/posts,14.600000,0.000000,8800,8800,8800,8800,8900,9000,9000,9000,9000,9000,9000,4575,5,3600,3542.6121687734844,1.656333995924797,9209.470458001306,168.8153005464481
1787658363,1000,,Aggregated,96.300000,0.000000,8800,8800,8800,8800,8900,8900,9000,9000,9100,9100,9100,29532,33,3600,3536.1471459334116,0.5523750005522743,9235.029208000924,3019.623594744684
1787658364,1000,GET,/feed,76.200000,0.000000,8700,8800,8800,8800,8800,8900,8900,8900,9000,9000,9000,22719,25,3600,3560.4467049653504,0.5523750005522743,9235.029208000924,3903.699634667019
1787658364,1000,POST,/follow,7.200000,0.000000,8700,8800,8800,8800,8800,8800,8900,8900,8900,8900,8900,2330,3,3500,3464.4170842784397,1.8352499973843805,9147.261666999839,16.978111587982834
1787658364,1000,POST,/posts,15.200000,0.000000,8700,8800,8800,8800,8800,8900,8900,8900,8900,8900,8900,4590,5,3600,3557.276421208649,1.656333995924797,9209.470458001306,168.81590413943354
1787658364,1000,,Aggregated,98.600000,0.000000,8700,8800,8800,8800,8800,8900,8900,8900,9000,9000,9000,29639,33,3600,3552.4066017687687,0.5523750005522743,9235.029208000924,3019.7569418671346
1787658365,1000,GET,/feed,77.400000,0.000000,8700,8700,8800,8800,8800,8800,8800,8900,8900,8900,8900,22767,26,3600,3569.4140302715687,0.5523750005522743,9235.029208000924,3903.537049237932
1787658365,1000,POST,/follow,7.500000,0.000000,8500,8700,8800,8800,8800,8800,8800,8800,8800,8800,8800,2340,3,3500,3483.507493890069,1.8352499973843805,9147.261666999839,16.97820512820513
1787658365,1000,POST,/posts,15.200000,0.000000,8500,8700,8800,8800,8800,8800,8800,8900,8900,8900,8900,4606,5,3600,3572.6945955943775,1.656333995924797,9209.470458001306,168.8165436387321
1787658365,1000,,Aggregated,100.100000,0.000000,8700,8700,8800,8800,8800,8800,8800,8900,8900,8900,8900,29713,34,3600,3563.1571389695946,0.5523750005522743,9235.029208000924,3018.514656884192
1787658366,1000,GET,/feed,76.800000,0.000000,8300,8700,8800,8800,8800,8800,8800,8900,8900,8900,8900,22845,26,3600,3585.5105492533917,0.5523750005522743,9235.029208000924,3903.55228715255
1787658366,1000,POST,/follow,7.700000,0.000000,8300,8700,8800,8800,8800,8800,8800,8800,8800,8800,8800,2349,3,3500,3501.7241603315324,1.8352499973843805,9147.261666999839,16.978288633461048
1787658366,1000,POST,/posts,14.600000,0.000000,8300,8700,8800,8800,8800,8800,8800,8900,8900,8900,8900,4626,5,3600,3592.964888252636,1.656333995924797,9209.470458001306,168.81733679204496
1787658366,1000,,Aggregated,99.100000,0.000000,8300,8700,8800,8800,8800,8800,8800,8900,8900,8900,8900,29820,34,3600,3580.066872011048,0.5523750005522743,9235.029208000924,3018.024245472837
1787658367,1000,GET,/feed,77.800000,0.100000,8300,8500,8700,8800,8800,8800,8800,8800,8900,8900,8900,22915,26,3600,3599.6238033684813,0.5523750005522743,9235.029208000924,3903.565873881737
1787658367,1000,POST,/follow,8.100000,0.000000,8200,8500,8800,8800,8800,8800,8800,8800,8800,8800,8800,2356,3,3500,3515.5947931314786,1.8352499973843805,9147.261666999839,16.97835314091681
1787658367,1000,POST,/posts,14.600000,0.000000,8200,8300,8700,8800,8800,8800,8800,8900,8900,8900,8900,4649,5,3600,3615.7288571586714,1.656333995924797,9209.470458001306,168.81824048182403
1787658367,1000,,Aggregated,100.500000,0.100000,8200,8400,8700,8800,8800,8800,8800,8800,8900,8900,8900,29920,34,3600,3595.5095001249138,0.5523750005522743,9235.029208000924,3017.2142045454543
1787658368,1000,GET,/feed,74.400000,0.100000,8200,8300,8400,8600,8800,8800,8800,8800,8800,8800,8800,22993,26,3600,3615.2306598610357,0.5523750005522743,9235.029208000924,3903.5809159309356
1787658368,1000,POST,/follow,7.900000,0.000000,8200,8200,8300,8500,8800,8800,8800,8800,8800,8800,8800,2360,3,3500,3523.540056600328,1.8352499973843805,9147.261666999839,16.978389830508476
1787658368,1000,POST,/posts,14.400000,0.000000,8200,8200,8300,8400,8700,8800,8800,8800,8800,8800,8800,4665,5,3600,3631.398816366056,1.656333995924797,9209.470458001306,168.81886387995712
1787658368,1000,,Aggregated,96.700000,0.100000,8200,8300,8400,8500,8800,8800,8800,8800,8800,8800,8800,30018,34,3600,3610.534631691301,0.5523750005522743,9235.029208000924,3017.610933439936
1787658369,1000,GET,/feed,74.200000,0.100000,8200,8300,8300,8300,8600,8700,8800,8800,8800,8800,8800,23074,26,3600,3631.45806332057,0.5523750005522743,9235.029208000924,3903.5964288809914
1787658369,1000,POST,/follow,8.400000,0.000000,8100,8200,8200,8200,8300,8500,8800,8800,8800,8800,8800,2366,3,3500,3535.4231871452953,1.8352499973843805,9147.261666999839,16.978444632290785
1787658369,1000,POST,/posts,15.700000,0.000000,8200,8200,8300,8300,8400,8500,8700,8800,8800,8800,8800,4680,5,3600,3646.089199566592,1.656333995924797,9209.470458001306,168.81944444444446
1787658369,1000,,Aggregated,98.300000,0.100000,8200,8200,8300,8300,8500,8700,8800,8800,8800,8800,8800,30120,34,3600,3626.1876516539337,0.5523750005522743,9235.029208000924,3017.989043824701
1787658370,1000,GET,/feed,74.000000,0.100000,8200,8200,8300,8300,8300,8300,8400,8500,8500,8500,8500,23155,26,3600,3647.564411524503,0.5523750005522743,9235.029208000924,3903.6118332973438
1787658370,1000,POST,/follow,8.300000,0.000000,8100,8200,8200,8200,8300,8300,8500,8500,8500,8500,8500,2370,3,3500,3543.348623257285,1.8352499973843805,9147.261666999839,16.97848101265823
1787658370,1000,POST,/posts,16.500000,0.000000,8200,8200,8200,8300,8300,8400,8400,8500,8500,8500,8500,4695,5,3600,3660.7022922288907,1.656333995924797,9209.470458001306,168.82002129925453
1787658370,1000,,Aggregated,98.800000,0.100000,8200,8200,8300,8300,8300,8300,8400,8500,8500,8500,8500,30220,34,3600,3641.432410588501,0.5523750005522743,9235.029208000924,3018.5632362673728
1787658371,1000,GET,/feed,74.100000,0.100000,8200,8200,8200,8300,8300,8300,8300,8300,8400,8400,8400,23236,26,3600,3663.5043318167427,0.5523750005522743,9235.029208000924,3903.6271303150284
1787658371,1000,POST,/follow,7.500000,0.000000,8200,8200,8200,8200,8200,8300,8300,8300,8300,8300,8300,2379,3,3600,3560.98790911676,1.8352499973843805,9147.261666999839,16.978562421185373
1787658371,1000,POST,/posts,15.800000,0.000000,8200,8200,8200,8200,8300,8300,8300,8300,8300,8300,8300,4710,5,3600,3675.1496031166967,1.656333995924797,9209.470458001306,168.82059447983013
1787658371,1000,,Aggregated,97.400000,0.100000,8200,8200,8200,8200,8300,8300,8300,8300,8400,8400,8400,30325,34,3600,3657.2706189798023,0.5523750005522743,9235.029208000924,3018.6386479802145
1787658372,1000,GET,/feed,74.500000,0.100000,8200,8200,8200,8300,8300,8300,8300,8300,8400,8400,8400,23316,26,3600,3679.0444830612378,0.5523750005522743,9235.029208000924,3903.642134156802
1787658372,1000,POST,/follow,7.100000,0.000000,8200,8200,8200,8200,8300,8300,8300,8300,8300,8300,8300,2382,3,3600,3566.813886491505,1.8352499973843805,9147.261666999839,16.978589420654913
1787658372,1000,POST,/posts,15.700000,0.000000,8200,8200,8200,8200,8300,8300,8300,8300,8300,8300,8300,4721,5,3700,3685.6323740941816,1.656333995924797,9209.470458001306,168.82101249735226
1787658372,1000,,Aggregated,97.300000,0.100000,8200,8200,8200,8200,8300,8300,8300,8300,8400,8400,8400,30419,34,3600,3671.2785523119587,0.5523750005522743,9235.029208000924,3019.6511062165096
1787658373,1000,GET,/feed,74.600000,0.100000,8200,8200,8300,8300,8300,8300,8300,8300,8400,8400,8400,23381,26,3600,3691.757975769847,0.5523750005522743,9235.029208000924,3903.654249176682
1787658373,1000,POST,/follow,7.300000,0.000000,8200,8200,8200,8200,8300,8300,8300,8300,8300,8300,8300,2390,3,3600,3582.4107808555514,1.8352499973843805,9147.261666999839,16.978661087866108
1787658373,1000,POST,/posts,16.300000,0.000000,8200,8200,8200,8200,8300,8300,8300,8300,8300,8300,8300,4730,5,3700,3694.3011071119718,1.656333995924797,9209.470458001306,168.8213530655391
1787658373,1000,,Aggregated,98.200000,0.100000,8200,8200,8200,8300,8300,8300,8300,8300,8400,8400,8400,30501,34,3600,3683.5841196799934,0.5523750005522743,9235.029208000924,3019.915543752664
1787658374,1025,GET,/feed,74.900000,0.100000,8200,8300,8300,8300,8300,8400,8600,8700,8700,8700,8700,23436,26,3600,3703.0858540569125,0.5523750005522743,9235.029208000924,3903.664447857996
1787658374,1025,POST,/follow,7.400000,0.000000,8200,8200,8300,8300,8300,8500,8500,8600,8600,8600,8600,2397,3,3600,3596.6397085923113,1.8352499973843805,9147.261666999839,16.97872340425532
1787658374,1025,POST,/posts,16.100000,0.000000,8200,8200,8200,8300,8300,8300,8500,8600,8700,8700,8700,4739,5,3700,3703.2844340079364,1.656333995924797,9209.470458001306,168.82169234015615
1787658374,1025,,Aggregated,98.400000,0.100000,8200,8200,8300,8300,8300,8400,8600,8700,8700,8700,8700,30572,34,3600,3694.7707179751883,0.5523750005522743,9235.029208000924,3019.986392777705
1787658375,1050,GET,/feed,75.100000,0.100000,8200,8300,8300,8300,8700,8700,8800,8800,8800,8800,8800,23498,26,3700,3716.3254827135415,0.5523750005522743,9235.029208000924,3903.675887309558
1787658375,1050,POST,/follow,6.600000,0.000000,8200,8200,8300,8300,8700,8700,8700,8800,8800,8800,8800,2403,3,3600,3609.4076157044433,1.8352499973843805,9147.261666999839,16.978776529338326
1787658375,1050,POST,/posts,15.800000,0.000000,8200,8200,8300,8300,8300,8700,8700,8700,8800,8800,8800,4749,5,3700,3713.7554850786723,1.656333995924797,9209.470458001306,168.82206780374815
1787658375,1050,,Aggregated,97.500000,0.100000,8200,8300,8300,8300,8600,8700,8800,8800,8800,8800,8800,30650,34,3700,3707.544779509933,0.5523750005522743,9235.029208000924,3020.264665579119
1787658376,1075,GET,/feed,73.100000,0.100000,8200,8300,8400,8700,8800,8900,8900,8900,9000,9000,9000,23575,26,3700,3733.211535185951,0.5523750005522743,9235.029208000924,3903.690010604454
1787658376,1075,POST,/follow,6.900000,0.000000,8200,8300,8600,8700,8900,8900,8900,8900,8900,8900,8900,2412,3,3600,3629.069306158695,1.8352499973843805,9147.261666999839,16.978855721393035
1787658376,1075,POST,/posts,15.900000,0.000000,8200,8200,8300,8300,8700,8900,8900,8900,8900,8900,8900,4758,5,3700,3723.523043788694,1.656333995924797,9209.470458001306,168.8224043715847
1787658376,1075,,Aggregated,95.900000,0.100000,8200,8300,8400,8700,8800,8900,8900,8900,9000,9000,9000,30745,34,3700,3723.5420312509495,0.5523750005522743,9235.029208000924,3020.7741746625466
1787658377,1100,GET,/feed,70.200000,0.000000,8300,8600,8700,8800,8900,8900,8900,8900,9000,9000,9000,23656,26,3700,3750.6389188300586,0.5523750005522743,9235.029208000924,3903.704768346297
1787658377,1100,POST,/follow,6.400000,0.000000,8300,8600,8800,8800,8900,8900,8900,8900,8900,8900,8900,2417,3,3600,3639.801048870819,1.8352499973843805,9147.261666999839,16.978899462143154
1787658377,1100,POST,/posts,14.800000,0.000000,8200,8300,8700,8800,8800,8900,8900,8900,8900,8900,8900,4773,5,3700,3739.4858699488004,1.656333995924797,9209.470458001306,168.8229624973811
1787658377,1100,,Aggregated,91.400000,0.000000,8300,8500,8700,8800,8900,8900,8900,8900,9000,9000,9000,30846,34,3700,3740.228212936216,0.5523750005522743,9235.029208000924,3021.230305388057
1787658378,1125,GET,/feed,72.700000,0.000000,8300,8800,8800,8800,8900,8900,8900,9000,9000,9000,9000,23729,27,3700,3766.086879627541,0.5523750005522743,9235.029208000924,3903.5532892241563
1787658378,1125,POST,/follow,6.100000,0.000000,8500,8800,8900,8900,8900,8900,8900,9000,9000,9000,9000,2426,3,3600,3659.30088255555,1.8352499973843805,9147.261666999839,16.978977741137676
1787658378,1125,POST,/posts,14.300000,0.000000,8300,8700,8800,8800,8900,8900,8900,8900,9000,9000,9000,4785,5,3700,3752.390969743913,1.656333995924797,9209.470458001306,168.8234064785789
1787658378,1125,,Aggregated,93.100000,0.000000,8300,8800,8800,8800,8900,8900,8900,9000,9000,9000,9000,30940,35,3700,3755.5956786679562,0.5523750005522743,9235.029208000924,3021.2161279896573
1787658379,1150,GET,/feed,73.000000,0.000000,8700,8800,8900,8900,8900,9000,9000,9100,9100,9100,9100,23796,27,3700,3780.7294100695053,0.5523750005522743,9235.029208000924,3903.565809379728
1787658379,1150,POST,/follow,6.300000,0.000000,8700,8900,8900,8900,8900,9000,9000,9100,9100,9100,9100,2433,3,3600,3674.4624853389955,1.8352499973843805,9147.261666999839,16.979038224414303
1787658379,1150,POST,/posts,12.900000,0.000000,8600,8800,8900,8900,8900,9000,9000,9000,9000,9000,9000,4797,5,3700,3765.340620113117,1.656333995924797,9209.470458001306,168.82384823848238
1787658379,1150,,Aggregated,92.200000,0.000000,8700,8800,8900,8900,8900,9000,9000,9100,9100,9100,9100,31026,35,3700,3770.0168640342486,0.5523750005522743,9235.029208000924,3021.350157932057
1787658380,1175,GET,/feed,73.700000,0.000000,8800,8900,8900,8900,9100,9200,9200,9200,9300,9300,9300,23865,27,3700,3796.320658059582,0.5523750005522743,9267.351916001644,3903.5786297925833
1787658380,1175,POST,/follow,6.000000,0.000000,8800,8900,8900,8900,9100,9200,9200,9200,9200,9200,9200,2442,3,3600,3694.6517034859908,1.8352499973843805,9211.482875005458,16.979115479115478
1787658380,1175,POST,/posts,11.900000,0.000000,8800,8900,8900,8900,9000,9200,9200,9200,9200,9200,9200,4807,5,3700,3776.5478931276502,1.656333995924797,9222.30450000643,168.82421468691493
1787658380,1175,,Aggregated,91.600000,0.000000,8800,8900,8900,8900,9100,9200,9200,9200,9300,9300,9300,31114,35,3700,3785.2862919190575,0.5523750005522743,9267.351916001644,3021.530661438581
1787658381,1200,GET,/feed,73.000000,0.100000,8900,8900,9000,9100,9200,9200,9200,9200,9300,9300,9300,23944,27,3700,3814.093522909578,0.5523750005522743,9267.351916001644,3903.5932175075177
1787658381,1200,POST,/follow,6.500000,0.000000,8900,8900,9000,9100,9200,9200,9200,9200,9200,9200,9200,2447,3,3600,3705.794256179316,1.8352499973843805,9211.482875005458,16.979158152840213
1787658381,1200,POST,/posts,12.000000,0.000000,8900,8900,9000,9100,9200,9200,9200,9200,9200,9200,9200,4823,5,3700,3794.454658082442,1.656333995924797,9222.30450000643,168.82479784366578
1787658381,1200,,Aggregated,91.500000,0.100000,8900,8900,9000,9100,9200,9200,9200,9200,9300,9300,9300,31214,35,3700,3802.5689970317676,0.5523750005522743,9267.351916001644,3021.8307810597807
1787658382,1225,GET,/feed,71.300000,0.100000,8900,9100,9100,9200,9200,9200,9200,9200,9300,9300,9300,24016,27,3700,3830.1348614658505,0.5523750005522743,9267.351916001644,3903.606429047302
1787658382,1225,POST,/follow,6.600000,0.000000,8900,8900,9100,9100,9200,9200,9200,9200,9200,9200,9200,2452,3,3600,3716.852780297226,1.8352499973843805,9211.482875005458,16.979200652528547
1787658382,1225,POST,/posts,11.600000,0.000000,8900,9000,9200,9200,9200,9200,9200,9200,9200,9200,9200,4832,5,3700,3804.4397531592745,1.656333995924797,9222.30450000643,168.82512417218544
1787658382,1225,,Aggregated,89.500000,0.100000,8900,9000,9100,9200,9200,9200,9200,9200,9300,9300,9300,31300,35,3700,3817.2937615820615,0.5523750005522743,9267.351916001644,3022.568945686901
1787658383,1250,GET,/feed,70.400000,0.100000,8900,9100,9200,9200,9200,9500,9700,9800,9900,9900,9900,24076,27,3700,3844.4357331509336,0.5523750005522743,9852.303416999348,3903.6173783020436
1787658383,1250,POST,/follow,6.800000,0.000000,8900,9100,9100,9100,9200,9200,9700,9700,9700,9700,9700,2455,3,3600,3724.0026667156008,1.8352499973843805,9728.95929099468,16.979226069246437
1787658383,1250,POST,/posts,11.300000,0.000000,8900,9200,9200,9200,9200,9700,9700,9700,9800,9800,9800,4842,5,3700,3816.536485228132,1.656333995924797,9805.966874999285,168.82548533663774
1787658383,1250,,Aggregated,88.500000,0.100000,8900,9100,9200,9200,9200,9600,9700,9800,9900,9900,9900,31373,35,3700,3830.70573166747,0.5523750005522743,9852.303416999348,3023.065342810697
1787658384,1275,GET,/feed,70.500000,0.100000,9100,9200,9200,9200,9800,9900,10000,10000,10000,10000,10000,24149,27,3700,3862.652104574591,0.5523750005522743,10027.45275000052,3903.630626526978
1787658384,1275,POST,/follow,6.800000,0.000000,9000,9100,9200,9200,9800,9900,10000,10000,10000,10000,10000,2464,3,3600,3746.462595996261,1.8352499973843805,9976.164708001306,16.979301948051948
1787658384,1275,POST,/posts,10.900000,0.000000,9100,9200,9200,9200,9800,9900,9900,10000,10000,10000,10000,4852,5,3700,3829.0689458412203,1.656333995924797,9997.889082995243,168.82584501236605
1787658384,1275,,Aggregated,88.200000,0.100000,9100,9200,9200,9200,9800,9900,10000,10000,10000,10000,10000,31465,35,3700,3848.3747667290136,0.5523750005522743,10027.45275000052,3023.3515334498647
1787658385,1300,GET,/feed,68.600000,0.100000,9200,9200,9400,9700,9900,10000,10000,10000,10000,10000,10000,24231,28,3700,3882.425979581932,0.5523750005522743,10258.3459170055,3903.4841318971567
1787658385,1300,POST,/follow,7.000000,0.000000,9100,9200,9400,9700,10000,10000,10000,10000,10000,10000,10000,2470,3,3700,3761.6271265161085,1.8352499973843805,10220.936582998547,16.979352226720646
1787658385,1300,POST,/posts,10.900000,0.000000,9200,9200,9700,9800,10000,10000,10000,10000,10000,10000,10000,4870,5,3700,3851.846550036676,1.656333995924797,10217.987750002067,168.8264887063655
1787658385,1300,,Aggregated,86.500000,0.100000,9200,9200,9500,9700,9900,10000,10000,10000,10000,10000,10000,31571,36,3700,3868.2580726750334,0.5523750005522743,10258.3459170055,3023.3267238921794
1787658386,1325,GET,/feed,69.700000,0.100000,9200,9300,9700,9800,10000,10000,11000,11000,11000,11000,11000,24307,28,3700,3901.1223258956175,0.5523750005522743,10737.962790997699,3903.4982515324805
1787658386,1325,POST,/follow,6.400000,0.000000,9100,9200,9700,9800,10000,10000,10000,11000,11000,11000,11000,2475,3,3700,3773.5844967490057,1.8352499973843805,10685.439250002673,16.97939393939394
1787658386,1325,POST,/posts,10.900000,0.000000,9200,9600,9800,9900,10000,11000,11000,11000,11000,11000,11000,4886,5,3700,3871.9151829149873,1.656333995924797,10688.330249999126,168.82705689725748
1787658386,1325,,Aggregated,87.000000,0.100000,9200,9300,9700,9800,10000,10000,11000,11000,11000,11000,11000,31668,36,3700,3886.6483386611553,0.5523750005522743,10737.962790997699,3023.5330617658205
1787658387,1350,GET,/feed,71.600000,0.100000,9200,9500,9800,9900,10000,11000,11000,11000,11000,11000,11000,24387,28,3700,3920.6108831090237,0.5523750005522743,11001.479540995206,3903.513019231558
1787658387,1350,POST,/follow,6.900000,0.000000,9100,9200,9700,9900,10000,10000,11000,11000,11000,11000,11000,2483,3,3700,3791.2751799894454,1.8352499973843805,10685.439250002673,16.979460330245672
1787658387,1350,POST,/posts,11.100000,0.000000,9200,9800,10000,10000,11000,11000,11000,11000,11000,11000,11000,4903,5,3700,3893.588431669107,1.656333995924797,10975.32874999888,168.8276565368142
1787658387,1350,,Aggregated,89.600000,0.100000,9200,9600,9800,9900,10000,11000,11000,11000,11000,11000,11000,31773,36,3700,3906.3336152949823,0.5523750005522743,11001.479540995206,3023.4757183772385
1787658388,1375,GET,/feed,72.900000,0.200000,9200,9700,9900,10000,11000,11000,11000,11000,11000,11000,11000,24464,28,3700,3939.079522351279,0.5523750005522743,11048.881333997997,3903.527141922825
1787658388,1375,POST,/follow,6.600000,0.000000,9200,9700,9900,10000,10000,11000,11000,11000,11000,11000,11000,2490,3,3700,3808.7516371641786,1.8352499973843805,10899.175083002774,16.979518072289157
1787658388,1375,POST,/posts,12.500000,0.000000,9300,9900,10000,10000,11000,11000,11000,11000,11000,11000,11000,4921,5,3700,3914.3036768389816,1.656333995924797,10993.293958999857,168.8282869335501
1787658388,1375,,Aggregated,92.000000,0.200000,9200,9700,9900,10000,11000,11000,11000,11000,11000,11000,11000,31875,36,3700,3925.073612707936,0.5523750005522743,11048.881333997997,3023.3402666666666
1787658389,1400,GET,/feed,72.600000,0.200000,9300,9800,10000,10000,11000,11000,11000,11000,11000,11000,11000,24540,28,3800,3958.5849086749677,0.5523750005522743,11355.343625000387,3903.5409942950287
1787658389,1400,POST,/follow,6.500000,0.000000,9200,9900,10000,10000,11000,11000,11000,11000,11000,11000,11000,2496,3,3700,3824.706726527564,1.8352499973843805,11279.159208002966,16.979567307692307
1787658389,1400,POST,/posts,13.000000,0.000000,9300,10000,10000,11000,11000,11000,11000,11000,11000,11000,11000,4940,5,3700,3936.783798628667,1.656333995924797,11283.345999996527,168.82894736842104
1787658389,1400,,Aggregated,92.100000,0.200000,9300,9800,10000,10000,11000,11000,11000,11000,11000,11000,11000,31976,36,3700,3944.766500297798,0.5523750005522743,11355.343625000387,3023.1827620715535
1787658390,1425,GET,/feed,72.700000,0.200000,9500,9900,10000,11000,11000,11000,12000,12000,12000,12000,12000,24608,28,3800,3975.8755807412917,0.5523750005522743,11874.913790998107,3903.5533159947986
1787658390,1425,POST,/follow,6.700000,0.000000,9700,10000,10000,11000,11000,11000,11000,12000,12000,12000,12000,2499,3,3700,3833.9555481839916,1.8352499973843805,11766.926790995058,16.979591836734695
1787658390,1425,POST,/posts,13.400000,0.000000,9700,10000,11000,11000,11000,11000,11000,11000,11000,11000,11000,4950,5,3800,3949.2369975797205,1.656333995924797,11491.236916997877,168.82929292929293
1787658390,1425,,Aggregated,92.800000,0.200000,9500,10000,10000,11000,11000,11000,12000,12000,12000,12000,12000,32057,36,3800,3960.698890844851,0.5523750005522743,11874.913790998107,3023.887980784228
1787658391,1450,GET,/feed,73.000000,0.100000,9700,10000,11000,11000,11000,12000,12000,12000,12000,12000,12000,24669,28,3800,3991.9539311924996,0.5523750005522743,12047.059124997759,3903.5643114840486
1787658391,1450,POST,/follow,6.400000,0.000000,9900,10000,11000,11000,12000,12000,12000,12000,12000,12000,12000,2505,3,3700,3853.0387601112957,1.8352499973843805,11920.924500002002,16.979640718562873
1787658391,1450,POST,/posts,13.500000,0.000000,9700,10000,11000,11000,11000,11000,12000,12000,12000,12000,12000,4961,5,3800,3963.086755135581,1.656333995924797,11876.26750000345,168.82967143721024
1787658391,1450,,Aggregated,92.900000,0.100000,9700,10000,11000,11000,11000,12000,12000,12000,12000,12000,12000,32135,36,3800,3976.668648355204,0.5523750005522743,12047.059124997759,3024.0275711840673
1787658392,1475,GET,/feed,74.200000,0.100000,9800,10000,11000,11000,12000,12000,12000,13000,13000,13000,13000,24715,28,3800,4004.759076099321,0.5523750005522743,12820.106374994793,3903.572567266842
1787658392,1475,POST,/follow,6.100000,0.000000,10000,11000,11000,11000,12000,12000,12000,13000,13000,13000,13000,2511,3,3700,3869.528425708005,1.8352499973843805,12600.006291999307,16.97968936678614
1787658392,1475,POST,/posts,14.400000,0.000000,9800,10000,11000,11000,11000,12000,12000,13000,13000,13000,13000,4970,5,3800,3974.674110072557,1.656333995924797,12611.645541001053,168.82997987927564
1787658392,1475,,Aggregated,94.700000,0.100000,9800,10000,11000,11000,12000,12000,12000,13000,13000,13000,13000,32196,36,3800,3989.568169021257,0.5523750005522743,12820.106374994793,3023.9320723071187
1787658393,1500,GET,/feed,73.700000,0.100000,9900,11000,11000,11000,12000,13000,13000,13000,13000,13000,13000,24785,28,3800,4025.7848854700323,0.5523750005522743,13053.45266599761,3903.5850716158966
1787658393,1500,POST,/follow,5.800000,0.000000,10000,11000,11000,11000,12000,12000,13000,13000,13000,13000,13000,2519,3,3700,3889.800031277016,1.8352499973843805,12742.02520900144,16.979753870583565
1787658393,1500,POST,/posts,14.500000,0.000000,10000,11000,11000,11000,12000,13000,13000,13000,13000,13000,13000,4985,5,3800,3997.148065057495,1.656333995924797,12981.491291000566,168.83049147442327
1787658393,1500,,Aggregated,94.000000,0.100000,9900,11000,11000,11000,12000,13000,13000,13000,13000,13000,13000,32289,36,3800,4010.754986821313,0.5523750005522743,13053.45266599761,3023.7773854873176
1787658394,1500,GET,/feed,71.400000,0.100000,10000,11000,11000,12000,13000,13000,13000,13000,13000,13000,13000,24844,28,3800,4042.78185770382,0.5523750005522743,13319.885541997792,3903.595556271132
1787658394,1500,POST,/follow,5.800000,0.000000,10000,11000,12000,12000,12000,13000,13000,13000,13000,13000,13000,2523,3,3700,3901.6230679067767,1.8352499973843805,13239.924624998821,16.979785969084425
1787658394,1500,POST,/posts,13.700000,0.000000,10000,11000,11000,11000,13000,13000,13000,13000,13000,13000,13000,4996,5,3800,4015.1902711622533,1.656333995924797,13294.790166000894,168.8308646917534
1787658394,1500,,Aggregated,90.900000,0.100000,10000,11000,11000,12000,13000,13000,13000,13000,13000,13000,13000,32363,36,3800,4027.5177847495397,0.5523750005522743,13319.885541997792,3024.047430707907
1787658395,1500,GET,/feed,69.900000,0.100000,10000,11000,12000,12000,13000,13000,13000,14000,14000,14000,14000,24873,29,3800,4051.3889953965645,0.5523750005522743,14047.872290997475,3903.4435733526316
1787658395,1500,POST,/follow,6.100000,0.000000,10000,11000,12000,12000,12000,13000,13000,13000,13000,13000,13000,2524,3,3700,3903.774532337479,1.8352499973843805,13239.924624998821,16.979793977812996
1787658395,1500,POST,/posts,13.900000,0.000000,11000,11000,11000,12000,13000,13000,13000,14000,14000,14000,14000,5002,5,3800,4024.4277053879687,1.656333995924797,13842.256875002931,168.83106757297082
1787658395,1500,,Aggregated,89.900000,0.100000,10000,11000,12000,12000,13000,13000,13000,14000,14000,14000,14000,32399,37,3800,4035.7268059035587,0.5523750005522743,14047.872290997475,3024.096484459397
1787658396,1500,GET,/feed,70.000000,0.100000,11000,11000,12000,12000,13000,13000,15000,15000,15000,15000,15000,24908,29,3800,4063.331762634767,0.5523750005522743,15020.369707999635,3903.4499759113537
1787658396,1500,POST,/follow,6.300000,0.000000,11000,12000,12000,12000,13000,15000,15000,15000,15000,15000,15000,2529,3,3700,3921.9249613633024,1.8352499973843805,14885.636208993674,16.979833926453143
1787658396,1500,POST,/posts,14.200000,0.000000,9900,11000,12000,13000,13000,13000,14000,15000,15000,15000,15000,5004,5,3800,4028.7482145069184,1.656333995924797,14960.385166996275,168.83113509192646
1787658396,1500,,Aggregated,90.500000,0.100000,11000,11000,12000,12000,13000,13000,15000,15000,15000,15000,15000,32441,37,3800,4046.9736394188662,0.5523750005522743,15020.369707999635,3024.410622360593
1787658397,1500,GET,/feed,68.900000,0.100000,11000,12000,13000,13000,14000,15000,15000,15000,15000,15000,15000,24970,29,3800,4085.746184930309,0.5523750005522743,15149.328958999831,3903.461273528234
1787658397,1500,POST,/follow,5.700000,0.000000,11000,12000,12000,13000,15000,15000,15000,15000,15000,15000,15000,2534,3,3700,3940.393611400073,1.8352499973843805,15097.43070800323,16.97987371744278
1787658397,1500,POST,/posts,14.100000,0.000000,11000,11000,13000,13000,13000,15000,15000,15000,15000,15000,15000,5019,5,3800,4053.823444663803,1.656333995924797,15104.861790998257,168.83163976887826
1787658397,1500,,Aggregated,88.700000,0.100000,11000,12000,13000,13000,14000,15000,15000,15000,15000,15000,15000,32523,37,3800,4069.4948042236397,0.5523750005522743,15149.328958999831,3024.31574577991
1787658398,1500,GET,/feed,62.800000,0.100000,11000,12000,13000,13000,15000,15000,16000,16000,16000,16000,16000,25049,30,3900,4114.3393690300545,0.5523750005522743,15664.638083006139,3903.3195736356743
1787658398,1500,POST,/follow,5.400000,0.000000,11000,12000,13000,13000,15000,15000,15000,16000,16000,16000,16000,2543,3,3700,3971.517415764761,1.8352499973843805,15548.605541996949,16.979944946913093
1787658398,1500,POST,/posts,12.600000,0.000000,11000,13000,13000,13000,15000,15000,16000,16000,16000,16000,16000,5039,5,3800,4090.6096961237536,1.656333995924797,15566.171999998915,168.83230799761859
1787658398,1500,,Aggregated,80.800000,0.100000,11000,12000,13000,13000,15000,15000,16000,16000,16000,16000,16000,32631,38,3800,4099.544540525618,0.5523750005522743,15664.638083006139,3023.7558763139346
1787658399,1500,GET,/feed,59.400000,0.100000,12000,13000,13000,15000,15000,16000,16000,16000,16000,16000,16000,25122,30,3900,4141.045303396062,0.5523750005522743,16043.15729100199,3903.3331741103416
1787658399,1500,POST,/follow,5.100000,0.000000,12000,12000,13000,15000,15000,16000,16000,16000,16000,16000,16000,2550,3,3700,3995.833297286189,1.8352499973843805,16004.103833001864,16.98
1787658399,1500,POST,/posts,11.400000,0.000000,11000,13000,13000,15000,15000,15000,16000,16000,16000,16000,16000,5047,5,3900,4103.115794287415,1.656333995924797,15918.365541998355,168.83257380622152
1787658399,1500,,Aggregated,75.900000,0.100000,12000,13000,13000,15000,15000,16000,16000,16000,16000,16000,16000,32719,38,3900,4123.87727111967,0.5523750005522743,16043.15729100199,3024.387450716709
1787658400,1500,GET,/feed,57.600000,0.100000,12000,13000,15000,15000,16000,16000,16000,16000,16000,16000,16000,25188,30,3900,4165.1287688317,0.5523750005522743,16179.308999999193,3903.3454025726537
1787658400,1500,POST,/follow,5.100000,0.000000,12000,13000,15000,15000,16000,16000,16000,16000,16000,16000,16000,2556,3,3700,4020.1554414928737,1.8352499973843805,16151.618249998137,16.980046948356808
1787658400,1500,POST,/posts,11.200000,0.000000,12000,13000,15000,15000,16000,16000,16000,16000,16000,16000,16000,5063,5,3900,4133.721690578424,1.656333995924797,16147.196833997441,168.83310290341694
1787658400,1500,,Aggregated,73.900000,0.100000,12000,13000,15000,15000,16000,16000,16000,16000,16000,16000,16000,32807,38,3900,4148.986913073051,0.5523750005522743,16179.308999999193,3024.2224830066752
1787658401,1500,GET,/feed,58.400000,0.200000,13000,14000,15000,15000,16000,16000,17000,17000,17000,17000,17000,25264,32,3900,4192.477324048086,0.5523750005522743,16747.909624995373,3903.050031665611
1787658401,1500,POST,/follow,5.500000,0.000000,11000,15000,15000,15000,16000,16000,16000,17000,17000,17000,17000,2562,3,3700,4042.7669443461223,1.8352499973843805,16583.054916998663,16.980093676814988
1787658401,1500,POST,/posts,11.600000,0.000000,13000,13000,15000,15000,16000,16000,17000,17000,17000,17000,17000,5076,5,3900,4157.7385796114195,1.656333995924797,16633.26404200052,168.8335303388495
1787658401,1500,,Aggregated,75.500000,0.200000,13000,14000,15000,15000,16000,16000,17000,17000,17000,17000,17000,32902,40,3900,4175.460368861271,0.5523750005522743,16747.909624995373,3024.3498267582518
1787658402,1500,GET,/feed,58.100000,0.200000,13000,15000,15000,16000,16000,17000,17000,17000,17000,17000,17000,25341,32,3900,4222.434627907022,0.5523750005522743,17049.45795799722,3903.065072412296
1787658402,1500,POST,/follow,5.400000,0.000000,13000,15000,16000,16000,17000,17000,17000,17000,17000,17000,17000,2574,3,3700,4095.742424597817,1.8352499973843805,17025.438417003897,16.98018648018648
1787658402,1500,POST,/posts,10.500000,0.000000,13000,14000,15000,15000,16000,16000,17000,17000,17000,17000,17000,5086,5,3900,4173.580591948401,1.656333995924797,16780.157166998833,168.83385764844672
1787658402,1500,,Aggregated,74.000000,0.200000,13000,15000,15000,16000,16000,17000,17000,17000,17000,17000,17000,33001,40,3900,4205.023720413216,0.5523750005522743,17049.45795799722,3024.452834762583
1787658403,1500,GET,/feed,57.900000,0.200000,13000,15000,16000,16000,17000,17000,17000,17000,17000,17000,17000,25418,32,3900,4251.470577574585,0.5523750005522743,17155.013374998816,3903.080022031631
1787658403,1500,POST,/follow,5.700000,0.000000,15000,15000,16000,16000,17000,17000,17000,17000,17000,17000,17000,2578,4,3700,4104.52411934243,1.8352499973843805,17025.438417003897,16.973622963537625
1787658403,1500,POST,/posts,11.000000,0.000000,11000,15000,16000,16000,17000,17000,17000,17000,17000,17000,17000,5103,5,3900,4205.611340188828,1.656333995924797,17084.528999999748,168.83441113070742
1787658403,1500,,Aggregated,74.600000,0.200000,13000,15000,16000,16000,17000,17000,17000,17000,17000,17000,17000,33099,41,3900,4232.954983215188,0.5523750005522743,17155.013374998816,3024.6777244025498
1787658404,1500,GET,/feed,59.700000,0.400000,14000,16000,16000,17000,17000,17000,18000,18000,18000,18000,18000,25490,32,3900,4279.6905110632315,0.5523750005522743,17719.267665997904,3903.093919183994
1787658404,1500,POST,/follow,5.700000,0.000000,15000,16000,16000,17000,17000,17000,17000,18000,18000,18000,18000,2585,4,3800,4130.092101079608,1.8352499973843805,17582.28641700407,16.973694390715668
1787658404,1500,POST,/posts,11.700000,0.000000,11000,15000,16000,16000,17000,17000,18000,18000,18000,18000,18000,5119,5,3900,4235.012023447268,1.656333995924797,17712.787249998655,168.83492869701112
1787658404,1500,,Aggregated,77.100000,0.400000,13000,15000,16000,17000,17000,17000,18000,18000,18000,18000,18000,33194,41,3900,4261.150381283348,0.5523750005522743,17719.267665997904,3024.5829668012293
1787658405,1500,GET,/feed,62.600000,0.400000,15000,16000,16000,17000,17000,18000,18000,18000,18000,18000,18000,25553,32,3900,4304.2431835809775,0.5523750005522743,18054.900583993003,3903.106014949321
1787658405,1500,POST,/follow,6.100000,0.000000,15000,16000,17000,17000,17000,18000,18000,18000,18000,18000,18000,2589,4,3800,4148.609250547623,1.8352499973843805,18025.522333999106,16.973735032831208
1787658405,1500,POST,/posts,11.400000,0.000000,11000,16000,16000,17000,17000,18000,18000,18000,18000,18000,18000,5130,5,3900,4258.568425727599,1.656333995924797,18052.410417003557,168.83528265107213
1787658405,1500,,Aggregated,80.100000,0.400000,15000,16000,16000,17000,17000,18000,18000,18000,18000,18000,18000,33272,41,3900,4285.090509848986,0.5523750005522743,18054.900583993003,3024.9500480884826
1787658406,1500,GET,/feed,63.600000,0.400000,15000,16000,17000,17000,18000,18000,18000,18000,19000,19000,19000,25630,32,3900,4334.307130418681,0.5523750005522743,18536.786791999475,3903.120717908701
1787658406,1500,POST,/follow,6.100000,0.100000,15000,17000,17000,17000,18000,18000,18000,19000,19000,19000,19000,2606,4,3800,4216.544977184496,1.8352499973843805,18521.969082998112,16.97390636991558
1787658406,1500,POST,/posts,11.600000,0.000000,11000,16000,17000,17000,18000,18000,18000,18000,18000,18000,18000,5146,5,3900,4291.412502595723,1.656333995924797,18471.95137500239,168.8357947920715
1787658406,1500,,Aggregated,81.300000,0.500000,15000,16000,17000,17000,18000,18000,18000,18000,19000,19000,19000,33382,41,3900,4318.501488872192,0.5523750005522743,18536.786791999475,3024.0862440836377
1787658407,1500,GET,/feed,64.400000,0.400000,11000,16000,17000,17000,18000,18000,19000,19000,19000,19000,19000,25706,32,3900,4359.2086558022565,0.5523750005522743,19017.75424999505,3903.135143546254
1787658407,1500,POST,/follow,6.100000,0.100000,16000,17000,17000,18000,18000,18000,19000,19000,19000,19000,19000,2610,4,3800,4234.955962309118,1.8352499973843805,19001.310792002187,16.973946360153256
1787658407,1500,POST,/posts,12.400000,0.000000,11000,16000,17000,17000,18000,18000,19000,19000,19000,19000,19000,5159,5,3900,4313.0070050039885,1.656333995924797,18964.437750000798,168.83620856755186
1787658407,1500,,Aggregated,82.900000,0.500000,11000,16000,17000,17000,18000,18000,19000,19000,19000,19000,19000,33475,41,3900,4342.400475175369,0.5523750005522743,19017.75424999505,3024.6249439880507
1787658408,1500,GET,/feed,68.800000,0.300000,11000,17000,17000,18000,18000,19000,19000,19000,19000,19000,19000,25787,32,3900,4385.948151422029,0.5523750005522743,19310.700374997396,3903.1504246325667
1787658408,1500,POST,/follow,6.800000,0.100000,16000,17000,18000,18000,18000,19000,19000,19000,19000,19000,19000,2619,4,3800,4266.160780100722,1.8352499973843805,19135.096375001012,16.974035891561666
1787658408,1500,POST,/posts,12.800000,0.000000,11000,17000,17000,18000,18000,19000,19000,19000,19000,19000,19000,5175,5,3900,4340.649305237986,1.656333995924797,19048.570541999652,168.8367149758454
1787658408,1500,,Aggregated,88.400000,0.400000,11000,17000,17000,18000,18000,19000,19000,19000,19000,19000,19000,33581,41,3900,4369.625092117883,0.5523750005522743,19310.700374997396,3024.5890533337306
1787658409,1500,GET,/feed,72.200000,0.300000,11000,17000,18000,18000,19000,19000,20000,20000,20000,20000,20000,25857,32,4000,4413.751248543874,0.5523750005522743,19888.74304100318,3903.163553389798
1787658409,1500,POST,/follow,7.700000,0.100000,17000,17000,18000,18000,19000,19000,19000,20000,20000,20000,20000,2622,4,3800,4283.643106041877,1.8352499973843805,19855.5003750007,16.974065598779557
1787658409,1500,POST,/posts,14.200000,0.000000,11000,17000,18000,18000,19000,19000,20000,20000,20000,20000,20000,5191,5,3900,4371.13731510953,1.656333995924797,19859.332082996843,168.83721826237718
1787658409,1500,,Aggregated,94.100000,0.400000,11000,17000,18000,18000,19000,19000,20000,20000,20000,20000,20000,33670,41,3900,4397.049363242487,0.5523750005522743,19888.74304100318,3024.800712800713
1787658410,1500,GET,/feed,73.400000,0.300000,11000,17000,18000,18000,19000,20000,20000,20000,20000,20000,20000,25933,32,4000,4443.645449153122,0.5523750005522743,20086.83020799799,3903.1777272201443
1787658410,1500,POST,/follow,7.500000,0.100000,17000,18000,18000,18000,19000,20000,20000,20000,20000,20000,20000,2631,4,3800,4315.703932503161,1.8352499973843805,19889.297458001238,16.974154313949068
1787658410,1500,POST,/posts,14.200000,0.000000,11000,17000,18000,18000,19000,20000,20000,20000,20000,20000,20000,5214,5,4000,4407.456312809085,1.656333995924797,19986.576999996032,168.8379363252781
1787658410,1500,,Aggregated,95.100000,0.400000,11000,17000,18000,18000,19000,20000,20000,20000,20000,20000,20000,33778,41,4000,4428.093779806101,0.5523750005522743,20086.83020799799,3024.041920776837
1787658411,1500,GET,/feed,73.200000,0.200000,11000,18000,18000,19000,20000,20000,20000,20000,21000,21000,21000,26006,32,4000,4470.882713130928,0.5523750005522743,20597.66933300125,3903.1912635545646
1787658411,1500,POST,/follow,7.300000,0.100000,17000,18000,18000,19000,20000,20000,20000,20000,20000,20000,20000,2638,4,3800,4340.5309538793845,1.8352499973843805,20337.349292,16.974222896133433
1787658411,1500,POST,/posts,13.600000,0.000000,11000,18000,18000,19000,20000,20000,20000,20000,20000,20000,20000,5223,5,4000,4423.734485462297,1.656333995924797,20368.18008300179,168.8382155849129
1787658411,1500,,Aggregated,94.100000,0.300000,11000,18000,18000,19000,20000,20000,20000,20000,21000,21000,21000,33867,41,4000,4453.45798894459,0.5523750005522743,20597.66933300125,3024.567041662976
1787658412,1500,GET,/feed,73.100000,0.200000,11000,18000,19000,19000,20000,20000,21000,21000,21000,21000,21000,26086,32,4000,4499.191407064401,0.5523750005522743,20859.58324999956,3903.206010887066
1787658412,1500,POST,/follow,7.300000,0.100000,17000,18000,19000,19000,20000,20000,21000,21000,21000,21000,21000,2646,4,3800,4371.576630448909,1.8352499973843805,20751.203125000757,16.97430083144369
1787658412,1500,POST,/posts,14.600000,0.000000,11000,18000,19000,19000,20000,20000,21000,21000,21000,21000,21000,5242,5,4000,4463.837746412929,1.656333995924797,20810.484957997687,168.83880198397557
1787658412,1500,,Aggregated,95.000000,0.300000,11000,18000,19000,19000,20000,20000,21000,21000,21000,21000,21000,33974,41,4000,4483.797500310431,0.5523750005522743,20859.58324999956,3024.3421145581915
1787658413,1500,GET,/feed,74.100000,0.200000,11000,18000,19000,20000,20000,21000,21000,21000,21000,21000,21000,26164,32,4000,4528.566319700504,0.5523750005522743,21056.478999998944,3903.220302706008
1787658413,1500,POST,/follow,7.400000,0.100000,18000,19000,19000,20000,21000,21000,21000,21000,21000,21000,21000,2655,4,3900,4413.224820590888,1.8352499973843805,20760.569875004876,16.974387947269303
1787658413,1500,POST,/posts,14.800000,0.000000,11000,18000,19000,20000,20000,21000,21000,21000,21000,21000,21000,5259,5,4000,4497.844617614101,1.656333995924797,20810.484957997687,168.83932306522152
1787658413,1500,,Aggregated,96.300000,0.300000,11000,18000,19000,20000,20000,21000,21000,21000,21000,21000,21000,34078,41,4000,4514.839073048466,0.5523750005522743,21056.478999998944,3024.1460473032453
1787658414,1500,GET,/feed,73.900000,0.000000,10000,19000,20000,20000,21000,21000,21000,21000,21000,21000,21000,26238,32,4000,4558.258898425835,0.5523750005522743,21169.872083999508,3903.2337830627334
1787658414,1500,POST,/follow,7.400000,0.100000,18000,19000,20000,20000,21000,21000,21000,21000,21000,21000,21000,2659,4,3900,4428.693312853254,1.8352499973843805,20987.513249994663,16.974426476118843
1787658414,1500,POST,/posts,14.700000,0.000000,18000,19000,20000,20000,21000,21000,21000,21000,21000,21000,21000,5280,5,4000,4544.406676324347,1.656333995924797,21138.6775830033,168.83996212121212
1787658414,1500,,Aggregated,96.000000,0.100000,11000,19000,20000,20000,21000,21000,21000,21000,21000,21000,21000,34177,41,4000,4546.038556537042,0.5523750005522743,21169.872083999508,3023.953477484858
1787658415,1500,GET,/feed,74.100000,0.000000,10000,19000,20000,20000,21000,21000,21000,21000,21000,21000,21000,26307,32,4100,4580.677489116584,0.5523750005522743,21169.872083999508,3903.2462842589425
1787658415,1500,POST,/follow,7.100000,0.100000,18000,19000,20000,20000,21000,21000,21000,21000,21000,21000,21000,2664,4,3900,4445.527750923346,1.8352499973843805,20987.513249994663,16.974474474474473
1787658415,1500,POST,/posts,15.800000,0.000000,10000,20000,20000,21000,21000,21000,21000,21000,21000,21000,21000,5291,5,4100,4566.505707906363,1.656333995924797,21138.6775830033,168.84029484029483
1787658415,1500,,Aggregated,97.000000,0.100000,10000,19000,20000,20000,21000,21000,21000,21000,21000,21000,21000,34262,41,4000,4567.980571337996,0.5523750005522743,21169.872083999508,3024.378436752087
1787658416,1500,GET,/feed,74.200000,0.000000,8900,20000,20000,21000,21000,21000,21000,21000,21000,21000,21000,26383,32,4100,4606.303340300421,0.5523750005522743,21169.872083999508,3903.2599780161468
1787658416,1500,POST,/follow,7.500000,0.000000,19000,20000,21000,21000,21000,21000,21000,21000,21000,21000,21000,2674,4,3900,4483.704613921761,1.8352499973843805,20987.513249994663,16.974569932685117
1787658416,1500,POST,/posts,15.900000,0.000000,9000,20000,20000,21000,21000,21000,21000,21000,21000,21000,21000,5312,5,4100,4597.9888088267235,1.656333995924797,21138.6775830033,168.84092620481928
1787658416,1500,,Aggregated,97.600000,0.000000,8900,20000,20000,21000,21000,21000,21000,21000,21000,21000,21000,34369,41,4100,4595.479755513989,0.5523750005522743,21169.872083999508,3023.712677121825
1787658418,1500,GET,/feed,74.500000,0.000000,8800,20000,21000,21000,21000,21000,21000,21000,21000,21000,21000,26447,32,4100,4631.606258940333,0.5523750005522743,21169.872083999508,3903.2714485574925
1787658418,1500,POST,/follow,7.400000,0.000000,20000,21000,21000,21000,21000,21000,21000,21000,21000,21000,21000,2680,4,3900,4510.608306157384,1.8352499973843805,20987.513249994663,16.97462686567164
1787658418,1500,POST,/posts,16.100000,0.000000,8900,20000,21000,21000,21000,21000,21000,21000,21000,21000,21000,5323,5,4100,4617.3049151928535,1.656333995924797,21138.6775830033,168.84125493142963
1787658418,1500,,Aggregated,98.000000,0.000000,8800,20000,21000,21000,21000,21000,21000,21000,21000,21000,21000,34450,41,4100,4619.983600994725,0.5523750005522743,21169.872083999508,3023.920290275762
1787658419,1500,GET,/feed,74.800000,0.000000,8700,20000,21000,21000,21000,21000,21000,21000,21000,21000,21000,26457,38,4100,4631.710720325584,0.5523750005522743,21169.872083999508,3902.386967532222
1787658419,1500,POST,/follow,7.200000,0.000000,20000,21000,21000,21000,21000,21000,21000,21000,21000,21000,21000,2680,4,3900,4510.608306157384,1.8352499973843805,20987.513249994663,16.97462686567164
1787658419,1500,POST,/posts,16.400000,0.000000,8800,20000,21000,21000,21000,21000,21000,21000,21000,21000,21000,5327,6,4100,4618.99294799072,1.656333995924797,21138.6775830033,168.80964895813779
1787658419,1500,,Aggregated,98.400000,0.000000,8700,20000,21000,21000,21000,21000,21000,21000,21000,21000,21000,34464,48,4100,4620.327768747165,0.5523750005522743,21169.872083999508,3023.1601961467036
1787658420,1500,GET,/feed,73.400000,0.000000,8700,21000,21000,21000,21000,21000,21000,22000,22000,22000,22000,26496,41,4100,4644.223861340315,0.5523750005522743,22034.273249999387,3901.952747584541
1787658420,1500,POST,/follow,6.900000,0.000000,20000,21000,21000,21000,21000,22000,22000,22000,22000,22000,22000,2689,6,3900,4551.74791442016,1.8352499973843805,21888.171958002204,16.962067683153588
1787658420,1500,POST,/posts,16.100000,0.000000,10000,21000,21000,21000,21000,21000,21000,22000,22000,22000,22000,5334,7,4100,4630.885043281322,1.656333995924797,21999.002625001594,168.7782152230971
1787658420,1500,,Aggregated,96.400000,0.000000,9400,21000,21000,21000,21000,21000,21000,22000,22000,22000,22000,34519,54,4100,4634.958903583862,0.5523750005522743,22034.273249999387,3022.4518091485847
1787658421,1500,GET,/feed,66.400000,0.600000,10000,21000,21000,21000,21000,21000,21000,22000,22000,22000,22000,26564,41,4100,4673.018836688076,0.5523750005522743,22034.273249999387,3901.9682276765548
1787658421,1500,POST,/follow,6.100000,0.000000,21000,21000,21000,21000,21000,22000,22000,22000,22000,22000,22000,2696,6,3900,4594.45649690831,1.8352499973843805,21888.171958002204,16.962166172106826
1787658421,1500,POST,/posts,15.000000,0.100000,10000,21000,21000,21000,21000,21000,21000,22000,22000,22000,22000,5342,7,4100,4647.21742470602,1.656333995924797,21999.002625001594,168.77854736053914
1787658421,1500,,Aggregated,87.500000,0.700000,10000,21000,21000,21000,21000,21000,21000,22000,22000,22000,22000,34602,54,4100,4662.914356864523,0.5523750005522743,22034.273249999387,3022.924368533611
1787658422,1500,GET,/feed,62.400000,0.900000,10000,21000,21000,21000,21000,21000,21000,22000,22000,22000,22000,26642,41,4200,4700.9831407829015,0.5523750005522743,22034.273249999387,3901.9858869454247
1787658422,1500,POST,/follow,6.500000,0.200000,21000,21000,21000,21000,21000,22000,22000,22000,22000,22000,22000,2702,6,3900,4626.638147544714,1.8352499973843805,21888.171958002204,16.962250185048113
1787658422,1500,POST,/posts,14.000000,0.200000,10000,21000,21000,21000,21000,21000,21000,22000,22000,22000,22000,5360,7,4100,4681.850400098238,1.656333995924797,21999.002625001594,168.77929104477613
1787658422,1500,,Aggregated,82.900000,1.300000,10000,21000,21000,21000,21000,21000,21000,22000,22000,22000,22000,34704,54,4100,4692.239720376041,0.5523750005522743,22034.273249999387,3022.9136987090824
1787658423,1500,GET,/feed,61.600000,0.900000,10000,21000,21000,21000,21000,21000,21000,22000,22000,22000,22000,26719,41,4200,4731.290164310159,0.5523750005522743,22034.273249999387,3902.003218683334
1787658423,1500,POST,/follow,6.500000,0.200000,21000,21000,21000,21000,21000,22000,22000,22000,22000,22000,22000,2708,6,3900,4647.222590749197,1.8352499973843805,21888.171958002204,16.962333825701624
1787658423,1500,POST,/posts,12.400000,0.200000,10000,21000,21000,21000,21000,21000,21000,22000,22000,22000,22000,5371,7,4100,4707.354279375826,1.656333995924797,21999.002625001594,168.7797430646062
1787658423,1500,,Aggregated,80.500000,1.300000,10000,21000,21000,21000,21000,21000,21000,22000,22000,22000,22000,34798,54,4100,4721.053523492127,0.5523750005522743,22034.273249999387,3023.4517501005803
1787658424,1500,GET,/feed,62.200000,0.900000,10000,21000,21000,21000,21000,21000,21000,22000,22000,22000,22000,26798,41,4200,4764.669888217483,0.5523750005522743,22034.273249999387,3902.0208970818717
1787658424,1500,POST,/follow,6.300000,0.200000,21000,21000,21000,21000,21000,22000,22000,22000,22000,22000,22000,2717,6,3900,4677.600785592501,1.8352499973843805,21888.171958002204,16.962458594037543
1787658424,1500,POST,/posts,13.200000,0.200000,10000,21000,21000,21000,21000,21000,21000,22000,22000,22000,22000,5386,7,4200,4734.640194684098,1.656333995924797,21999.002625001594,168.78035647976236
1787658424,1500,,Aggregated,81.700000,1.300000,10000,21000,21000,21000,21000,21000,21000,22000,22000,22000,22000,34901,54,4200,4753.257416334056,0.5523750005522743,22034.273249999387,3023.4518781696797
1787658425,1500,GET,/feed,61.800000,0.900000,10000,21000,21000,21000,21000,21000,21000,22000,22000,22000,22000,26869,41,4200,4792.922137725152,0.5523750005522743,22034.273249999387,3902.0366965648145
1787658425,1500,POST,/follow,6.000000,0.200000,21000,21000,21000,21000,21000,22000,22000,22000,22000,22000,22000,2722,6,3900,4706.6355148930315,1.8352499973843805,21888.171958002204,16.962527553269656
1787658425,1500,POST,/posts,12.200000,0.200000,10000,21000,21000,21000,21000,21000,21000,22000,22000,22000,22000,5405,7,4200,4775.015036259671,1.656333995924797,21999.002625001594,168.78112858464385
1787658425,1500,,Aggregated,80.000000,1.300000,10000,21000,21000,21000,21000,21000,21000,22000,22000,22000,22000,34996,54,4200,4783.445052607693,0.5523750005522743,22034.273249999387,3023.267173391245
1787658426,1500,GET,/feed,62.000000,0.900000,11000,21000,21000,21000,21000,21000,21000,22000,22000,22000,22000,26933,41,4200,4819.986984551113,0.5523750005522743,22034.273249999387,3902.0508669661754
1787658426,1500,POST,/follow,6.200000,0.200000,21000,21000,21000,21000,21000,22000,22000,22000,22000,22000,22000,2726,6,3900,4726.290090363841,1.8352499973843805,21888.171958002204,16.962582538517974
1787658426,1500,POST,/posts,12.100000,0.200000,11000,21000,21000,21000,21000,21000,21000,22000,22000,22000,22000,5417,7,4200,4798.847827392383,1.656333995924797,21999.002625001594,168.781613439173
1787658426,1500,,Aggregated,80.300000,1.300000,11000,21000,21000,21000,21000,21000,21000,22000,22000,22000,22000,35076,54,4200,4809.440498410047,0.5523750005522743,22034.273249999387,3023.5621507583533
1787658427,1500,GET,/feed,61.900000,0.900000,11000,21000,21000,21000,21000,21000,21000,22000,22000,22000,22000,27007,41,4200,4848.676916478509,0.5523750005522743,22034.273249999387,3902.0671677713185
1787658427,1500,POST,/follow,6.200000,0.200000,21000,21000,21000,21000,21000,22000,22000,22000,22000,22000,22000,2728,6,4000,4734.306997937622,1.8352499973843805,21888.171958002204,16.962609970674485
1787658427,1500,POST,/posts,12.300000,0.200000,11000,21000,21000,21000,21000,21000,21000,22000,22000,22000,22000,5429,7,4200,4817.290292738543,1.656333995924797,21999.002625001594,168.78209615030391
1787658427,1500,,Aggregated,80.400000,1.300000,11000,21000,21000,21000,21000,21000,21000,22000,22000,22000,22000,35164,54,4200,4834.958365742968,0.5523750005522743,22034.273249999387,3024.2782391081787
1787658428,1500,GET,/feed,61.500000,0.900000,11000,21000,21000,21000,21000,21000,21000,22000,22000,22000,22000,27087,41,4300,4882.255793371325,0.5523750005522743,22034.273249999387,3902.084690072729
1787658428,1500,POST,/follow,6.200000,0.200000,21000,21000,21000,21000,21000,22000,22000,22000,22000,22000,22000,2731,6,4000,4748.235601457647,1.8352499973843805,21888.171958002204,16.962651043573782
1787658428,1500,POST,/posts,11.800000,0.200000,11000,21000,21000,21000,21000,21000,21000,22000,22000,22000,22000,5449,7,4200,4857.137469885219,1.656333995924797,21999.002625001594,168.78289594420994
1787658428,1500,,Aggregated,79.500000,1.300000,11000,21000,21000,21000,21000,21000,21000,22000,22000,22000,22000,35267,54,4200,4867.996602377111,0.5523750005522743,22034.273249999387,3024.4078316840105
1787658429,1500,GET,/feed,61.200000,0.900000,11000,21000,21000,21000,21000,21000,21000,21000,21000,21000,21000,27166,41,4300,4912.135999686084,0.5523750005522743,22034.273249999387,3902.101892070971
1787658429,1500,POST,/follow,5.400000,0.200000,21000,21000,21000,21000,21000,21000,21000,21000,21000,21000,21000,2735,6,4000,4771.109360297925,1.8352499973843805,21888.171958002204,16.96270566727605
1787658429,1500,POST,/posts,11.600000,0.200000,11000,21000,21000,21000,21000,21000,21000,21000,21000,21000,21000,5462,7,4300,4885.13864845543,1.656333995924797,21999.002625001594,168.7834126693519
1787658429,1500,,Aggregated,78.200000,1.300000,20000,21000,21000,21000,21000,21000,21000,21000,21000,21000,21000,35363,54,4300,4897.059015517618,0.5523750005522743,22034.273249999387,3024.991884172723
1787658430,1500,GET,/feed,62.800000,0.900000,20000,21000,21000,21000,21000,21000,21000,21000,21000,21000,21000,27237,41,4400,4942.797501768889,0.5523750005522743,22034.273249999387,3902.117266953042
1787658430,1500,POST,/follow,5.100000,0.200000,20000,21000,21000,21000,21000,21000,21000,21000,21000,21000,21000,2746,6,4000,4815.272081481367,1.8352499973843805,21888.171958002204,16.96285506190823
1787658430,1500,POST,/posts,12.300000,0.200000,20000,21000,21000,21000,21000,21000,21000,21000,21000,21000,21000,5480,7,4300,4921.38299338313,1.656333995924797,21999.002625001594,168.78412408759124
1787658430,1500,,Aggregated,80.200000,1.300000,20000,21000,21000,21000,21000,21000,21000,21000,21000,21000,21000,35463,54,4300,4929.613724026889,0.5523750005522743,22034.273249999387,3024.377097256295
1787658431,1500,GET,/feed,70.000000,0.300000,20000,21000,21000,21000,21000,21000,21000,21000,21000,21000,21000,27311,41,4400,4967.0133432535695,0.5523750005522743,22034.273249999387,3902.1332064003514
1787658431,1500,POST,/follow,5.500000,0.200000,20000,20000,21000,21000,21000,21000,21000,21000,21000,21000,21000,2750,6,4000,4829.4207431203,1.8352499973843805,21888.171958002204,16.96290909090909
1787658431,1500,POST,/posts,13.400000,0.100000,11000,20000,21000,21000,21000,21000,21000,21000,21000,21000,21000,5494,7,4300,4937.8982548821505,1.656333995924797,21999.002625001594,168.78467419002547
1787658431,1500,,Aggregated,88.900000,0.600000,20000,20000,21000,21000,21000,21000,21000,21000,21000,21000,21000,35555,54,4300,4951.872351947702,0.5523750005522743,22034.273249999387,3024.7535086485727
1787658432,1500,GET,/feed,74.000000,0.000000,20000,20000,21000,21000,21000,21000,21000,21000,21000,21000,21000,27382,41,4400,4991.078393960607,0.5523750005522743,22034.273249999387,3902.1484186691987
1787658432,1500,POST,/follow,5.600000,0.000000,20000,20000,20000,21000,21000,21000,21000,21000,21000,21000,21000,2758,6,4000,4853.757500769698,1.8352499973843805,21888.171958002204,16.96301667875272
1787658432,1500,POST,/posts,14.600000,0.000000,11000,20000,21000,21000,21000,21000,21000,21000,21000,21000,21000,5506,7,4300,4950.57175550682,1.656333995924797,21999.002625001594,168.78514347984017
1787658432,1500,,Aggregated,94.200000,0.000000,20000,20000,21000,21000,21000,21000,21000,21000,21000,21000,21000,35646,54,4400,4974.196820298817,0.5523750005522743,22034.273249999387,3024.8763676148797
1787658433,1500,GET,/feed,74.400000,0.000000,20000,20000,21000,21000,21000,21000,21000,21000,21000,21000,21000,27457,41,4400,5016.617724751915,0.5523750005522743,22034.273249999387,3902.1644025203045
1787658433,1500,POST,/follow,5.400000,0.000000,20000,20000,20000,21000,21000,21000,21000,21000,21000,21000,21000,2766,6,4000,4882.28626646414,1.8352499973843805,21888.171958002204,16.963123644251628
1787658433,1500,POST,/posts,15.400000,0.000000,11000,20000,21000,21000,21000,21000,21000,21000,21000,21000,21000,5516,7,4400,4968.260673969104,1.656333995924797,21999.002625001594,168.78553299492387
1787658433,1500,,Aggregated,95.200000,0.000000,20000,20000,21000,21000,21000,21000,21000,21000,21000,21000,21000,35739,54,4400,4998.757731306575,0.5523750005522743,22034.273249999387,3025.257253980246
1787658434,1525,GET,/feed,73.600000,0.000000,20000,20000,21000,21000,21000,21000,21000,21000,21000,21000,21000,27532,41,4500,5043.5683439141085,0.5523750005522743,22034.273249999387,3902.180299288101
1787658434,1525,POST,/follow,5.500000,0.000000,20000,20000,20000,21000,21000,21000,21000,21000,21000,21000,21000,2774,6,4000,4906.324378288328,1.8352499973843805,21888.171958002204,16.963229992790193
1787658434,1525,POST,/posts,14.500000,0.000000,11000,20000,20000,21000,21000,21000,21000,21000,21000,21000,21000,5531,7,4400,4999.797959400572,1.656333995924797,21999.002625001594,168.7861146266498
1787658434,1525,,Aggregated,93.600000,0.000000,20000,20000,21000,21000,21000,21000,21000,21000,21000,21000,21000,35837,54,4400,5026.189412714752,0.5523750005522743,22034.273249999387,3025.237603594051
1787658435,1550,GET,/feed,73.400000,0.000000,20000,20000,20000,21000,21000,21000,21000,21000,21000,21000,21000,27610,41,4500,5071.587276532389,0.5523750005522743,22034.273249999387,3902.1967403114813
1787658435,1550,POST,/follow,5.900000,0.000000,20000,20000,20000,20000,21000,21000,21000,21000,21000,21000,21000,2782,6,4000,4942.6271198608265,1.8352499973843805,21888.171958002204,16.96333572969087
1787658435,1550,POST,/posts,14.900000,0.000000,11000,20000,20000,20000,21000,21000,21000,21000,21000,21000,21000,5547,7,4400,5023.4505588957245,1.656333995924797,21999.002625001594,168.7867315666126
1787658435,1550,,Aggregated,94.200000,0.000000,11000,20000,20000,20000,21000,21000,21000,21000,21000,21000,21000,35939,54,4400,5054.174952077286,0.5523750005522743,22034.273249999387,3025.2122763571606
1787658436,1575,GET,/feed,73.000000,0.000000,20000,20000,20000,21000,21000,21000,21000,21000,21000,21000,21000,27674,41,4500,5094.088740096486,0.5523750005522743,22034.273249999387,3902.2101611621015
1787658436,1575,POST,/follow,5.500000,0.000000,20000,20000,20000,20000,21000,21000,21000,21000,21000,21000,21000,2786,6,4000,4960.97953966074,1.8352499973843805,21888.171958002204,16.963388370423548
1787658436,1575,POST,/posts,14.500000,0.000000,11000,20000,20000,20000,21000,21000,21000,21000,21000,21000,21000,5561,7,4500,5041.772419578598,1.656333995924797,21999.002625001594,168.78726847689265
1787658436,1575,,Aggregated,93.000000,0.000000,20000,20000,20000,20000,21000,21000,21000,21000,21000,21000,21000,36021,54,4500,5075.716865611738,0.5523750005522743,22034.273249999387,3025.336609200189
1787658437,1600,GET,/feed,73.600000,0.000000,11000,20000,20000,20000,21000,21000,21000,21000,21000,21000,21000,27744,41,4500,5117.47960152704,0.5523750005522743,22034.273249999387,3902.2247693194927
1787658437,1600,POST,/follow,6.000000,0.000000,20000,20000,20000,21000,21000,21000,21000,21000,21000,21000,21000,2794,6,4100,4993.605584911897,1.8352499973843805,21888.171958002204,16.96349319971367
1787658437,1600,POST,/posts,14.000000,0.000000,11000,20000,20000,20000,21000,21000,21000,21000,21000,21000,21000,5574,7,4500,5063.732120213233,1.656333995924797,21999.002625001594,168.78776462145677
1787658437,1600,,Aggregated,93.600000,0.000000,11000,20000,20000,20000,21000,21000,21000,21000,21000,21000,21000,36112,54,4500,5099.599327289472,0.5523750005522743,22034.273249999387,3025.352874390784
1787658438,1625,GET,/feed,73.600000,0.000000,11000,20000,20000,21000,21000,21000,21000,21000,21000,21000,21000,27815,41,4600,5142.407280170055,0.5523750005522743,22034.273249999387,3902.239511055186
1787658438,1625,POST,/follow,6.000000,0.000000,20000,20000,20000,21000,21000,21000,21000,21000,21000,21000,21000,2799,6,4100,5004.864435092833,1.8352499973843805,21888.171958002204,16.963558413719184
1787658438,1625,POST,/posts,14.700000,0.000000,10000,20000,20000,21000,21000,21000,21000,21000,21000,21000,21000,5586,7,4500,5089.300585217786,1.656333995924797,21999.002625001594,168.78822055137846
1787658438,1625,,Aggregated,94.300000,0.000000,11000,20000,20000,21000,21000,21000,21000,21000,21000,21000,21000,36200,54,4500,5123.577544772935,0.5523750005522743,22034.273249999387,3025.7216574585636
1787658439,1650,GET,/feed,73.300000,0.000000,9300,20000,21000,21000,21000,21000,21000,21000,21000,21000,21000,27864,42,4600,5157.003427224305,0.5523750005522743,22034.273249999387,3902.1093884582256
1787658439,1650,POST,/follow,6.500000,0.000000,10000,20000,21000,21000,21000,21000,21000,21000,21000,21000,21000,2803,6,4100,5019.4841031158885,1.8352499973843805,21888.171958002204,16.963610417409917
1787658439,1650,POST,/posts,14.400000,0.000000,9100,20000,21000,21000,21000,21000,21000,21000,21000,21000,21000,5607,7,4500,5119.8433675215865,1.656333995924797,21999.002625001594,168.78901373283395
1787658439,1650,,Aggregated,94.200000,0.000000,9200,20000,21000,21000,21000,21000,21000,21000,21000,21000,21000,36274,55,4500,5140.632938162434,0.5523750005522743,22034.273249999387,3024.8201190935656
1787658440,1675,GET,/feed,72.600000,0.000000,9400,20000,21000,21000,21000,21000,22000,22000,22000,22000,22000,27920,42,4600,5178.115006745882,0.5523750005522743,22034.273249999387,3902.1212034383952
1787658440,1675,POST,/follow,6.800000,0.000000,20000,20000,21000,21000,21000,21000,22000,22000,22000,22000,22000,2811,6,4100,5049.1766133766805,1.8352499973843805,21888.171958002204,16.963713980789755
1787658440,1675,POST,/posts,13.900000,0.000000,9300,20000,21000,21000,21000,21000,22000,22000,22000,22000,22000,5618,7,4500,5141.1323975810865,1.656333995924797,21999.002625001594,168.78942684229264
1787658440,1675,,Aggregated,93.300000,0.000000,9400,20000,21000,21000,21000,21000,22000,22000,22000,22000,22000,36349,55,4500,5162.427804290522,0.5523750005522743,22034.273249999387,3024.65454345374
1787658441,1700,GET,/feed,69.700000,0.100000,9900,21000,21000,21000,21000,22000,22000,22000,22000,22000,22000,27964,42,4600,5195.607766311471,0.5523750005522743,22126.766082998074,3902.1304534401374
1787658441,1700,POST,/follow,6.800000,0.000000,20000,21000,21000,21000,21000,22000,22000,22000,22000,22000,22000,2814,6,4100,5058.525327453036,1.8352499973843805,21937.497917002474,16.963752665245202
1787658441,1700,POST,/posts,14.300000,0.000000,9500,20000,21000,21000,21000,22000,22000,22000,22000,22000,22000,5629,7,4600,5160.651542063696,1.656333995924797,21999.002625001594,168.78983833718246
1787658441,1700,,Aggregated,90.800000,0.100000,9800,21000,21000,21000,21000,22000,22000,22000,22000,22000,22000,36407,55,4600,5179.607585872556,0.5523750005522743,22126.766082998074,3024.6114758150907
1787658442,1725,GET,/feed,67.600000,0.100000,10000,21000,21000,21000,22000,22000,22000,22000,22000,22000,22000,28023,42,4600,5217.177218820579,0.5523750005522743,22260.397500002,3902.1428112621775
1787658442,1725,POST,/follow,6.300000,0.000000,20000,21000,21000,21000,22000,22000,22000,22000,22000,22000,22000,2822,6,4100,5102.6044003344605,1.8352499973843805,22168.08829100046,16.96385542168675
1787658442,1725,POST,/posts,13.300000,0.000000,9900,21000,21000,21000,21000,22000,22000,22000,22000,22000,22000,5638,7,4600,5177.114971020136,1.656333995924797,22207.556041998032,168.79017382050372
1787658442,1725,,Aggregated,87.200000,0.100000,10000,21000,21000,21000,22000,22000,22000,22000,22000,22000,22000,36483,55,4600,5202.123757020069,0.5523750005522743,22260.397500002,3024.6761231258392
1787658443,1750,GET,/feed,65.300000,0.100000,10000,21000,21000,21000,22000,22000,22000,22000,22000,22000,22000,28100,42,4600,5245.017235077472,0.5523750005522743,22260.397500002,3902.1588612099645
1787658443,1750,POST,/follow,6.200000,0.000000,20000,21000,21000,21000,22000,22000,22000,22000,22000,22000,22000,2829,6,4200,5126.222679625609,1.8352499973843805,22168.08829100046,16.963944856839873
1787658443,1750,POST,/posts,13.500000,0.000000,10000,21000,21000,21000,22000,22000,22000,22000,22000,22000,22000,5657,7,4600,5213.284084693217,1.656333995924797,22207.556041998032,168.79087855753934
1787658443,1750,,Aggregated,85.000000,0.100000,10000,21000,21000,21000,22000,22000,22000,22000,22000,22000,22000,36586,55,4600,5230.924843750235,0.5523750005522743,22260.397500002,3024.4767124036516
1787658444,1775,GET,/feed,63.000000,0.100000,10000,21000,21000,21000,22000,22000,22000,22000,22000,22000,22000,28175,42,4700,5270.110739047986,0.5523750005522743,22260.397500002,3902.1744099378884
1787658444,1775,POST,/follow,6.400000,0.000000,21000,21000,21000,21000,22000,22000,22000,22000,22000,22000,22000,2839,6,4200,5158.015298034472,1.8352499973843805,22168.08829100046,16.964071856287426
1787658444,1775,POST,/posts,13.300000,0.000000,10000,21000,21000,21000,22000,22000,22000,22000,22000,22000,22000,5679,7,4600,5255.52059249437,1.656333995924797,22207.556041998032,168.7916886775841
1787658444,1775,,Aggregated,82.700000,0.100000,10000,21000,21000,21000,22000,22000,22000,22000,22000,22000,22000,36693,55,4600,5259.179596886902,0.5523750005522743,22260.397500002,3023.7509334205433
1787658445,1800,GET,/feed,63.300000,0.100000,10000,21000,21000,21000,22000,22000,22000,22000,22000,22000,22000,28247,42,4700,5295.894780300026,0.5523750005522743,22260.397500002,3902.1892590363577
1787658445,1800,POST,/follow,6.000000,0.000000,20000,21000,21000,21000,22000,22000,22000,22000,22000,22000,22000,2854,6,4200,5208.2956146769,1.8352499973843805,22168.08829100046,16.96426068675543
1787658445,1800,POST,/posts,13.300000,0.000000,10000,21000,21000,21000,22000,22000,22000,22000,22000,22000,22000,5689,8,4600,5265.490660079893,1.656333995924797,22207.556041998032,168.76234839163297
1787658445,1800,,Aggregated,82.600000,0.100000,10000,21000,21000,21000,22000,22000,22000,22000,22000,22000,22000,36790,56,4600,5284.397714286924,0.5523750005522743,22260.397500002,3023.4749932046752
1787658446,1825,GET,/feed,63.300000,0.100000,10000,21000,21000,21000,22000,22000,22000,22000,22000,22000,22000,28307,42,4700,5317.045797210435,0.5523750005522743,22260.397500002,3902.2015755820116
1787658446,1825,POST,/follow,6.600000,0.000000,10000,21000,21000,21000,22000,22000,22000,22000,22000,22000,22000,2862,6,4200,5236.448055175707,1.8352499973843805,22168.08829100046,16.964360587002098
1787658446,1825,POST,/posts,14.500000,0.000000,10000,21000,21000,21000,22000,22000,22000,22000,22000,22000,22000,5698,8,4600,5278.513316110301,1.656333995924797,22207.556041998032,168.76272376272377
1787658446,1825,,Aggregated,84.400000,0.100000,10000,21000,21000,21000,22000,22000,22000,22000,22000,22000,22000,36867,56,4700,5304.833552790948,0.5523750005522743,22260.397500002,3023.5653023028726
1787658447,1850,GET,/feed,62.500000,0.100000,10000,21000,21000,21000,22000,22000,22000,22000,22000,22000,22000,28380,42,4700,5342.09783404728,0.5523750005522743,22260.397500002,3902.216490486258
1787658447,1850,POST,/follow,6.900000,0.000000,20000,21000,21000,21000,22000,22000,22000,22000,22000,22000,22000,2866,6,4300,5254.364201717331,1.8352499973843805,22168.08829100046,16.964410327983252
1787658447,1850,POST,/posts,14.300000,0.000000,10000,21000,21000,21000,22000,22000,22000,22000,22000,22000,22000,5718,8,4700,5315.832946272214,1.656333995924797,22207.556041998032,168.76355369010145
1787658447,1850,,Aggregated,83.700000,0.100000,10000,21000,21000,21000,22000,22000,22000,22000,22000,22000,22000,36964,56,4700,5331.232472653583,0.5523750005522743,22260.397500002,3023.442105832702
1787658448,1875,GET,/feed,62.900000,0.100000,10000,21000,21000,21000,22000,22000,22000,22000,22000,22000,22000,28450,42,4700,5367.237814741261,0.5523750005522743,22260.397500002,3902.23072056239
1787658448,1875,POST,/follow,7.300000,0.000000,20000,21000,21000,21000,22000,22000,22000,22000,22000,22000,22000,2877,6,4300,5294.984380429573,1.8352499973843805,22168.08829100046,16.964546402502606
1787658448,1875,POST,/posts,13.600000,0.100000,10000,21000,21000,21000,22000,22000,22000,22000,22000,22000,22000,5729,8,4700,5336.108401930445,1.656333995924797,22207.556041998032,168.76400768022341
1787658448,1875,,Aggregated,83.800000,0.200000,10000,21000,21000,21000,22000,22000,22000,22000,22000,22000,22000,37056,56,4700,5356.815385539266,0.5523750005522743,22260.397500002,3023.3732728842833
1787658449,1900,GET,/feed,62.300000,0.100000,10000,21000,21000,21000,22000,22000,22000,22000,22000,22000,22000,28528,42,4700,5396.324894829003,0.5523750005522743,22260.397500002,3902.2464946719015
1787658449,1900,POST,/follow,7.100000,0.000000,20000,21000,21000,21000,22000,22000,22000,22000,22000,22000,22000,2882,6,4300,5321.360558320569,1.8352499973843805,22168.08829100046,16.964607911172795
1787658449,1900,POST,/posts,14.200000,0.100000,10000,21000,21000,21000,22000,22000,22000,22000,22000,22000,22000,5744,8,4700,5364.46094769786,1.656333995924797,22207.556041998032,168.76462395543174
1787658449,1900,,Aggregated,83.600000,0.200000,20000,21000,21000,21000,22000,22000,22000,22000,22000,22000,22000,37154,56,4700,5385.583824415594,0.5523750005522743,22260.397500002,3023.673467190612
1787658450,1925,GET,/feed,62.900000,0.100000,10000,20000,21000,21000,21000,22000,22000,22000,22000,22000,22000,28602,42,4800,5419.535999652362,0.5523750005522743,22260.397500002,3902.2613803230543
1787658450,1925,POST,/follow,7.700000,0.000000,20000,21000,21000,21000,22000,22000,22000,22000,22000,22000,22000,2889,6,4400,5339.420259128032,1.8352499973843805,22168.08829100046,16.964693665628246
1787658450,1925,POST,/posts,14.100000,0.100000,20000,20000,21000,21000,21000,22000,22000,22000,22000,22000,22000,5759,8,4700,5388.7942023056985,1.656333995924797,22207.556041998032,168.76523702031602
1787658450,1925,,Aggregated,84.700000,0.200000,10000,20000,21000,21000,21000,22000,22000,22000,22000,22000,22000,37250,56,4700,5408.569653738391,0.5523750005522743,22260.397500002,3023.7157046979864
1787658451,1950,GET,/feed,64.800000,0.000000,10000,20000,21000,21000,21000,21000,22000,22000,22000,22000,22000,28662,42,4800,5440.4463491662445,0.5523750005522743,22260.397500002,3902.2733933431023
1787658451,1950,POST,/follow,7.700000,0.000000,20000,20000,21000,21000,21000,21000,22000,22000,22000,22000,22000,2892,6,4400,5351.309815063238,1.8352499973843805,22168.08829100046,16.96473029045643
1787658451,1950,POST,/posts,13.600000,0.100000,20000,20000,21000,21000,21000,21000,22000,22000,22000,22000,22000,5767,8,4700,5407.735987882873,1.656333995924797,22207.556041998032,168.7655626842379
1787658451,1950,,Aggregated,86.100000,0.100000,20000,20000,21000,21000,21000,21000,22000,22000,22000,22000,22000,37321,56,4700,5428.484624931945,0.5523750005522743,22260.397500002,3024.2837276600308
1787658452,1975,GET,/feed,67.400000,0.000000,10000,20000,20000,21000,21000,21000,21000,21000,21000,21000,21000,28733,42,4800,5463.201295100787,0.5523750005522743,22260.397500002,3902.287543939025
1787658452,1975,POST,/follow,7.900000,0.000000,20000,20000,21000,21000,21000,21000,21000,21000,21000,21000,21000,2898,6,4400,5370.810954709069,1.8352499973843805,22168.08829100046,16.9648033126294
1787658452,1975,POST,/posts,14.100000,0.100000,20000,20000,20000,21000,21000,21000,21000,21000,21000,21000,21000,5788,8,4800,5444.748459491453,1.656333995924797,22207.556041998032,168.76641326883205
1787658452,1975,,Aggregated,89.400000,0.100000,20000,20000,20000,21000,21000,21000,21000,21000,21000,21000,21000,37419,56,4800,5453.19161501946,0.5523750005522743,22260.397500002,3023.8758919265615
1787658453,2000,GET,/feed,68.300000,0.000000,20000,20000,20000,21000,21000,21000,21000,21000,21000,21000,21000,28806,42,4800,5486.901602480348,0.5523750005522743,22260.397500002,3902.302020412414
1787658453,2000,POST,/follow,7.900000,0.000000,20000,20000,21000,21000,21000,21000,21000,21000,21000,21000,21000,2905,6,4400,5391.403824296345,1.8352499973843805,22168.08829100046,16.96488812392427
1787658453,2000,POST,/posts,13.600000,0.100000,20000,20000,20000,20000,21000,21000,21000,21000,21000,21000,21000,5806,8,4800,5471.503249058482,1.656333995924797,22207.556041998032,168.76713744402343
1787658453,2000,,Aggregated,89.800000,0.100000,20000,20000,20000,21000,21000,21000,21000,21000,21000,21000,21000,37517,56,4800,5477.12406468167,0.5523750005522743,22260.397500002,3023.665458325559
1787658454,2000,GET,/feed,71.100000,0.000000,10000,20000,21000,21000,21000,21000,21000,21000,21000,21000,21000,28887,42,4800,5513.146458613496,0.5523750005522743,22260.397500002,3902.3179977152354
1787658454,2000,POST,/follow,7.600000,0.000000,20000,20000,21000,21000,21000,21000,21000,21000,21000,21000,21000,2916,6,4400,5428.670366569573,1.8352499973843805,22168.08829100046,16.96502057613169
1787658454,2000,POST,/posts,14.700000,0.100000,20000,20000,20000,20000,21000,21000,21000,21000,21000,21000,21000,5812,8,4800,5481.083071194519,1.656333995924797,22207.556041998032,168.76737783895388
1787658454,2000,,Aggregated,93.400000,0.100000,20000,20000,20000,21000,21000,21000,21000,21000,21000,21000,21000,37615,56,4800,5501.643475971459,0.5523750005522743,22260.397500002,3024.2351721387745
1787658455,2000,GET,/feed,70.200000,0.000000,20000,20000,21000,21000,21000,21000,21000,21000,21000,21000,21000,28962,43,4800,5537.091440173366,0.5523750005522743,22260.397500002,3902.197776396658
1787658455,2000,POST,/follow,7.900000,0.000000,20000,20000,21000,21000,21000,21000,21000,21000,21000,21000,21000,2926,6,4500,5457.22447751466,1.8352499973843805,22168.08829100046,16.96514012303486
1787658455,2000,POST,/posts,15.200000,0.100000,20000,20000,20000,21000,21000,21000,21000,21000,21000,21000,21000,5829,8,4800,5505.609528427094,1.656333995924797,22207.556041998032,168.76805627037228
1787658455,2000,,Aggregated,93.300000,0.100000,20000,20000,21000,21000,21000,21000,21000,21000,21000,21000,21000,37717,57,4800,5526.030146955202,0.5523750005522743,22260.397500002,3023.8046769361295
1787658456,2000,GET,/feed,70.600000,0.000000,20000,20000,21000,21000,21000,21000,21000,21000,21000,21000,21000,29030,43,4800,5562.457974868449,0.5523750005522743,22260.397500002,3902.2113675508094
1787658456,2000,POST,/follow,7.300000,0.000000,20000,20000,21000,21000,21000,21000,21000,21000,21000,21000,21000,2932,6,4500,5472.834674524862,1.8352499973843805,22168.08829100046,16.965211459754435
1787658456,2000,POST,/posts,13.800000,0.100000,20000,20000,20000,21000,21000,21000,21000,21000,21000,21000,21000,5844,8,4800,5535.446648056384,1.656333995924797,22207.556041998032,168.76865160848735
1787658456,2000,,Aggregated,91.700000,0.100000,20000,20000,21000,21000,21000,21000,21000,21000,21000,21000,21000,37806,57,4800,5551.331970781845,0.5523750005522743,22260.397500002,3023.7851663757074
1787658457,2000,GET,/feed,71.000000,0.100000,20000,20000,21000,21000,21000,21000,22000,22000,22000,22000,22000,29102,43,4800,5583.527206024539,0.5523750005522743,22260.397500002,3902.2256889560854
1787658457,2000,POST,/follow,6.800000,0.000000,20000,20000,21000,21000,21000,21000,22000,22000,22000,22000,22000,2936,6,4500,5486.307241626326,1.8352499973843805,22168.08829100046,16.96525885558583
1787658457,2000,POST,/posts,13.800000,0.100000,20000,20000,20000,21000,21000,21000,22000,22000,22000,22000,22000,5858,8,4800,5558.725847116169,1.656333995924797,22207.556041998032,168.76920450665756
1787658457,2000,,Aggregated,91.600000,0.200000,20000,20000,21000,21000,21000,21000,22000,22000,22000,22000,22000,37896,57,4800,5572.161252468505,0.5523750005522743,22260.397500002,3024.09309689677
1787658458,2000,GET,/feed,71.200000,0.100000,10000,20000,21000,21000,21000,22000,22000,22000,22000,22000,22000,29172,43,4800,5607.1169301219,0.5523750005522743,22260.397500002,3902.2395447689564
1787658458,2000,POST,/follow,7.200000,0.000000,9900,20000,21000,21000,21000,22000,22000,22000,22000,22000,22000,2942,6,4500,5511.02096864374,1.8352499973843805,22168.08829100046,16.96532970768185
1787658458,2000,POST,/posts,14.500000,0.000000,20000,20000,21000,21000,22000,22000,22000,22000,22000,22000,22000,5875,8,4800,5588.289664388345,1.656333995924797,22207.556041998032,168.76987234042554
1787658458,2000,,Aggregated,92.900000,0.100000,20000,20000,21000,21000,21000,22000,22000,22000,22000,22000,22000,37989,57,4800,5596.763288150423,0.5523750005522743,22260.397500002,3023.969227934402
1787658459,2000,GET,/feed,71.500000,0.100000,20000,21000,21000,21000,22000,22000,22000,22000,22000,22000,22000,29232,43,4900,5628.323843161813,0.5523750005522743,22415.907624999818,3902.2513683634375
1787658459,2000,POST,/follow,6.800000,0.000000,20000,20000,21000,21000,22000,22000,22000,22000,22000,22000,22000,2949,6,4500,5541.991479455363,1.8352499973843805,22357.15204099688,16.965412004069176
1787658459,2000,POST,/posts,14.000000,0.000000,20000,20000,21000,21000,22000,22000,22000,22000,22000,22000,22000,5886,8,4800,5608.287724372501,1.656333995924797,22400.194374997227,168.77030241250424
1787658459,2000,,Aggregated,92.300000,0.100000,20000,20000,21000,21000,22000,22000,22000,22000,22000,22000,22000,38067,57,4800,5618.537762415623,0.5523750005522743,22415.907624999818,3023.9846848976804
1787658460,2000,GET,/feed,71.900000,0.100000,9800,21000,21000,21000,22000,22000,23000,23000,23000,23000,23000,29297,43,4900,5649.7078218379775,0.5523750005522743,23154.477583004336,3902.26412260641
1787658460,2000,POST,/follow,6.300000,0.000000,9700,21000,21000,21000,22000,22000,22000,23000,23000,23000,23000,2953,7,4500,5548.457548819463,1.8352499973843805,22729.170833001263,16.959701997968168
1787658460,2000,POST,/posts,14.500000,0.000000,20000,21000,21000,22000,22000,23000,23000,23000,23000,23000,23000,5899,8,4800,5634.568421658342,1.656333995924797,23121.502041001804,168.7708086116291
1787658460,2000,,Aggregated,92.700000,0.100000,20000,21000,21000,21000,22000,22000,23000,23000,23000,23000,23000,38149,58,4800,5639.529327568551,0.5523750005522743,23154.477583004336,3024.2022857742013
1787658461,2000,GET,/feed,70.600000,0.100000,9700,21000,21000,22000,22000,23000,23000,24000,24000,24000,24000,29349,43,4900,5666.170723376749,0.5523750005522743,23583.463583003322,3902.2742853248833
1787658461,2000,POST,/follow,6.500000,0.000000,9600,21000,21000,22000,22000,22000,23000,23000,23000,23000,23000,2957,7,4500,5563.334175162284,1.8352499973843805,23481.3974159988,16.959756509976327
1787658461,2000,POST,/posts,14.100000,0.000000,20000,21000,22000,22000,23000,23000,23000,23000,24000,24000,24000,5906,8,4800,5653.335654516181,1.656333995924797,23511.699709000823,168.77108025736538
1787658461,2000,,Aggregated,91.200000,0.100000,9700,21000,21000,22000,22000,23000,23000,24000,24000,24000,24000,38212,58,4800,5656.229040403817,0.5523750005522743,23583.463583003322,3024.5671516801003
1787658462,2000,GET,/feed,69.500000,0.100000,9700,21000,22000,22000,23000,24000,24000,24000,24000,24000,24000,29425,43,4900,5690.95453319362,0.5523750005522743,24085.202332993504,3902.2890739167374
1787658462,2000,POST,/follow,6.600000,0.000000,20000,21000,22000,22000,23000,23000,24000,24000,24000,24000,24000,2963,7,4500,5590.319446435666,1.8352499973843805,23719.15645900299,16.959838002024973
1787658462,2000,POST,/posts,14.200000,0.000000,21000,22000,22000,22000,23000,24000,24000,24000,24000,24000,24000,5927,8,4800,5693.341655979177,1.656333995924797,24127.851750003174,168.77189134469378
1787658462,2000,,Aggregated,90.300000,0.100000,9700,21000,22000,22000,23000,24000,24000,24000,24000,24000,24000,38315,58,4900,5683.541423828756,0.5523750005522743,24127.851750003174,3024.283413806603
1787658463,2000,GET,/feed,69.000000,0.100000,9700,21000,22000,22000,24000,24000,24000,24000,24000,24000,24000,29499,43,4900,5719.776567764066,0.5523750005522743,24322.99525000417,3902.3034001152582
1787658463,2000,POST,/follow,6.400000,0.100000,21000,22000,22000,22000,23000,24000,24000,24000,24000,24000,24000,2965,7,4600,5597.858639613786,1.8352499973843805,24153.661208001722,16.959865092748736
1787658463,2000,POST,/posts,14.000000,0.000000,21000,22000,22000,23000,23000,24000,24000,24000,24000,24000,24000,5935,8,4800,5703.297022955111,1.656333995924797,24127.851750003174,168.772198820556
1787658463,2000,,Aggregated,89.400000,0.200000,9700,21000,22000,22000,24000,24000,24000,24000,24000,24000,24000,38399,58,4900,5707.81550743938,0.5523750005522743,24322.99525000417,3025.234954035261
1787658464,2000,GET,/feed,68.400000,0.100000,9700,22000,22000,23000,24000,24000,25000,25000,25000,25000,25000,29578,43,4900,5754.174897587744,0.5523750005522743,24722.438124998007,3902.318615186963
1787658464,2000,POST,/follow,6.700000,0.100000,21000,22000,22000,23000,24000,24000,25000,25000,25000,25000,25000,2972,7,4600,5632.051668305473,1.8352499973843805,24645.675915999163,16.959959623149395
1787658464,2000,POST,/posts,14.100000,0.000000,21000,22000,22000,23000,24000,24000,25000,25000,25000,25000,25000,5948,8,4800,5721.562822165198,1.656333995924797,24645.545708997815,168.77269670477472
1787658464,2000,,Aggregated,89.200000,0.200000,9700,22000,22000,23000,24000,24000,25000,25000,25000,25000,25000,38498,58,4900,5739.708513306971,0.5523750005522743,24722.438124998007,3025.534962855213
1787658465,2000,GET,/feed,69.200000,0.100000,9700,22000,23000,24000,24000,25000,25000,25000,25000,25000,25000,29654,43,4900,5778.596861479303,0.5523750005522743,25041.113916995528,3902.333175962771
1787658465,2000,POST,/follow,6.100000,0.100000,22000,23000,24000,24000,25000,25000,25000,25000,25000,25000,25000,2979,7,4600,5676.992606983506,1.8352499973843805,24989.535458997125,16.96005370929842
1787658465,2000,POST,/posts,13.300000,0.000000,21000,22000,23000,23000,24000,25000,25000,25000,25000,25000,25000,5961,8,4900,5745.030306322359,1.656333995924797,24955.415000003995,168.77319241737965
1787658465,2000,,Aggregated,88.600000,0.200000,9700,22000,23000,24000,24000,25000,25000,25000,25000,25000,25000,38594,58,4900,5765.569724892412,0.5523750005522743,25041.113916995528,3025.76485982277
1787658466,2000,GET,/feed,68.800000,0.100000,9600,23000,24000,24000,25000,25000,25000,25000,25000,25000,25000,29724,43,4900,5805.763720059724,0.5523750005522743,25235.713499998383,3902.3465213295653
1787658466,2000,POST,/follow,6.000000,0.100000,22000,23000,24000,25000,25000,25000,25000,25000,25000,25000,25000,2993,7,4700,5715.858227891366,1.8352499973843805,25243.975290999515,16.96024056130972
1787658466,2000,POST,/posts,13.100000,0.000000,9700,22000,23000,24000,25000,25000,25000,25000,25000,25000,25000,5970,8,4900,5758.536566797252,1.656333995924797,25122.15608399856,168.77353433835844
1787658466,2000,,Aggregated,87.900000,0.200000,9700,23000,24000,24000,25000,25000,25000,25000,25000,25000,25000,38687,58,4900,5791.52035037384,0.5523750005522743,25243.975290999515,3025.6077752216506
1787658467,2000,GET,/feed,69.000000,0.000000,9700,24000,24000,24000,25000,25000,25000,25000,25000,25000,25000,29797,43,4900,5832.934540805626,0.5523750005522743,25413.240165995376,3902.360371849515
1787658467,2000,POST,/follow,5.800000,0.100000,22000,24000,25000,25000,25000,25000,25000,25000,25000,25000,25000,3001,7,4700,5747.128585483796,1.8352499973843805,25359.123707996332,16.960346551149616
1787658467,2000,POST,/posts,13.100000,0.000000,22000,23000,24000,25000,25000,25000,25000,25000,25000,25000,25000,5987,8,4900,5800.88533647012,1.656333995924797,25401.331000000937,168.77417738433272
1787658467,2000,,Aggregated,87.900000,0.100000,9700,23000,24000,25000,25000,25000,25000,25000,25000,25000,25000,38785,58,4900,5821.348044524114,0.5523750005522743,25413.240165995376,3025.395926260152
1787658468,2000,GET,/feed,69.300000,0.000000,9700,24000,25000,25000,25000,25000,26000,26000,26000,26000,26000,29874,43,4900,5866.456074971086,0.5523750005522743,25749.981000000844,3902.3749079467093
1787658468,2000,POST,/follow,5.800000,0.100000,22000,24000,25000,25000,25000,25000,25000,25000,25000,25000,25000,3008,7,4700,5771.5228742775535,1.8352499973843805,25411.310791998403,16.960438829787233
1787658468,2000,POST,/posts,12.400000,0.000000,9700,23000,24000,25000,25000,25000,25000,26000,26000,26000,26000,6003,8,4900,5823.816394487855,1.656333995924797,25565.642082998238,168.77477927702816
1787658468,2000,,Aggregated,87.500000,0.100000,9700,24000,25000,25000,25000,25000,26000,26000,26000,26000,26000,38885,58,4900,5852.5297519769265,0.5523750005522743,25749.981000000844,3025.4267712485535
1787658469,2000,GET,/feed,69.700000,0.000000,9700,24000,25000,25000,25000,26000,26000,26000,26000,26000,26000,29947,43,4900,5897.343607316566,0.5523750005522743,25971.792541997274,3902.388619895148
1787658469,2000,POST,/follow,6.700000,0.100000,23000,25000,25000,25000,25000,26000,26000,26000,26000,26000,26000,3012,7,4700,5792.629465870477,1.8352499973843805,25812.172792000638,16.960491367861884
1787658469,2000,POST,/posts,12.800000,0.000000,9700,24000,25000,25000,25000,26000,26000,26000,26000,26000,26000,6012,8,4900,5842.7039415243835,1.656333995924797,25811.82204200013,168.77511643379907
1787658469,2000,,Aggregated,89.200000,0.100000,9700,24000,25000,25000,25000,26000,26000,26000,26000,26000,26000,38971,58,4900,5880.821253135786,0.5523750005522743,25971.792541997274,3026.111544481794
1787658470,2000,GET,/feed,69.300000,0.000000,23000,25000,25000,25000,26000,26000,26000,26000,26000,26000,26000,30025,43,5000,5926.579594205536,0.5523750005522743,26091.65299999586,3902.4031973355536
1787658470,2000,POST,/follow,6.700000,0.100000,24000,25000,25000,25000,26000,26000,26000,26000,26000,26000,26000,3019,7,4800,5822.580610933714,1.8352499973843805,26058.51383299887,16.960582974494866
1787658470,2000,POST,/posts,12.600000,0.000000,9600,24000,25000,25000,25000,26000,26000,26000,26000,26000,26000,6026,8,4900,5867.298283933718,1.656333995924797,26082.715250006004,168.77563889810818
1787658470,2000,,Aggregated,88.600000,0.100000,9800,25000,25000,25000,26000,26000,26000,26000,26000,26000,26000,39070,58,4900,5909.400118746193,0.5523750005522743,26091.65299999586,3026.3092398259532
1787658471,2000,GET,/feed,71.100000,0.000000,24000,25000,25000,25000,26000,26000,26000,26000,26000,26000,26000,30072,43,5000,5948.185559385981,0.5523750005522743,26364.37966700032,3902.411944666135
1787658471,2000,POST,/follow,6.400000,0.100000,24000,25000,25000,25000,26000,26000,26000,26000,26000,26000,26000,3027,7,4800,5854.159299290014,1.8352499973843805,26316.788500000257,16.960687148992402
1787658471,2000,POST,/posts,12.700000,0.000000,9600,25000,25000,25000,26000,26000,26000,26000,26000,26000,26000,6035,8,4900,5886.426573513101,1.656333995924797,26314.776332998008,168.77597348798673
1787658471,2000,,Aggregated,90.200000,0.100000,24000,25000,25000,25000,26000,26000,26000,26000,26000,26000,26000,39134,58,4900,5931.388580568219,0.5523750005522743,26364.37966700032,3026.095850155875
1787658472,2000,GET,/feed,71.800000,0.000000,24000,25000,25000,26000,26000,26000,27000,27000,27000,27000,27000,30144,43,5000,5975.702770035143,0.5523750005522743,26981.91133299406,3902.4252919320593
1787658472,2000,POST,/follow,6.200000,0.100000,24000,25000,25000,25000,26000,26000,26000,27000,27000,27000,27000,3033,7,4800,5872.279368499465,1.8352499973843805,26896.950207999907,16.96076491922189
1787658472,2000,POST,/posts,12.500000,0.000000,9600,25000,25000,26000,26000,27000,27000,27000,27000,27000,27000,6058,8,4900,5939.542877315214,1.656333995924797,26963.76849999797,168.77682403433477
1787658472,2000,,Aggregated,90.500000,0.100000,24000,25000,25000,26000,26000,26000,27000,27000,27000,27000,27000,39235,58,4900,5962.1245922103435,0.5523750005522743,26981.91133299406,3025.5792022428955
1787658473,2000,GET,/feed,73.000000,0.000000,25000,25000,26000,26000,26000,27000,27000,27000,27000,27000,27000,30223,44,5000,6005.54953033085,0.5523750005522743,27102.298624995456,3902.310558184164
1787658473,2000,POST,/follow,6.900000,0.000000,9600,25000,25000,26000,26000,27000,27000,27000,27000,27000,27000,3040,7,4800,5897.39488838878,1.8352499973843805,26996.308624999074,16.960855263157896
1787658473,2000,POST,/posts,12.800000,0.000000,25000,25000,26000,26000,27000,27000,27000,27000,27000,27000,27000,6064,8,4900,5954.4769592171115,1.656333995924797,27036.28008400119,168.77704485488127
1787658473,2000,,Aggregated,92.700000,0.000000,25000,25000,26000,26000,26000,27000,27000,27000,27000,27000,27000,39327,59,4900,5989.314013186434,0.5523750005522743,27102.298624995456,3026.2811045846365
1787658474,2000,GET,/feed,71.500000,0.000000,9600,26000,26000,26000,27000,27000,28000,28000,28000,28000,28000,30294,44,5000,6031.595424828953,0.5523750005522743,27760.873709004954,3902.3238925199707
1787658474,2000,POST,/follow,6.600000,0.000000,9600,25000,26000,26000,27000,28000,28000,28000,28000,28000,28000,3052,7,4800,5946.087104874139,1.8352499973843805,27625.875707999512,16.961009174311926
1787658474,2000,POST,/posts,12.100000,0.000000,25000,26000,26000,26000,27000,27000,28000,28000,28000,28000,28000,6083,8,4900,5991.421204926773,1.656333995924797,27703.476041999238,168.77774124609567
1787658474,2000,,Aggregated,90.200000,0.000000,9600,25000,26000,26000,27000,27000,28000,28000,28000,28000,28000,39429,59,5000,6018.778686586343,0.5523750005522743,27760.873709004954,3025.5760988105203
1787658475,2000,GET,/feed,71.700000,0.000000,25000,26000,26000,26000,27000,28000,28000,28000,28000,28000,28000,30366,44,5000,6062.025552354845,0.5523750005522743,27971.177416999126,3902.3373509846538
1787658475,2000,POST,/follow,7.300000,0.000000,9600,26000,26000,27000,28000,28000,28000,28000,28000,28000,28000,3062,7,4800,5986.4023524499935,1.8352499973843805,27819.333791005192,16.961136512083606
1787658475,2000,POST,/posts,12.800000,0.000000,25000,26000,26000,27000,28000,28000,28000,28000,28000,28000,28000,6101,8,4900,6030.793033045328,1.656333995924797,27871.053041999403,168.77839698410097
1787658475,2000,,Aggregated,91.800000,0.000000,25000,26000,26000,27000,27000,28000,28000,28000,28000,28000,28000,39529,59,5000,6051.347117827868,0.5523750005522743,27971.177416999126,3025.1215057299705
1787658476,2000,GET,/feed,72.000000,0.100000,25000,26000,27000,27000,28000,28000,28000,28000,28000,28000,28000,30436,44,5000,6097.031440728551,0.5523750005522743,28172.96458400233,3902.3503745564462
1787658476,2000,POST,/follow,7.700000,0.000000,9500,26000,26000,27000,28000,28000,28000,28000,28000,28000,28000,3067,7,4800,5991.386279124512,1.8352499973843805,27819.333791005192,16.961199869579392
1787658476,2000,POST,/posts,12.700000,0.000000,9600,26000,27000,27000,28000,28000,28000,28000,28000,28000,28000,6112,8,4900,6045.550220485857,1.656333995924797,28098.51270800573,168.77879581151834
1787658476,2000,,Aggregated,92.400000,0.100000,25000,26000,27000,27000,28000,28000,28000,28000,28000,28000,28000,39615,59,5000,6080.9095947418355,0.5523750005522743,28172.96458400233,3025.5088224157516
1787658477,2000,GET,/feed,71.000000,0.100000,26000,26000,27000,28000,28000,28000,28000,29000,29000,29000,29000,30509,44,5000,6126.395336902394,0.5523750005522743,28556.110625002475,3902.363892621849
1787658477,2000,POST,/follow,8.000000,0.000000,9300,26000,27000,27000,28000,28000,28000,28000,28000,28000,28000,3074,7,4800,6023.553415755652,1.8352499973843805,28477.729040998383,16.961288223812623
1787658477,2000,POST,/posts,13.800000,0.000000,9500,26000,27000,27000,28000,28000,28000,28000,28000,28000,28000,6130,8,5000,6073.381511913304,1.656333995924797,28498.048667002877,168.7794453507341
1787658477,2000,,Aggregated,92.800000,0.100000,25000,26000,27000,28000,28000,28000,28000,29000,29000,29000,29000,39713,59,5000,6110.251736247975,0.5523750005522743,28556.110625002475,3025.3059955178405
1787658478,2000,GET,/feed,70.500000,0.100000,26000,27000,28000,28000,28000,29000,29000,29000,29000,29000,29000,30580,44,5000,6160.789552067536,0.5523750005522743,28959.44091700221,3902.3769784172664
1787658478,2000,POST,/follow,7.500000,0.000000,9300,26000,27000,27000,28000,28000,28000,29000,29000,29000,29000,3085,7,4800,6040.663646053443,1.8352499973843805,28917.568874996505,16.961426256077797
1787658478,2000,POST,/posts,14.000000,0.000000,9500,27000,27000,28000,28000,28000,29000,29000,29000,29000,29000,6143,8,5000,6101.993153403965,1.656333995924797,28921.265332995972,168.77991209506754
1787658478,2000,,Aggregated,92.000000,0.100000,26000,27000,28000,28000,28000,29000,29000,29000,29000,29000,29000,39808,59,5000,6142.406948142583,0.5523750005522743,28959.44091700221,3025.116283159164
1787658479,2000,GET,/feed,70.700000,0.100000,26000,27000,28000,28000,29000,29000,29000,29000,29000,29000,29000,30656,44,5000,6196.408821197684,0.5523750005522743,29076.607000002696,3902.390918580376
1787658479,2000,POST,/follow,7.100000,0.000000,9300,26000,28000,28000,29000,29000,29000,29000,29000,29000,29000,3094,7,4900,6094.244350002546,1.8352499973843805,28970.37908299535,16.96153846153846
1787658479,2000,POST,/posts,13.800000,0.000000,26000,27000,28000,28000,29000,29000,29000,29000,29000,29000,29000,6163,8,5000,6140.484504635336,1.656333995924797,29078.609625001263,168.78062631835147
1787658479,2000,,Aggregated,91.600000,0.100000,26000,27000,28000,28000,29000,29000,29000,29000,29000,29000,29000,39913,59,5000,6179.853853221028,0.5523750005522743,29078.609625001263,3024.6879462831657
1787658480,2000,GET,/feed,70.200000,0.100000,26000,28000,28000,28000,29000,29000,29000,29000,30000,30000,30000,30727,44,5000,6225.410474862276,0.5523750005522743,29519.457750000583,3902.4038793243726
1787658480,2000,POST,/follow,7.400000,0.000000,9100,27000,28000,28000,29000,29000,29000,29000,29000,29000,29000,3103,7,4900,6122.262210318041,1.8352499973843805,29449.073875002796,16.96165001611344
1787658480,2000,POST,/posts,14.100000,0.000000,9400,27000,28000,28000,29000,29000,29000,29000,30000,30000,30000,6176,8,5000,6169.579749950056,1.656333995924797,29500.08316700405,168.78108808290156
1787658480,2000,,Aggregated,91.700000,0.100000,26000,28000,28000,28000,29000,29000,29000,29000,30000,30000,30000,40006,59,5000,6208.7909772384355,0.5523750005522743,29519.457750000583,3024.6510023496476
1787658481,2000,GET,/feed,70.300000,0.100000,27000,28000,28000,29000,29000,29000,30000,30000,30000,30000,30000,30796,44,5100,6254.528685901096,0.5523750005522743,30011.533708995557,3902.4164177165867
1787658481,2000,POST,/follow,8.000000,0.000000,9100,28000,28000,28000,29000,29000,30000,30000,30000,30000,30000,3111,7,4900,6156.407250171612,1.8352499973843805,29943.42804200278,16.961748633879782
1787658481,2000,POST,/posts,14.700000,0.000000,9200,28000,28000,29000,29000,29000,30000,30000,30000,30000,30000,6189,8,5000,6199.093336185255,1.656333995924797,30005.095041997265,168.78154790757796
1787658481,2000,,Aggregated,93.000000,0.100000,27000,28000,28000,29000,29000,29000,30000,30000,30000,30000,30000,40096,59,5000,6238.358864324219,0.5523750005522743,30011.533708995557,3024.645176576217
1787658482,2000,GET,/feed,70.300000,0.100000,27000,28000,29000,29000,29000,30000,30000,30000,30000,30000,30000,30865,44,5100,6281.588464174866,0.5523750005522743,30106.89674999594,3902.4289000485987
1787658482,2000,POST,/follow,8.100000,0.000000,9100,28000,28000,29000,29000,30000,30000,30000,30000,30000,30000,3115,7,4900,6173.463377030781,1.8352499973843805,30122.218291995523,16.961797752808987
1787658482,2000,POST,/posts,14.900000,0.000000,9100,28000,28000,29000,29000,30000,30000,30000,30000,30000,30000,6196,8,5000,6208.907001422778,1.656333995924797,30032.401832999312,168.7817947062621
1787658482,2000,,Aggregated,93.300000,0.100000,9200,28000,29000,29000,29000,30000,30000,30000,30000,30000,30000,40176,59,5000,6261.996070963336,0.5523750005522743,30122.218291995523,3025.365292712067
1787658483,2000,GET,/feed,70.500000,0.100000,28000,28000,29000,29000,30000,30000,30000,31000,31000,31000,31000,30942,44,5100,6312.242563340389,0.5523750005522743,30583.702541000093,3902.4427638808093
1787658483,2000,POST,/follow,8.100000,0.000000,9100,28000,29000,29000,30000,30000,31000,31000,31000,31000,31000,3123,7,4900,6214.834050924072,1.8352499973843805,30539.019999996526,16.961895613192443
1787658483,2000,POST,/posts,14.800000,0.000000,9100,28000,29000,29000,30000,30000,31000,31000,31000,31000,31000,6214,8,5000,6261.598819430405,1.656333995924797,30567.256082998938,168.78242677824267
1787658483,2000,,Aggregated,93.400000,0.100000,28000,28000,29000,29000,30000,30000,30000,31000,31000,31000,31000,40279,59,5000,6296.877062485516,0.5523750005522743,30583.702541000093,3025.1786290622904
1787658484,2000,GET,/feed,71.600000,0.100000,28000,29000,29000,29000,30000,30000,30000,31000,31000,31000,31000,31016,44,5100,6344.294862586002,0.5523750005522743,30583.702541000093,3902.4560226979625
1787658484,2000,POST,/follow,8.300000,0.000000,9100,28000,29000,29000,30000,30000,31000,31000,31000,31000,31000,3131,7,4900,6241.762298145918,1.8352499973843805,30539.019999996526,16.961992973490897
1787658484,2000,POST,/posts,14.800000,0.000000,9100,29000,29000,30000,30000,30000,31000,31000,31000,31000,31000,6229,8,5000,6288.2029741561255,1.656333995924797,30567.256082998938,168.78295071440039
1787658484,2000,,Aggregated,94.700000,0.100000,28000,29000,29000,29000,30000,30000,30000,31000,31000,31000,31000,40376,59,5100,6327.690299670103,0.5523750005522743,30583.702541000093,3025.139513572419
1787658485,2000,GET,/feed,71.600000,0.100000,28000,29000,29000,30000,30000,30000,30000,31000,31000,31000,31000,31073,44,5100,6368.315114516989,0.5523750005522743,30583.702541000093,3902.4661925144014
1787658485,2000,POST,/follow,8.400000,0.000000,9100,29000,29000,30000,30000,30000,31000,31000,31000,31000,31000,3136,7,4900,6266.552623217432,1.8352499973843805,30539.019999996526,16.962053571428573
1787658485,2000,POST,/posts,14.600000,0.000000,9100,29000,29000,30000,30000,30000,31000,31000,31000,31000,31000,6238,8,5000,6302.26356501451,1.656333995924797,30567.256082998938,168.7832638666239
1787658485,2000,,Aggregated,94.600000,0.100000,9200,29000,29000,30000,30000,30000,30000,31000,31000,31000,31000,40447,59,5100,6350.238205512301,0.5523750005522743,30583.702541000093,3025.376294904443
1787658486,2000,GET,/feed,71.300000,0.000000,28000,29000,30000,30000,30000,30000,31000,31000,31000,31000,31000,31127,44,5100,6390.638592318417,0.5523750005522743,30857.05245900317,3902.4757927201463
1787658486,2000,POST,/follow,8.000000,0.000000,9100,29000,30000,30000,30000,31000,31000,31000,31000,31000,31000,3142,7,4900,6292.904192881566,1.8352499973843805,30804.441333006253,16.96212603437301
1787658486,2000,POST,/posts,15.600000,0.000000,9400,29000,30000,30000,30000,31000,31000,31000,31000,31000,31000,6247,8,5100,6323.754228339446,1.656333995924797,30783.648415999778,168.78357611653593
1787658486,2000,,Aggregated,94.900000,0.000000,9400,29000,30000,30000,30000,31000,31000,31000,31000,31000,31000,40516,59,5100,6372.746695171414,0.5523750005522743,30857.05245900317,3025.472652779149
1787658487,2000,GET,/feed,71.000000,0.000000,9800,29000,30000,30000,30000,31000,31000,31000,31000,31000,31000,31165,44,5100,6406.908185972837,0.5523750005522743,31177.226583000447,3902.482528477459
1787658487,2000,POST,/follow,7.700000,0.000000,29000,30000,30000,30000,31000,31000,31000,31000,31000,31000,31000,3150,7,4900,6328.310649441869,1.8352499973843805,31224.706749999314,16.962222222222223
1787658487,2000,POST,/posts,14.000000,0.000000,9800,29000,30000,30000,30000,31000,31000,31000,31000,31000,31000,6251,8,5100,6329.399529291716,1.656333995924797,31306.21745800454,168.7837146056631
1787658487,2000,,Aggregated,92.700000,0.000000,9800,29000,30000,30000,30000,31000,31000,31000,31000,31000,31000,40566,59,5100,6388.8613276928245,0.5523750005522743,31306.21745800454,3025.4243948133903
1787658488,2000,GET,/feed,69.400000,0.000000,10000,30000,30000,30000,31000,31000,32000,32000,32000,32000,32000,31212,45,5100,6428.667080940071,0.5523750005522743,31765.485292002268,3902.365628604383
1787658488,2000,POST,/follow,7.200000,0.000000,29000,30000,30000,31000,31000,32000,32000,32000,32000,32000,32000,3154,7,4900,6360.50139528944,1.8352499973843805,31759.31841700367,16.962270133164235
1787658488,2000,POST,/posts,13.500000,0.000000,29000,30000,30000,30000,31000,31000,32000,32000,32000,32000,32000,6257,8,5100,6346.806632854164,1.656333995924797,31726.412582997,168.78392200735178
1787658488,2000,,Aggregated,90.100000,0.000000,10000,30000,30000,30000,31000,31000,32000,32000,32000,32000,32000,40623,60,5100,6410.766005287945,0.5523750005522743,31765.485292002268,3025.6311941510967
1787658489,2000,GET,/feed,67.200000,0.000000,10000,30000,30000,30000,31000,32000,32000,32000,32000,32000,32000,31288,46,5100,6459.453731974225,0.5523750005522743,31765.485292002268,3902.254410636666
1787658489,2000,POST,/follow,7.700000,0.000000,29000,30000,30000,31000,31000,32000,32000,32000,32000,32000,32000,3160,7,4900,6381.365048956293,1.8352499973843805,31759.31841700367,16.9623417721519
1787658489,2000,POST,/posts,12.700000,0.000000,30000,30000,30000,31000,32000,32000,32000,32000,32000,32000,32000,6276,8,5100,6399.458812244504,1.656333995924797,31726.412582997,168.78457616316126
1787658489,2000,,Aggregated,87.600000,0.000000,10000,30000,30000,30000,31000,32000,32000,32000,32000,32000,32000,40724,61,5100,6444.148546958974,0.5523750005522743,31765.485292002268,3025.405878597387
1787658490,2000,GET,/feed,63.800000,0.100000,10000,30000,30000,31000,32000,32000,32000,32000,32000,32000,32000,31354,46,5100,6490.246843394926,0.5523750005522743,31976.437624995015,3902.2665050711234
1787658490,2000,POST,/follow,7.100000,0.000000,30000,30000,31000,31000,32000,32000,32000,32000,32000,32000,32000,3162,7,4900,6390.684442136272,1.8352499973843805,31913.862875000632,16.962365591397848
1787658490,2000,POST,/posts,11.300000,0.000000,30000,30000,31000,31000,32000,32000,32000,32000,32000,32000,32000,6290,8,5100,6428.716791690064,1.656333995924797,31955.106667002838,168.78505564387916
1787658490,2000,,Aggregated,82.200000,0.100000,10000,30000,30000,31000,32000,32000,32000,32000,32000,32000,32000,40806,61,5100,6473.0474036555715,0.5523750005522743,31976.437624995015,3025.705950105377
1787658491,2000,GET,/feed,62.400000,0.100000,10000,30000,31000,31000,32000,32000,32000,32000,32000,32000,32000,31418,46,5100,6524.749504472421,0.5523750005522743,31983.892333002586,3902.2781844802344
1787658491,2000,POST,/follow,6.600000,0.000000,30000,31000,31000,31000,32000,32000,32000,32000,32000,32000,32000,3168,7,4900,6418.432052396747,1.8352499973843805,31913.862875000632,16.96243686868687
1787658491,2000,POST,/posts,11.000000,0.000000,30000,30000,32000,32000,32000,32000,32000,32000,32000,32000,32000,6302,8,5100,6456.598075343464,1.656333995924797,31959.481666999636,168.7854649317677
1787658491,2000,,Aggregated,80.000000,0.100000,10000,30000,31000,32000,32000,32000,32000,32000,32000,32000,32000,40888,61,5100,6506.007966746265,0.5523750005522743,31983.892333002586,3025.8070583056156
1787658492,2000,GET,/feed,62.600000,0.200000,11000,31000,32000,32000,32000,32000,32000,32000,32000,32000,32000,31491,46,5200,6557.623888121862,0.5523750005522743,31983.892333002586,3902.2914483503223
1787658492,2000,POST,/follow,6.600000,0.000000,30000,31000,32000,32000,32000,32000,32000,32000,32000,32000,32000,3178,7,4900,6457.965030047798,1.8352499973843805,31920.384124998236,16.962555066079297
1787658492,2000,POST,/posts,11.300000,0.000000,30000,31000,32000,32000,32000,32000,32000,32000,32000,32000,32000,6323,8,5100,6507.053182900283,1.656333995924797,31959.481666999636,168.7861774474142
1787658492,2000,,Aggregated,80.500000,0.200000,11000,31000,32000,32000,32000,32000,32000,32000,32000,32000,32000,40992,61,5100,6542.097092159818,0.5523750005522743,31983.892333002586,3025.1805718188916
1787658493,2000,GET,/feed,62.400000,0.200000,11000,31000,32000,32000,32000,32000,32000,32000,32000,32000,32000,31567,46,5200,6589.841043673381,0.5523750005522743,31983.892333002586,3902.305192131023
1787658493,2000,POST,/follow,5.900000,0.000000,30000,31000,32000,32000,32000,32000,32000,32000,32000,32000,32000,3185,7,4900,6500.1167576109565,1.8352499973843805,31920.384124998236,16.962637362637363
1787658493,2000,POST,/posts,11.700000,0.000000,10000,32000,32000,32000,32000,32000,32000,32000,32000,32000,32000,6339,8,5100,6530.314667616423,1.656333995924797,31959.481666999636,168.78671714781512
1787658493,2000,,Aggregated,80.000000,0.200000,10000,31000,32000,32000,32000,32000,32000,32000,32000,32000,32000,41091,61,5100,6573.703457609904,0.5523750005522743,31983.892333002586,3025.1888004672555
1787658494,2000,GET,/feed,62.800000,0.200000,11000,32000,32000,32000,32000,32000,32000,32000,32000,32000,32000,31643,46,5200,6623.690283503133,0.5523750005522743,31983.892333002586,3902.3188698922354
1787658494,2000,POST,/follow,6.100000,0.000000,30000,32000,32000,32000,32000,32000,32000,32000,32000,32000,32000,3190,7,4900,6512.591926055451,1.8352499973843805,31920.384124998236,16.96269592476489
1787658494,2000,POST,/posts,12.600000,0.000000,10000,32000,32000,32000,32000,32000,32000,32000,32000,32000,32000,6354,8,5100,6566.009260122052,1.656333995924797,31959.481666999636,168.78722064841045
1787658494,2000,,Aggregated,81.500000,0.200000,10000,32000,32000,32000,32000,32000,32000,32000,32000,32000,32000,41187,61,5100,6606.186969767673,0.5523750005522743,31983.892333002586,3025.412411683298
1787658495,2000,GET,/feed,61.900000,0.200000,11000,32000,32000,32000,32000,32000,32000,32000,32000,32000,32000,31717,46,5200,6658.973853090663,0.5523750005522743,31983.892333002586,3902.3321247280637
1787658495,2000,POST,/follow,5.900000,0.000000,31000,32000,32000,32000,32000,32000,32000,32000,32000,32000,32000,3200,7,5000,6557.449519060278,1.8352499973843805,31920.384124998236,16.9628125
1787658495,2000,POST,/posts,12.400000,0.000000,10000,32000,32000,32000,32000,32000,32000,32000,32000,32000,32000,6373,8,5100,6610.2999658753415,1.656333995924797,31959.481666999636,168.78785501333752
1787658495,2000,,Aggregated,80.200000,0.200000,11000,32000,32000,32000,32000,32000,32000,32000,32000,32000,32000,41290,61,5200,6643.592972680846,0.5523750005522743,31983.892333002586,3024.9511746185517
1787658496,2000,GET,/feed,62.200000,0.200000,31000,32000,32000,32000,32000,32000,32000,32000,32000,32000,32000,31790,46,5200,6694.82406392135,0.5523750005522743,31983.892333002586,3902.345139981126
1787658496,2000,POST,/follow,5.900000,0.000000,31000,32000,32000,32000,32000,32000,32000,32000,32000,32000,32000,3208,7,5000,6605.623117100652,1.8352499973843805,31920.384124998236,16.96290523690773
1787658496,2000,POST,/posts,12.000000,0.000000,31000,32000,32000,32000,32000,32000,32000,32000,32000,32000,32000,6387,8,5200,6647.660639342499,1.656333995924797,31959.481666999636,168.7883200250509
1787658496,2000,,Aggregated,80.100000,0.200000,31000,32000,32000,32000,32000,32000,32000,32000,32000,32000,32000,41385,61,5200,6680.630770936288,0.5523750005522743,31983.892333002586,3024.961217832548
1787658497,2000,GET,/feed,63.400000,0.200000,11000,32000,32000,32000,32000,32000,32000,32000,32000,32000,32000,31862,46,5200,6722.570924870524,0.5523750005522743,31983.892333002586,3902.357918523633
1787658497,2000,POST,/follow,6.000000,0.000000,31000,31000,32000,32000,32000,32000,32000,32000,32000,32000,32000,3218,7,5000,6648.46371989369,1.8352499973843805,31920.384124998236,16.963020509633314
1787658497,2000,POST,/posts,12.400000,0.000000,31000,32000,32000,32000,32000,32000,32000,32000,32000,32000,32000,6402,8,5200,6681.452202596148,1.656333995924797,31959.481666999636,168.78881599500156
1787658497,2000,,Aggregated,81.800000,0.200000,31000,32000,32000,32000,32000,32000,32000,32000,32000,32000,32000,41482,61,5200,6710.476063349464,0.5523750005522743,31983.892333002586,3024.73605419218
1787658498,2000,GET,/feed,65.500000,0.200000,31000,31000,32000,32000,32000,32000,32000,32000,32000,32000,32000,31940,46,5200,6764.721780231516,0.5523750005522743,31983.892333002586,3902.371696931747
1787658498,2000,POST,/follow,6.800000,0.000000,31000,31000,32000,32000,32000,32000,32000,32000,32000,32000,32000,3223,7,5000,6679.4983205838935,1.8352499973843805,31920.384124998236,16.963077877753644
1787658498,2000,POST,/posts,14.300000,0.000000,31000,31000,32000,32000,32000,32000,32000,32000,32000,32000,32000,6418,8,5200,6718.122086939938,1.656333995924797,31959.481666999636,168.78934247429106
1787658498,2000,,Aggregated,86.600000,0.200000,31000,31000,32000,32000,32000,32000,32000,32000,32000,32000,32000,41581,61,5200,6750.923361675201,0.5523750005522743,31983.892333002586,3024.932397008249
1787658499,2000,GET,/feed,67.700000,0.200000,31000,31000,32000,32000,32000,32000,32000,32000,32000,32000,32000,32017,46,5200,6788.215783861315,0.5523750005522743,31983.892333002586,3902.385232845051
1787658499,2000,POST,/follow,6.600000,0.000000,31000,31000,31000,32000,32000,32000,32000,32000,32000,32000,32000,3234,7,5000,6713.949844720131,1.8352499973843805,31920.384124998236,16.963203463203463
1787658499,2000,POST,/posts,14.400000,0.000000,31000,31000,31000,32000,32000,32000,32000,32000,32000,32000,32000,6433,8,5200,6740.082724613479,1.656333995924797,31959.481666999636,168.78983367013834
1787658499,2000,,Aggregated,88.700000,0.200000,31000,31000,32000,32000,32000,32000,32000,32000,32000,32000,32000,41684,61,5200,6775.02568652601,0.5523750005522743,31983.892333002586,3024.7421552634105
1787658500,2000,GET,/feed,71.400000,0.100000,31000,31000,31000,32000,32000,32000,32000,32000,32000,32000,32000,32092,46,5200,6821.668526289436,0.5523750005522743,31983.892333002586,3902.398354730151
1787658500,2000,POST,/follow,7.000000,0.000000,31000,31000,31000,31000,32000,32000,32000,32000,32000,32000,32000,3242,7,5000,6753.031869291148,1.8352499973843805,31920.384124998236,16.96329426280074
1787658500,2000,POST,/posts,15.600000,0.000000,10000,31000,31000,31000,32000,32000,32000,32000,32000,32000,32000,6447,8,5200,6764.8394659112,1.656333995924797,31959.481666999636,168.79029005739105
1787658500,2000,,Aggregated,94.000000,0.100000,31000,31000,31000,32000,32000,32000,32000,32000,32000,32000,32000,41781,61,5200,6807.573674700256,0.5523750005522743,31983.892333002586,3024.794858907159
1787658501,2000,GET,/feed,72.600000,0.100000,31000,31000,31000,31000,32000,32000,32000,32000,32000,32000,32000,32163,46,5200,6851.7705293418985,0.5523750005522743,31983.892333002586,3902.410720392998
1787658501,2000,POST,/follow,7.200000,0.000000,31000,31000,31000,31000,32000,32000,32000,32000,32000,32000,32000,3253,7,5000,6800.070135898215,1.8352499973843805,31920.384124998236,16.963418383031048
1787658501,2000,POST,/posts,15.600000,0.000000,31000,31000,31000,31000,32000,32000,32000,32000,32000,32000,32000,6457,8,5200,6795.204000409707,1.656333995924797,31959.481666999636,168.79061483661144
1787658501,2000,,Aggregated,95.400000,0.100000,31000,31000,31000,31000,32000,32000,32000,32000,32000,32000,32000,41873,61,5200,6839.031259234956,0.5523750005522743,31983.892333002586,3024.8202660425573
1787658502,2000,GET,/feed,73.200000,0.000000,31000,31000,31000,31000,32000,32000,32000,32000,32000,32000,32000,32238,46,5200,6885.4484795574,0.5523750005522743,31983.892333002586,3902.4237235560518
1787658502,2000,POST,/follow,7.800000,0.000000,31000,31000,31000,31000,31000,32000,32000,32000,32000,32000,32000,3260,7,5000,6824.18258122205,1.8352499973843805,31920.384124998236,16.963496932515337
1787658502,2000,POST,/posts,15.700000,0.000000,10000,31000,31000,31000,31000,32000,32000,32000,32000,32000,32000,6476,8,5200,6824.2304247062175,1.656333995924797,31959.481666999636,168.79122915379864
1787658502,2000,,Aggregated,96.700000,0.000000,31000,31000,31000,31000,32000,32000,32000,32000,32000,32000,32000,41974,61,5200,6871.245045245921,0.5523750005522743,31983.892333002586,3024.6040167722877
1787658503,2000,GET,/feed,73.400000,0.000000,31000,31000,31000,31000,31000,32000,32000,32000,32000,32000,32000,32313,46,5200,6915.463019684135,0.5523750005522743,31983.892333002586,3902.4366663571936
1787658503,2000,POST,/follow,8.500000,0.000000,31000,31000,31000,31000,31000,31000,32000,32000,32000,32000,32000,3262,7,5000,6825.2095907522635,1.8352499973843805,31920.384124998236,16.963519313304722
1787658503,2000,POST,/posts,15.600000,0.000000,10000,31000,31000,31000,31000,31000,32000,32000,32000,32000,32000,6492,8,5200,6849.016115344032,1.656333995924797,31959.481666999636,168.79174368453482
1787658503,2000,,Aggregated,97.500000,0.000000,31000,31000,31000,31000,31000,32000,32000,32000,32000,32000,32000,42067,61,5200,6898.210066344168,0.5523750005522743,31983.892333002586,3024.9498894620488
1787658504,2000,GET,/feed,74.200000,0.000000,31000,31000,31000,31000,31000,31000,31000,31000,32000,32000,32000,32389,46,5200,6940.979254906927,0.5523750005522743,31983.892333002586,3902.449720584149
1787658504,2000,POST,/follow,8.000000,0.000000,31000,31000,31000,31000,31000,31000,31000,31000,31000,31000,31000,3275,7,5000,6885.881894806383,1.8352499973843805,31920.384124998236,16.963664122137406
1787658504,2000,POST,/posts,14.900000,0.000000,10000,31000,31000,31000,31000,31000,31000,31000,31000,31000,31000,6505,8,5200,6879.415244219594,1.656333995924797,31959.481666999636,168.79215987701767
1787658504,2000,,Aggregated,97.100000,0.000000,31000,31000,31000,31000,31000,31000,31000,31000,32000,32000,32000,42169,61,5200,6927.203311824312,0.5523750005522743,31983.892333002586,3024.7336431976096
1787658505,2000,GET,/feed,74.300000,0.000000,30000,31000,31000,31000,31000,31000,31000,31000,31000,31000,31000,32458,46,5300,6966.586034990649,0.5523750005522743,31983.892333002586,3902.4615195021256
1787658505,2000,POST,/follow,7.900000,0.000000,30000,31000,31000,31000,31000,31000,31000,31000,31000,31000,31000,3284,7,5000,6923.610709028593,1.8352499973843805,31920.384124998236,16.96376370280146
1787658505,2000,POST,/posts,15.000000,0.000000,10000,31000,31000,31000,31000,31000,31000,31000,31000,31000,31000,6519,8,5200,6906.368173266064,1.656333995924797,31959.481666999636,168.79260622794908
1787658505,2000,,Aggregated,97.200000,0.000000,30000,31000,31000,31000,31000,31000,31000,31000,31000,31000,31000,42261,61,5200,6953.957578232827,0.5523750005522743,31983.892333002586,3024.589195712359
1787658506,2000,GET,/feed,74.400000,0.000000,30000,31000,31000,31000,31000,31000,31000,31000,31000,31000,31000,32524,46,5300,6995.468785100402,0.5523750005522743,31983.892333002586,3902.4727585782807
1787658506,2000,POST,/follow,8.200000,0.000000,30000,31000,31000,31000,31000,31000,31000,31000,31000,31000,31000,3290,7,5100,6953.339635331887,1.8352499973843805,31920.384124998236,16.963829787234044
1787658506,2000,POST,/posts,15.400000,0.000000,30000,31000,31000,31000,31000,31000,31000,31000,31000,31000,31000,6537,8,5200,6951.095836695958,1.656333995924797,31959.481666999636,168.79317729845494
1787658506,2000,,Aggregated,98.000000,0.000000,30000,31000,31000,31000,31000,31000,31000,31000,31000,31000,31000,42351,61,5200,6985.346925723804,0.5523750005522743,31983.892333002586,3024.3261316143657
1787658507,2000,GET,/feed,73.800000,0.000000,30000,31000,31000,31000,31000,31000,31000,31000,31000,31000,31000,32577,46,5300,7016.440017152298,0.5523750005522743,31983.892333002586,3902.4817509285695
1787658507,2000,POST,/follow,8.400000,0.000000,30000,31000,31000,31000,31000,31000,31000,31000,31000,31000,31000,3295,7,5100,6962.732322025467,1.8352499973843805,31920.384124998236,16.963884673748105
1787658507,2000,POST,/posts,15.500000,0.000000,9000,31000,31000,31000,31000,31000,31000,31000,31000,31000,31000,6544,8,5200,6953.102707038124,1.656333995924797,31959.481666999636,168.79339853300735
1787658507,2000,,Aggregated,97.700000,0.000000,30000,31000,31000,31000,31000,31000,31000,31000,31000,31000,31000,42416,61,5300,7002.496075884145,0.5523750005522743,31983.892333002586,3024.60458317616
1787658508,2000,GET,/feed,73.800000,0.000000,30000,31000,31000,31000,31000,31000,31000,31000,31000,31000,31000,32630,46,5300,7037.211369818709,0.5523750005522743,31983.892333002586,3902.4907140668097
1787658508,2000,POST,/follow,8.200000,0.000000,30000,31000,31000,31000,31000,31000,31000,31000,31000,31000,31000,3299,7,5100,6978.382360762932,1.8352499973843805,31920.384124998236,16.963928463170657
1787658508,2000,POST,/posts,14.600000,0.000000,9000,31000,31000,31000,31000,31000,31000,31000,31000,31000,31000,6555,8,5200,6966.583365112963,1.656333995924797,31959.481666999636,168.79374523264684
1787658508,2000,,Aggregated,96.600000,0.000000,30000,31000,31000,31000,31000,31000,31000,31000,31000,31000,31000,42484,61,5300,7021.745701055852,0.5523750005522743,31983.892333002586,3024.6840928349498
1787658509,2000,GET,/feed,72.000000,0.000000,30000,31000,31000,31000,31000,31000,31000,31000,31000,31000,31000,32693,46,5300,7059.231087135701,0.5523750005522743,31983.892333002586,3902.5013305600587
1787658509,2000,POST,/follow,7.900000,0.000000,30000,31000,31000,31000,31000,31000,31000,31000,31000,31000,31000,3300,7,5100,6985.75041129755,1.8352499973843805,31920.384124998236,16.963939393939395
1787658509,2000,POST,/posts,14.800000,0.000000,9200,31000,31000,31000,31000,31000,31000,31000,31000,31000,31000,6565,8,5200,6983.543343130005,1.656333995924797,31959.481666999636,168.7940594059406
1787658509,2000,,Aggregated,94.700000,0.000000,30000,31000,31000,31000,31000,31000,31000,31000,31000,31000,31000,42558,61,5300,7041.85770799045,0.5523750005522743,31983.892333002586,3025.2500117486725
1787658510,2000,GET,/feed,70.100000,0.000000,9700,31000,31000,31000,31000,31000,31000,31000,32000,32000,32000,32758,46,5300,7085.572107076178,0.5523750005522743,31983.892333002586,3902.5122412845717
1787658510,2000,POST,/follow,7.800000,0.000000,30000,31000,31000,31000,31000,31000,31000,32000,32000,32000,32000,3313,7,5100,7035.459282796835,1.8352499973843805,31920.384124998236,16.964080893450046
1787658510,2000,POST,/posts,14.500000,0.000000,9300,30000,31000,31000,31000,31000,31000,31000,31000,31000,31000,6570,8,5200,6992.164366372219,1.656333995924797,31959.481666999636,168.79421613394217
1787658510,2000,,Aggregated,92.400000,0.000000,9600,31000,31000,31000,31000,31000,31000,31000,32000,32000,32000,42641,61,5300,7067.286592119618,0.5523750005522743,31983.892333002586,3025.3435895030602
1787658511,2000,GET,/feed,68.000000,0.000000,10000,31000,31000,31000,31000,31000,32000,32000,32000,32000,32000,32795,46,5300,7102.18987019294,0.5523750005522743,32197.967084000993,3902.51843268791
1787658511,2000,POST,/follow,7.200000,0.000000,10000,31000,31000,31000,31000,31000,32000,32000,32000,32000,32000,3316,7,5100,7044.750022928502,1.8352499973843805,32130.290457993397,16.964113389626057
1787658511,2000,POST,/posts,14.000000,0.000000,9700,30000,31000,31000,31000,31000,32000,32000,32000,32000,32000,6582,8,5200,7010.852344351789,1.656333995924797,32178.253166996,168.79459130963232
1787658511,2000,,Aggregated,89.200000,0.000000,10000,31000,31000,31000,31000,31000,32000,32000,32000,32000,32000,42693,61,5300,7083.646921029944,0.5523750005522743,32197.967084000993,3025.0943011734944
1787658512,2000,GET,/feed,66.700000,0.000000,10000,31000,31000,31000,31000,32000,32000,32000,32000,32000,32000,32865,46,5300,7130.266087511193,0.5523750005522743,32282.315124997695,3902.5301080176478
1787658512,2000,POST,/follow,6.600000,0.000000,30000,31000,31000,31000,32000,32000,32000,32000,32000,32000,32000,3323,7,5100,7084.326315048724,1.8352499973843805,32229.620582998905,16.964188985856154
1787658512,2000,POST,/posts,12.600000,0.000000,10000,30000,31000,31000,32000,32000,32000,32000,32000,32000,32000,6596,8,5300,7044.259257394858,1.656333995924797,32228.64658400067,168.79502728926622
1787658512,2000,,Aggregated,85.900000,0.000000,10000,31000,31000,31000,31000,32000,32000,32000,32000,32000,32000,42784,61,5300,7113.43832677492,0.5523750005522743,32282.315124997695,3025.1120979805537
1787658513,2000,GET,/feed,65.700000,0.000000,10000,31000,31000,31000,32000,32000,32000,32000,32000,32000,32000,32915,46,5300,7151.188945576132,0.5523750005522743,32413.974957999017,3902.5384171350447
1787658513,2000,POST,/follow,6.500000,0.000000,30000,31000,31000,31000,32000,32000,32000,32000,32000,32000,32000,3324,7,5100,7091.914621311946,1.8352499973843805,32307.85633400228,16.964199759326114
1787658513,2000,POST,/posts,12.400000,0.000000,30000,31000,31000,32000,32000,32000,32000,32000,32000,32000,32000,6609,8,5300,7083.845657453393,1.656333995924797,32336.643250004272,168.7954304735966
1787658513,2000,,Aggregated,84.600000,0.000000,10000,31000,31000,31000,32000,32000,32000,32000,32000,32000,32000,42848,61,5300,7136.203423613428,0.5523750005522743,32413.974957999017,3025.2056105302463
1787658514,2025,GET,/feed,62.400000,0.000000,30000,31000,31000,32000,32000,33000,33000,33000,33000,33000,33000,32991,46,5300,7187.009026869065,0.5523750005522743,32645.57395799784,3902.550998757237
1787658514,2025,POST,/follow,6.300000,0.000000,30000,31000,31000,31000,32000,32000,32000,33000,33000,33000,33000,3328,7,5100,7109.252397358442,1.8352499973843805,32514.728541995282,16.96424278846154
1787658514,2025,POST,/posts,11.800000,0.000000,11000,31000,32000,32000,32000,32000,33000,33000,33000,33000,33000,6619,8,5300,7105.708263771338,1.656333995924797,32617.14620800194,168.79573953769452
1787658514,2025,,Aggregated,80.500000,0.000000,30000,31000,31000,32000,32000,32000,33000,33000,33000,33000,33000,42938,61,5300,7168.449619957808,0.5523750005522743,32645.57395799784,3025.8227211327962
1787658515,2050,GET,/feed,61.400000,0.000000,11000,31000,32000,32000,32000,33000,33000,33000,33000,33000,33000,33066,47,5400,7217.70729667248,0.5523750005522743,32645.57395799784,3902.4451702655297
1787658515,2050,POST,/follow,6.300000,0.000000,11000,31000,31000,32000,32000,32000,33000,33000,33000,33000,33000,3335,7,5200,7123.29742036219,1.8352499973843805,32542.533291001746,16.96431784107946
1787658515,2050,POST,/posts,12.200000,0.000000,11000,31000,32000,32000,32000,32000,33000,33000,33000,33000,33000,6629,8,5300,7130.7887241957305,1.656333995924797,32617.14620800194,168.79604766933173
1787658515,2050,,Aggregated,79.900000,0.000000,11000,31000,32000,32000,32000,33000,33000,33000,33000,33000,33000,43030,62,5300,7196.999879650785,0.5523750005522743,32645.57395799784,3026.1161282825938
1787658516,2075,GET,/feed,59.400000,0.000000,11000,31000,32000,32000,33000,33000,33000,33000,33000,33000,33000,33140,47,5400,7249.88544051189,0.5523750005522743,32654.442749997543,3902.457573928787
1787658516,2075,POST,/follow,5.600000,0.000000,11000,31000,32000,32000,32000,32000,33000,33000,33000,33000,33000,3339,7,5200,7134.122900815783,1.8352499973843805,32542.533291001746,16.964360587002098
1787658516,2075,POST,/posts,11.200000,0.000000,31000,32000,32000,32000,32000,33000,33000,33000,33000,33000,33000,6639,8,5300,7162.359916068308,1.656333995924797,32617.14620800194,168.7963548727218
1787658516,2075,,Aggregated,76.200000,0.000000,11000,31000,32000,32000,32000,33000,33000,33000,33000,33000,33000,43118,62,5300,7227.444393227085,0.5523750005522743,32654.442749997543,3026.6878565796187
1787658517,2100,GET,/feed,60.100000,0.000000,11000,32000,32000,32000,33000,33000,33000,33000,33000,33000,33000,33219,47,5400,7284.985240845449,0.5523750005522743,32654.442749997543,3902.470754688582
1787658517,2100,POST,/follow,5.300000,0.000000,11000,31000,32000,32000,32000,32000,33000,33000,33000,33000,33000,3348,7,5200,7169.722595626311,1.8352499973843805,32542.533291001746,16.964456391875746
1787658517,2100,POST,/posts,10.800000,0.000000,31000,32000,32000,32000,32000,33000,33000,33000,33000,33000,33000,6649,8,5300,7177.578750160551,1.656333995924797,32617.14620800194,168.79666115205293
1787658517,2100,,Aggregated,76.200000,0.000000,11000,32000,32000,32000,32000,33000,33000,33000,33000,33000,33000,43216,62,5300,7259.530661690563,0.5523750005522743,32654.442749997543,3027.010875601629
1787658518,2125,GET,/feed,60.200000,0.100000,11000,32000,32000,32000,33000,33000,33000,33000,33000,33000,33000,33282,47,5400,7311.917087128628,0.5523750005522743,32728.54237499996,3902.481221080464
1787658518,2125,POST,/follow,5.000000,0.000000,11000,32000,32000,32000,32000,32000,33000,33000,33000,33000,33000,3353,7,5200,7194.475904522786,1.8352499973843805,32542.533291001746,16.964509394572026
1787658518,2125,POST,/posts,10.300000,0.000000,32000,32000,32000,32000,32000,33000,33000,33000,33000,33000,33000,6661,8,5300,7206.986029115818,1.656333995924797,32704.155249994074,168.79702747335236
1787658518,2125,,Aggregated,75.500000,0.100000,11000,32000,32000,32000,33000,33000,33000,33000,33000,33000,33000,43296,62,5400,7286.6785878977435,0.5523750005522743,32728.54237499996,3027.153062638581
1787658519,2150,GET,/feed,62.300000,0.100000,11000,32000,32000,32000,33000,33000,33000,33000,33000,33000,33000,33353,48,5400,7340.837726902945,0.5523750005522743,32878.50058299955,3902.3757982790153
1787658519,2150,POST,/follow,5.000000,0.000000,11000,32000,32000,32000,32000,33000,33000,33000,33000,33000,33000,3359,7,5200,7214.08062120122,1.8352499973843805,32682.092332994216,16.96457278952069
1787658519,2150,POST,/posts,10.200000,0.000000,32000,32000,32000,32000,33000,33000,33000,33000,33000,33000,33000,6675,8,5300,7227.850546476775,1.656333995924797,32867.24695900193,168.7974531835206
1787658519,2150,,Aggregated,77.500000,0.100000,11000,32000,32000,32000,33000,33000,33000,33000,33000,33000,33000,43387,63,5400,7313.641411246271,0.5523750005522743,32878.50058299955,3027.165902228778
1787658520,2175,GET,/feed,64.200000,0.100000,32000,32000,32000,33000,33000,33000,33000,33000,33000,33000,33000,33410,48,5400,7366.709781907121,0.5523750005522743,33224.51995900337,3902.3853935947322
1787658520,2175,POST,/follow,5.200000,0.000000,11000,32000,32000,32000,33000,33000,33000,33000,33000,33000,33000,3367,7,5200,7248.762719158865,1.8352499973843805,33070.76587499614,16.964656964656964
1787658520,2175,POST,/posts,9.900000,0.000000,32000,32000,32000,32000,33000,33000,33000,33000,33000,33000,33000,6682,8,5300,7241.555177726198,1.656333995924797,33100.40633400058,168.7976653696498
1787658520,2175,,Aggregated,79.300000,0.100000,11000,32000,32000,33000,33000,33000,33000,33000,33000,33000,33000,43459,63,5400,7338.32876013005,0.5523750005522743,33224.51995900337,3027.3067028693713
1787658521,2200,GET,/feed,64.800000,0.100000,11000,32000,33000,33000,33000,33000,33000,33000,33000,33000,33000,33486,48,5400,7394.43101049731,0.5523750005522743,33224.51995900337,3902.3981365346713
1787658521,2200,POST,/follow,5.600000,0.000000,11000,32000,32000,33000,33000,33000,33000,33000,33000,33000,33000,3376,7,5200,7290.278491468279,1.8352499973843805,33070.76587499614,16.964751184834125
1787658521,2200,POST,/posts,10.200000,0.000000,32000,32000,32000,33000,33000,33000,33000,33000,33000,33000,33000,6697,8,5300,7275.3117523118535,1.656333995924797,33100.40633400058,168.7981185605495
1787658521,2200,,Aggregated,80.600000,0.100000,11000,32000,33000,33000,33000,33000,33000,33000,33000,33000,33000,43559,63,5400,7368.04471658998,0.5523750005522743,33224.51995900337,3027.2370348263275
1787658522,2225,GET,/feed,64.900000,0.200000,11000,32000,33000,33000,33000,33000,33000,33000,33000,33000,33000,33547,48,5400,7420.9347377091235,0.5523750005522743,33224.51995900337,3902.408322651802
1787658522,2225,POST,/follow,5.800000,0.000000,11000,32000,33000,33000,33000,33000,33000,33000,33000,33000,33000,3387,7,5200,7332.805535278688,1.8352499973843805,33070.76587499614,16.964865662828462
1787658522,2225,POST,/posts,10.900000,0.000000,32000,32000,33000,33000,33000,33000,33000,33000,33000,33000,33000,6710,8,5300,7307.629094892915,1.656333995924797,33100.40633400058,168.79850968703428
1787658522,2225,,Aggregated,81.600000,0.200000,11000,32000,33000,33000,33000,33000,33000,33000,33000,33000,33000,43644,63,5400,7396.675401444624,0.5523750005522743,33224.51995900337,3026.8579873522135
1787658523,2250,GET,/feed,65.800000,0.200000,11000,32000,33000,33000,33000,33000,33000,33000,33000,33000,33000,33598,48,5400,7436.747722508572,0.5523750005522743,33224.51995900337,3902.416810524436
1787658523,2250,POST,/follow,5.400000,0.000000,11000,32000,33000,33000,33000,33000,33000,33000,33000,33000,33000,3390,7,5200,7341.631362730357,1.8352499973843805,33070.76587499614,16.964896755162243
1787658523,2250,POST,/posts,10.800000,0.000000,11000,32000,33000,33000,33000,33000,33000,33000,33000,33000,33000,6722,8,5300,7325.653432284061,1.656333995924797,33100.40633400058,168.79886938411187
1787658523,2250,,Aggregated,82.000000,0.200000,11000,32000,33000,33000,33000,33000,33000,33000,33000,33000,33000,43710,63,5400,7412.286036886594,0.5523750005522743,33224.51995900337,3026.8949210706933
1787658524,2275,GET,/feed,68.500000,0.200000,11000,32000,33000,33000,33000,33000,33000,33000,33000,33000,33000,33667,48,5400,7464.202828959782,0.5523750005522743,33224.51995900337,3902.428253185612
1787658524,2275,POST,/follow,6.500000,0.000000,11000,32000,33000,33000,33000,33000,33000,33000,33000,33000,33000,3396,7,5200,7366.297774817699,1.8352499973843805,33070.76587499614,16.964958775029448
1787658524,2275,POST,/posts,11.500000,0.000000,32000,32000,33000,33000,33000,33000,33000,33000,33000,33000,33000,6738,8,5400,7362.172455238268,1.656333995924797,33100.40633400058,168.79934698723656
1787658524,2275,,Aggregated,86.500000,0.200000,11000,32000,33000,33000,33000,33000,33000,33000,33000,33000,33000,43801,63,5400,7440.916460566333,0.5523750005522743,33224.51995900337,3026.8266706239583
1787658525,2300,GET,/feed,68.500000,0.200000,11000,32000,33000,33000,33000,33000,33000,33000,33000,33000,33000,33742,48,5400,7492.889066423357,0.5523750005522743,33224.51995900337,3902.4406377808073
1787658525,2300,POST,/follow,6.400000,0.000000,11000,32000,33000,33000,33000,33000,33000,33000,33000,33000,33000,3409,7,5300,7422.027561158662,1.8352499973843805,33070.76587499614,16.965092402464066
1787658525,2300,POST,/posts,11.000000,0.000000,11000,32000,33000,33000,33000,33000,33000,33000,33000,33000,33000,6757,8,5400,7399.072637083688,1.656333995924797,33100.40633400058,168.79991120319667
1787658525,2300,,Aggregated,85.900000,0.200000,11000,32000,33000,33000,33000,33000,33000,33000,33000,33000,33000,43908,63,5400,7472.950001002595,0.5523750005522743,33224.51995900337,3026.204040266011
1787658526,2325,GET,/feed,68.300000,0.200000,11000,32000,33000,33000,33000,33000,33000,33000,33000,33000,33000,33815,48,5500,7524.500485629124,0.5523750005522743,33224.51995900337,3902.45263936123
1787658526,2325,POST,/follow,6.600000,0.000000,11000,32000,33000,33000,33000,33000,33000,33000,33000,33000,33000,3419,7,5300,7461.790144434889,1.8352499973843805,33070.76587499614,16.965194501316173
1787658526,2325,POST,/posts,11.700000,0.000000,11000,32000,33000,33000,33000,33000,33000,33000,33000,33000,33000,6776,8,5400,7438.980425899868,1.656333995924797,33100.40633400058,168.80047225501772
1787658526,2325,,Aggregated,86.600000,0.200000,11000,32000,33000,33000,33000,33000,33000,33000,33000,33000,33000,44010,63,5400,7506.461617615767,0.5523750005522743,33224.51995900337,3025.7494205862304
1787658527,2350,GET,/feed,66.900000,0.200000,11000,32000,33000,33000,33000,33000,33000,33000,33000,33000,33000,33894,49,5500,7556.991272359321,0.5523750005522743,33224.51995900337,3902.3502684840973
1787658527,2350,POST,/follow,7.000000,0.000000,11000,32000,33000,33000,33000,33000,33000,33000,33000,33000,33000,3431,7,5300,7508.533900220024,1.8352499973843805,33070.76587499614,16.965316234334015
1787658527,2350,POST,/posts,11.900000,0.000000,11000,32000,32000,33000,33000,33000,33000,33000,33000,33000,33000,6791,8,5400,7460.189443850762,1.656333995924797,33100.40633400058,168.80091297305256
1787658527,2350,,Aggregated,85.800000,0.200000,11000,32000,33000,33000,33000,33000,33000,33000,33000,33000,33000,44116,64,5400,7538.321436898019,0.5523750005522743,33224.51995900337,3025.450970169553
1787658528,2375,GET,/feed,67.000000,0.100000,11000,32000,32000,33000,33000,33000,33000,33000,33000,33000,33000,33961,49,5500,7583.300769852828,0.5523750005522743,33224.51995900337,3902.3614145637644
1787658528,2375,POST,/follow,7.700000,0.000000,32000,32000,33000,33000,33000,33000,33000,33000,33000,33000,33000,3437,7,5300,7538.23151829005,1.8352499973843805,33070.76587499614,16.965376782077392
1787658528,2375,POST,/posts,13.200000,0.000000,11000,32000,32000,32000,33000,33000,33000,33000,33000,33000,33000,6816,8,5400,7517.172582065363,1.656333995924797,33100.40633400058,168.80164319248826
1787658528,2375,,Aggregated,87.900000,0.100000,11000,32000,32000,33000,33000,33000,33000,33000,33000,33000,33000,44214,64,5500,7569.603010193444,0.5523750005522743,33224.51995900337,3024.7649613244675
1787658529,2400,GET,/feed,66.700000,0.100000,11000,32000,32000,32000,33000,33000,33000,33000,33000,33000,33000,34039,49,5500,7615.162288016774,0.5523750005522743,33224.51995900337,3902.374335321249
1787658529,2400,POST,/follow,7.800000,0.000000,32000,32000,32000,33000,33000,33000,33000,33000,33000,33000,33000,3441,7,5300,7553.434753944175,1.8352499973843805,33070.76587499614,16.96541702993316
1787658529,2400,POST,/posts,13.800000,0.000000,32000,32000,32000,32000,33000,33000,33000,33000,33000,33000,33000,6833,8,5400,7554.63906723292,1.656333995924797,33100.40633400058,168.80213668959462
1787658529,2400,,Aggregated,88.300000,0.100000,11000,32000,32000,32000,33000,33000,33000,33000,33000,33000,33000,44313,64,5500,7601.03641948249,0.5523750005522743,33224.51995900337,3024.95256471013
1787658530,2425,GET,/feed,67.200000,0.200000,11000,32000,32000,32000,33000,33000,33000,33000,33000,33000,33000,34113,49,5500,7644.540986441268,0.5523750005522743,33224.51995900337,3902.3865388561544
1787658530,2425,POST,/follow,8.300000,0.000000,32000,32000,32000,32000,33000,33000,33000,33000,33000,33000,33000,3450,7,5300,7603.8642791266375,1.8352499973843805,33070.76587499614,16.965507246376813
1787658530,2425,POST,/posts,14.900000,0.000000,32000,32000,32000,32000,33000,33000,33000,33000,33000,33000,33000,6843,8,5400,7583.6191203518265,1.656333995924797,33100.40633400058,168.80242583662135
1787658530,2425,,Aggregated,90.400000,0.200000,32000,32000,32000,32000,33000,33000,33000,33000,33000,33000,33000,44406,64,5500,7631.992615277792,0.5523750005522743,33224.51995900337,3025.171328198892
1787658531,2450,GET,/feed,67.900000,0.200000,32000,32000,32000,32000,32000,33000,33000,33000,33000,33000,33000,34187,49,5500,7670.195915060838,0.5523750005522743,33224.51995900337,3902.3986895603593
1787658531,2450,POST,/follow,8.300000,0.000000,32000,32000,32000,32000,33000,33000,33000,33000,33000,33000,33000,3459,7,5400,7647.250704799621,1.8352499973843805,33070.76587499614,16.96559699335068
1787658531,2450,POST,/posts,15.500000,0.000000,32000,32000,32000,32000,32000,33000,33000,33000,33000,33000,33000,6861,8,5400,7613.89462952843,1.656333995924797,33100.40633400058,168.80294417723363
1787658531,2450,,Aggregated,91.700000,0.200000,32000,32000,32000,32000,32000,33000,33000,33000,33000,33000,33000,44507,64,5500,7659.733502354275,0.5523750005522743,33224.51995900337,3024.875749882041
1787658532,2475,GET,/feed,68.900000,0.100000,32000,32000,32000,32000,32000,33000,33000,33000,33000,33000,33000,34258,49,5500,7700.855199272659,0.5523750005522743,33224.51995900337,3902.410298324479
1787658532,2475,POST,/follow,7.900000,0.000000,32000,32000,32000,32000,32000,33000,33000,33000,33000,33000,33000,3465,7,5400,7669.215445305886,1.8352499973843805,33070.76587499614,16.965656565656566
1787658532,2475,POST,/posts,15.800000,0.000000,32000,32000,32000,32000,32000,33000,33000,33000,33000,33000,33000,6870,8,5500,7632.180751665873,1.656333995924797,33100.40633400058,168.80320232896653
1787658532,2475,,Aggregated,92.600000,0.100000,32000,32000,32000,32000,32000,33000,33000,33000,33000,33000,33000,44593,64,5500,7687.8167133543975,0.5523750005522743,33224.51995900337,3025.300742268966
1787658533,2500,GET,/feed,69.600000,0.100000,32000,32000,32000,32000,32000,33000,33000,33000,33000,33000,33000,34331,50,5500,7727.8645981029285,0.5523750005522743,33224.51995900337,3902.308351052984
1787658533,2500,POST,/follow,8.300000,0.000000,32000,32000,32000,32000,32000,33000,33000,33000,33000,33000,33000,3468,7,5400,7683.499470716231,1.8352499973843805,33070.76587499614,16.965686274509803
1787658533,2500,POST,/posts,16.200000,0.000000,32000,32000,32000,32000,32000,33000,33000,33000,33000,33000,33000,6879,8,5500,7647.160001554957,1.656333995924797,33100.40633400058,168.80345980520426
1787658533,2500,,Aggregated,94.100000,0.100000,32000,32000,32000,32000,32000,33000,33000,33000,33000,33000,33000,44678,65,5500,7711.994926644264,0.5523750005522743,33224.51995900337,3025.878150320068
1787658534,2525,GET,/feed,69.700000,0.100000,32000,32000,32000,32000,32000,32000,33000,33000,33000,33000,33000,34405,50,5600,7758.832269919944,0.5523750005522743,33224.51995900337,3902.320592937073
1787658534,2525,POST,/follow,7.900000,0.000000,32000,32000,32000,32000,32000,32000,33000,33000,33000,33000,33000,3477,7,5400,7712.567520056624,1.8352499973843805,33070.76587499614,16.965775093471382
1787658534,2525,POST,/posts,16.100000,0.000000,32000,32000,32000,32000,32000,32000,32000,33000,33000,33000,33000,6897,8,5500,7680.001056309057,1.656333995924797,33100.40633400058,168.8039727417718
1787658534,2525,,Aggregated,93.700000,0.100000,32000,32000,32000,32000,32000,32000,33000,33000,33000,33000,33000,44779,65,5500,7743.098077205753,0.5523750005522743,33224.51995900337,3025.582773174926
1787658535,2550,GET,/feed,70.800000,0.100000,32000,32000,32000,32000,32000,32000,32000,33000,33000,33000,33000,34483,50,5600,7784.811715673048,0.5523750005522743,33224.51995900337,3902.3334396659225
1787658535,2550,POST,/follow,7.900000,0.000000,32000,32000,32000,32000,32000,32000,33000,33000,33000,33000,33000,3488,7,5400,7741.700759123252,1.8352499973843805,33070.76587499614,16.965883027522935
1787658535,2550,POST,/posts,15.800000,0.000000,32000,32000,32000,32000,32000,32000,32000,33000,33000,33000,33000,6913,8,5500,7718.859034082828,1.656333995924797,33100.40633400058,168.8044264429336
1787658535,2550,,Aggregated,94.500000,0.100000,32000,32000,32000,32000,32000,32000,32000,33000,33000,33000,33000,44884,65,5500,7771.303518892931,0.5523750005522743,33224.51995900337,3025.360618483201
1787658536,2575,GET,/feed,72.500000,0.200000,32000,32000,32000,32000,32000,32000,32000,32000,32000,32000,32000,34555,50,5600,7813.359328600919,0.5523750005522743,33224.51995900337,3902.3452467081465
1787658536,2575,POST,/follow,7.700000,0.000000,32000,32000,32000,32000,32000,32000,32000,32000,32000,32000,32000,3493,7,5400,7749.501357091873,1.8352499973843805,33070.76587499614,16.965931863727455
1787658536,2575,POST,/posts,15.300000,0.000000,32000,32000,32000,32000,32000,32000,32000,32000,32000,32000,32000,6927,8,5500,7740.711973459878,1.656333995924797,33100.40633400058,168.8048217121409
1787658536,2575,,Aggregated,95.500000,0.200000,32000,32000,32000,32000,32000,32000,32000,32000,32000,32000,32000,44975,65,5600,7797.210709956272,0.5523750005522743,33224.51995900337,3025.550038910506
1787658537,2600,GET,/feed,73.500000,0.200000,32000,32000,32000,32000,32000,32000,32000,32000,32000,32000,32000,34624,50,5600,7836.419728386121,0.5523750005522743,33224.51995900337,3902.356515711645
1787658537,2600,POST,/follow,7.800000,0.000000,9200,32000,32000,32000,32000,32000,32000,32000,32000,32000,32000,3499,7,5400,7757.637599596425,1.8352499973843805,33070.76587499614,16.965990282937984
1787658537,2600,POST,/posts,15.900000,0.000000,32000,32000,32000,32000,32000,32000,32000,32000,32000,32000,32000,6942,8,5500,7769.329447083633,1.656333995924797,33100.40633400058,168.8052434456929
1787658537,2600,,Aggregated,97.200000,0.200000,32000,32000,32000,32000,32000,32000,32000,32000,32000,32000,32000,45065,65,5600,7819.967949812126,0.5523750005522743,33224.51995900337,3025.5498058360145
1787658538,2625,GET,/feed,73.700000,0.200000,32000,32000,32000,32000,32000,32000,32000,32000,32000,32000,32000,34689,50,5600,7860.946238887404,0.5523750005522743,33224.51995900337,3902.3670904321257
1787658538,2625,POST,/follow,7.700000,0.000000,32000,32000,32000,32000,32000,32000,32000,32000,32000,32000,32000,3508,7,5400,7793.302464447233,1.8352499973843805,33070.76587499614,16.96607753705815
1787658538,2625,POST,/posts,15.400000,0.000000,32000,32000,32000,32000,32000,32000,32000,32000,32000,32000,32000,6954,8,5500,7794.443574559762,1.656333995924797,33100.40633400058,168.80557952257692
1787658538,2625,,Aggregated,96.800000,0.200000,32000,32000,32000,32000,32000,32000,32000,32000,32000,32000,32000,45151,65,5600,7845.448157151219,0.5523750005522743,33224.51995900337,3025.4612965382826
1787658539,2650,GET,/feed,73.500000,0.200000,32000,32000,32000,32000,32000,32000,32000,32000,32000,32000,32000,34764,50,5600,7890.437749965851,0.5523750005522743,33224.51995900337,3902.3792428949487
1787658539,2650,POST,/follow,7.400000,0.000000,9100,32000,32000,32000,32000,32000,32000,32000,32000,32000,32000,3521,7,5400,7843.188650888921,1.8352499973843805,33070.76587499614,16.966202783300197
1787658539,2650,POST,/posts,15.300000,0.000000,32000,32000,32000,32000,32000,32000,32000,32000,32000,32000,32000,6972,8,5500,7823.76712759805,1.656333995924797,33100.40633400058,168.80608146873206
1787658539,2650,,Aggregated,96.200000,0.200000,32000,32000,32000,32000,32000,32000,32000,32000,32000,32000,32000,45257,65,5600,7876.49092059143,0.5523750005522743,33224.51995900337,3024.9235698345005
1787658540,2675,GET,/feed,72.400000,0.100000,32000,32000,32000,32000,32000,32000,32000,32000,32000,32000,32000,34836,50,5600,7919.985915218821,0.5523750005522743,33224.51995900337,3902.390860029854
1787658540,2675,POST,/follow,6.600000,0.000000,8900,32000,32000,32000,32000,32000,32000,32000,32000,32000,32000,3521,7,5400,7843.188650888921,1.8352499973843805,33070.76587499614,16.966202783300197
1787658540,2675,POST,/posts,14.300000,0.000000,32000,32000,32000,32000,32000,32000,32000,32000,32000,32000,32000,6985,8,5600,7855.201159447048,1.656333995924797,33100.40633400058,168.80644237652112
1787658540,2675,,Aggregated,93.300000,0.100000,32000,32000,32000,32000,32000,32000,32000,32000,32000,32000,32000,45342,65,5600,7904.042095211513,0.5523750005522743,33224.51995900337,3025.507013365092
1787658541,2700,GET,/feed,72.300000,0.100000,31000,32000,32000,32000,32000,32000,32000,32000,32000,32000,32000,34907,50,5600,7940.665317849023,0.5523750005522743,33224.51995900337,3902.402268885897
1787658541,2700,POST,/follow,7.200000,0.000000,8900,32000,32000,32000,32000,32000,32000,32000,32000,32000,32000,3523,7,5400,7856.537619260542,1.8352499973843805,33070.76587499614,16.966221969912006
1787658541,2700,POST,/posts,14.000000,0.000000,31000,32000,32000,32000,32000,32000,32000,32000,32000,32000,32000,7000,8,5600,7886.253306802088,1.656333995924797,33100.40633400058,168.80685714285715
1787658541,2700,,Aggregated,93.500000,0.100000,31000,32000,32000,32000,32000,32000,32000,32000,32000,32000,32000,45430,65,5600,7925.757416474253,0.5523750005522743,33224.51995900337,3025.810609729254
1787658542,2725,GET,/feed,72.000000,0.100000,31000,32000,32000,32000,32000,32000,32000,32000,32000,32000,32000,34982,50,5600,7967.222685639099,0.5523750005522743,33224.51995900337,3902.414270196101
1787658542,2725,POST,/follow,7.900000,0.000000,8900,32000,32000,32000,32000,32000,32000,32000,32000,32000,32000,3531,7,5400,7890.249898030839,1.8352499973843805,33070.76587499614,16.96629849900878
1787658542,2725,POST,/posts,14.100000,0.000000,31000,32000,32000,32000,32000,32000,32000,32000,32000,32000,32000,7022,8,5600,7926.88311546335,1.656333995924797,33100.40633400058,168.80746226146397
1787658542,2725,,Aggregated,94.000000,0.100000,31000,32000,32000,32000,32000,32000,32000,32000,32000,32000,32000,45535,65,5600,7955.033043060448,0.5523750005522743,33224.51995900337,3025.3547820357967
1787658543,2750,GET,/feed,71.500000,0.100000,30000,32000,32000,32000,32000,32000,32000,32000,32000,32000,32000,35054,50,5600,7987.741599988252,0.5523750005522743,33224.51995900337,3902.4257431391566
1787658543,2750,POST,/follow,7.200000,0.000000,8900,31000,32000,32000,32000,32000,32000,32000,32000,32000,32000,3537,7,5500,7898.159992469294,1.8352499973843805,33070.76587499614,16.966355668645743
1787658543,2750,POST,/posts,14.400000,0.000000,31000,32000,32000,32000,32000,32000,32000,32000,32000,32000,32000,7035,8,5600,7950.281141831362,1.656333995924797,33100.40633400058,168.80781805259417
1787658543,2750,,Aggregated,93.100000,0.100000,30000,32000,32000,32000,32000,32000,32000,32000,32000,32000,32000,45626,65,5600,7975.021123309863,0.5523750005522743,33224.51995900337,3025.538179985096
1787658544,2775,GET,/feed,71.700000,0.100000,9100,31000,32000,32000,32000,32000,32000,32000,32000,32000,32000,35129,50,5700,8013.649642568164,0.5523750005522743,33224.51995900337,3902.4376441117024
1787658544,2775,POST,/follow,6.600000,0.000000,9000,31000,32000,32000,32000,32000,32000,32000,32000,32000,32000,3543,7,5500,7924.24756073861,1.8352499973843805,33070.76587499614,16.966412644651424
1787658544,2775,POST,/posts,14.400000,0.000000,31000,31000,32000,32000,32000,32000,32000,32000,32000,32000,32000,7050,8,5600,7970.611215583777,1.656333995924797,33100.40633400058,168.80822695035462
1787658544,2775,,Aggregated,92.700000,0.100000,30000,31000,32000,32000,32000,32000,32000,32000,32000,32000,32000,45722,65,5600,8000.085658355706,0.5523750005522743,33224.51995900337,3025.653777175102
1787658545,2800,GET,/feed,71.900000,0.100000,30000,31000,32000,32000,32000,32000,32000,32000,32000,32000,32000,35195,50,5700,8036.470305704647,0.5523750005522743,33224.51995900337,3902.448075010655
1787658545,2800,POST,/follow,6.500000,0.000000,30000,31000,31000,32000,32000,32000,32000,32000,32000,32000,32000,3549,7,5500,7950.384533903042,1.8352499973843805,33070.76587499614,16.96646942800789
1787658545,2800,POST,/posts,15.400000,0.000000,30000,31000,31000,32000,32000,32000,32000,32000,32000,32000,32000,7061,8,5600,7984.386597323275,1.656333995924797,33100.40633400058,168.80852570457444
1787658545,2800,,Aggregated,93.800000,0.100000,30000,31000,31000,32000,32000,32000,32000,32000,32000,32000,32000,45805,65,5600,8021.771441628568,0.5523750005522743,33224.51995900337,3025.8450169195503
1787658546,2825,GET,/feed,71.800000,0.000000,30000,31000,31000,32000,32000,32000,32000,32000,32000,32000,32000,35269,50,5700,8064.274034149062,0.5523750005522743,33224.51995900337,3902.4597238367974
1787658546,2825,POST,/follow,6.900000,0.000000,9100,31000,31000,31000,32000,32000,32000,32000,32000,32000,32000,3557,7,5500,7965.3364571464435,1.8352499973843805,33070.76587499614,16.966544841158278
1787658546,2825,POST,/posts,15.600000,0.000000,30000,31000,31000,32000,32000,32000,32000,32000,32000,32000,32000,7068,8,5600,7997.984576711889,1.656333995924797,33100.40633400058,168.8087153367289
1787658546,2825,,Aggregated,94.300000,0.000000,30000,31000,31000,32000,32000,32000,32000,32000,32000,32000,32000,45894,65,5600,8046.396864005594,0.5523750005522743,33224.51995900337,3026.307186124548
1787658547,2850,GET,/feed,71.800000,0.000000,9300,31000,31000,31000,32000,32000,32000,32000,32000,32000,32000,35341,50,5700,8084.179874058885,0.5523750005522743,33224.51995900337,3902.4710110070455
1787658547,2850,POST,/follow,6.700000,0.000000,30000,31000,31000,31000,32000,32000,32000,32000,32000,32000,32000,3567,7,5500,7999.827484144357,1.8352499973843805,33070.76587499614,16.96663863190356
1787658547,2850,POST,/posts,15.400000,0.000000,30000,31000,31000,31000,32000,32000,32000,32000,32000,32000,32000,7076,8,5600,8011.845793078664,1.656333995924797,33100.40633400058,168.80893159977387
1787658547,2850,,Aggregated,93.900000,0.000000,30000,31000,31000,31000,32000,32000,32000,32000,32000,32000,32000,45984,65,5700,8066.505880238397,0.5523750005522743,33224.51995900337,3026.536186499652
1787658548,2875,GET,/feed,70.900000,0.000000,9300,31000,31000,31000,32000,32000,32000,32000,32000,32000,32000,35419,50,5700,8112.513631726248,0.5523750005522743,33224.51995900337,3902.4831869900336
1787658548,2875,POST,/follow,5.900000,0.000000,9200,31000,31000,31000,32000,32000,32000,32000,32000,32000,32000,3583,7,5500,8042.43941870888,1.8352499973843805,33070.76587499614,16.966787608149595
1787658548,2875,POST,/posts,14.500000,0.000000,30000,31000,31000,31000,32000,32000,32000,32000,32000,32000,32000,7096,8,5600,8043.440729664831,1.656333995924797,33100.40633400058,168.80947012401353
1787658548,2875,,Aggregated,91.300000,0.000000,9300,31000,31000,31000,32000,32000,32000,32000,32000,32000,32000,46098,65,5700,8096.434469544175,0.5523750005522743,33224.51995900337,3025.743329428609
1787658549,2900,GET,/feed,71.100000,0.000000,9300,31000,31000,31000,32000,32000,32000,32000,32000,32000,32000,35491,50,5700,8133.644819260229,0.5523750005522743,33224.51995900337,3902.4943788566115
1787658549,2900,POST,/follow,6.400000,0.000000,9300,31000,31000,31000,32000,32000,32000,32000,32000,32000,32000,3589,7,5600,8069.538295725529,1.8352499973843805,33070.76587499614,16.966843131791585
1787658549,2900,POST,/posts,13.800000,0.000000,30000,31000,31000,31000,32000,32000,32000,32000,32000,32000,32000,7112,8,5700,8071.318627119605,1.656333995924797,33100.40633400058,168.80989876265465
1787658549,2900,,Aggregated,91.300000,0.000000,9300,31000,31000,31000,32000,32000,32000,32000,32000,32000,32000,46192,65,5700,8119.067788790228,0.5523750005522743,33224.51995900337,3025.738179771389
1787658550,2925,GET,/feed,71.700000,0.000000,9300,31000,31000,31000,32000,32000,32000,32000,32000,32000,32000,35567,50,5700,8168.249371905834,0.5523750005522743,33224.51995900337,3902.506143335114
1787658550,2925,POST,/follow,7.000000,0.000000,9200,31000,31000,31000,32000,32000,32000,32000,32000,32000,32000,3591,7,5600,8076.555844119725,1.8352499973843805,33070.76587499614,16.966861598440545
1787658550,2925,POST,/posts,13.400000,0.000000,9200,31000,31000,31000,32000,32000,32000,32000,32000,32000,32000,7130,8,5700,8099.667431047353,1.656333995924797,33100.40633400058,168.81037868162693
1787658550,2925,,Aggregated,92.100000,0.000000,9300,31000,31000,31000,32000,32000,32000,32000,32000,32000,32000,46288,65,5700,8150.571773033536,0.5523750005522743,33224.51995900337,3025.945860698237
1787658551,2950,GET,/feed,72.500000,0.000000,30000,31000,31000,32000,32000,32000,33000,33000,33000,33000,33000,35629,50,5700,8194.302387006506,0.5523750005522743,33224.51995900337,3902.515703499958
1787658551,2950,POST,/follow,7.600000,0.000000,9200,31000,31000,31000,32000,32000,33000,33000,33000,33000,33000,3601,7,5600,8105.37603586585,1.8352499973843805,33070.76587499614,16.966953623993334
1787658551,2950,POST,/posts,14.000000,0.000000,9200,31000,31000,32000,32000,32000,32000,33000,33000,33000,33000,7138,8,5700,8113.805304355929,1.656333995924797,33100.40633400058,168.81059120201738
1787658551,2950,,Aggregated,94.100000,0.000000,30000,31000,31000,32000,32000,32000,33000,33000,33000,33000,33000,46368,65,5700,8175.004337351198,0.5523750005522743,33224.51995900337,3025.983436853002
1787658552,2975,GET,/feed,72.400000,0.000000,30000,31000,32000,32000,32000,33000,33000,33000,33000,33000,33000,35705,50,5700,8223.419639144517,0.5523750005522743,33224.51995900337,3902.5273771180505
1787658552,2975,POST,/follow,6.800000,0.000000,9200,31000,31000,32000,33000,33000,33000,33000,33000,33000,33000,3608,7,5600,8140.185288994991,1.8352499973843805,33070.76587499614,16.967017738359203
1787658552,2975,POST,/posts,14.000000,0.000000,9100,31000,32000,32000,32000,32000,33000,33000,33000,33000,33000,7147,8,5700,8124.959160579212,1.656333995924797,33174.10508300236,168.81082971876313
1787658552,2975,,Aggregated,93.200000,0.000000,30000,31000,32000,32000,32000,33000,33000,33000,33000,33000,33000,46460,65,5700,8201.809510525367,0.5523750005522743,33224.51995900337,3026.4194575979336
1787658553,3000,GET,/feed,73.000000,0.000000,31000,31000,32000,32000,33000,33000,33000,33000,33000,33000,33000,35777,50,5700,8252.89226898876,0.5523750005522743,33416.90933400241,3902.538390586131
1787658553,3000,POST,/follow,6.800000,0.000000,30000,31000,32000,32000,33000,33000,33000,33000,33000,33000,33000,3612,7,5600,8161.292036794557,1.8352499973843805,33268.87025000178,16.967054263565892
1787658553,3000,POST,/posts,14.200000,0.000000,9100,31000,32000,32000,33000,33000,33000,33000,33000,33000,33000,7166,8,5700,8157.844947738432,1.656333995924797,33381.63787499798,168.81133128663132
1787658553,3000,,Aggregated,94.000000,0.000000,30000,31000,32000,32000,33000,33000,33000,33000,33000,33000,33000,46555,65,5700,8231.155202234057,0.5523750005522743,33416.90933400241,3026.3581355386104
1787658554,3000,GET,/feed,72.000000,0.000000,31000,32000,32000,33000,33000,33000,34000,34000,34000,34000,34000,35851,50,5700,8278.956683698532,0.5523750005522743,33683.248582994565,3902.549663886642
1787658554,3000,POST,/follow,7.600000,0.000000,9300,32000,32000,33000,33000,33000,33000,34000,34000,34000,34000,3618,7,5600,8189.6169213728435,1.8352499973843805,33538.77154200018,16.96710889994472
1787658554,3000,POST,/posts,13.300000,0.000000,9100,32000,32000,32000,33000,33000,34000,34000,34000,34000,34000,7188,8,5700,8197.71848409274,1.656333995924797,33616.515041998355,168.81190873678352
1787658554,3000,,Aggregated,92.900000,0.000000,31000,32000,32000,33000,33000,33000,34000,34000,34000,34000,34000,46657,65,5700,8259.513268158298,0.5523750005522743,33683.248582994565,3026.0221403004907
1787658555,3000,GET,/feed,72.100000,0.000000,31000,32000,33000,33000,33000,34000,34000,34000,34000,34000,34000,35925,50,5700,8313.599596558277,0.5523750005522743,34125.388041000406,3902.5608907446067
1787658555,3000,POST,/follow,7.800000,0.000000,9200,32000,32000,33000,33000,33000,33000,34000,34000,34000,34000,3620,7,5600,8190.080807730926,1.8352499973843805,33538.77154200018,16.967127071823203
1787658555,3000,POST,/posts,12.500000,0.000000,9100,32000,32000,32000,33000,33000,34000,34000,34000,34000,34000,7191,8,5700,8198.046482482772,1.656333995924797,33616.515041998355,168.81198720623001
1787658555,3000,,Aggregated,92.400000,0.000000,31000,32000,33000,33000,33000,34000,34000,34000,34000,34000,34000,46736,65,5700,8286.252787698471,0.5523750005522743,34125.388041000406,3027.1064703868537
1787658556,3000,GET,/feed,72.100000,0.000000,31000,32000,33000,33000,34000,34000,34000,34000,34000,34000,34000,36002,50,5700,8338.820025649586,0.5523750005522743,34267.75387500675,3902.572523748681
1787658556,3000,POST,/follow,7.600000,0.000000,9300,32000,33000,33000,33000,34000,34000,34000,34000,34000,34000,3627,7,5600,8212.366688225242,1.8352499973843805,34188.7971249962,16.967190515577613
1787658556,3000,POST,/posts,13.200000,0.000000,9100,32000,32000,33000,33000,34000,34000,34000,34000,34000,34000,7208,8,5700,8224.296814180858,1.656333995924797,34220.2416250002,168.81243063263042
1787658556,3000,,Aggregated,92.900000,0.000000,31000,32000,33000,33000,34000,34000,34000,34000,34000,34000,34000,46837,65,5700,8311.40303559675,0.5523750005522743,34267.75387500675,3027.0674039754895
1787658557,3000,GET,/feed,72.100000,0.000000,32000,33000,33000,33000,34000,34000,35000,35000,35000,35000,35000,36070,50,5800,8360.61415643941,0.5523750005522743,34909.246874995006,3902.582755752703
1787658557,3000,POST,/follow,7.300000,0.000000,32000,33000,33000,33000,34000,34000,35000,35000,35000,35000,35000,3631,7,5600,8234.47412257476,1.8352499973843805,34861.76804199931,16.9672266593225
1787658557,3000,POST,/posts,13.500000,0.000000,9000,32000,33000,33000,34000,34000,35000,35000,35000,35000,35000,7223,8,5700,8250.628822619774,1.656333995924797,34847.06775000086,168.81282015782915
1787658557,3000,,Aggregated,92.900000,0.000000,32000,33000,33000,33000,34000,34000,35000,35000,35000,35000,35000,46924,65,5700,8333.923368587954,0.5523750005522743,34909.246874995006,3027.173791663115
1787658558,3000,GET,/feed,72.700000,0.000000,32000,33000,33000,34000,34000,35000,35000,35000,35000,35000,35000,36147,50,5800,8393.919398111117,0.5523750005522743,35116.50699999882,3902.5942955155338
1787658558,3000,POST,/follow,7.300000,0.000000,32000,33000,33000,34000,35000,35000,35000,35000,35000,35000,35000,3641,7,5600,8278.849632354833,1.8352499973843805,35092.08108299936,16.967316671244163
1787658558,3000,POST,/posts,13.100000,0.000000,9000,33000,33000,34000,35000,35000,35000,35000,35000,35000,35000,7245,8,5700,8291.768611098636,1.656333995924797,35065.57124999381,168.81338854382332
1787658558,3000,,Aggregated,93.100000,0.000000,32000,33000,33000,34000,34000,35000,35000,35000,35000,35000,35000,47033,65,5700,8369.276031346846,0.5523750005522743,35116.50699999882,3026.6388918418984
1787658559,3000,GET,/feed,73.100000,0.000000,32000,33000,34000,34000,35000,35000,35000,35000,35000,35000,35000,36217,50,5800,8425.367282815681,0.5523750005522743,35284.41812499659,3902.6047436286826
1787658559,3000,POST,/follow,7.000000,0.000000,33000,33000,34000,35000,35000,35000,35000,35000,35000,35000,35000,3646,7,5600,8308.526536783307,1.8352499973843805,35224.89824999502,16.967361492046077
1787658559,3000,POST,/posts,14.100000,0.000000,9100,33000,34000,34000,35000,35000,35000,35000,35000,35000,35000,7261,8,5700,8329.24782404774,1.656333995924797,35216.991000001144,168.81379975210027
1787658559,3000,,Aggregated,94.200000,0.000000,32000,33000,34000,34000,35000,35000,35000,35000,35000,35000,35000,47124,65,5800,8401.516914634967,0.5523750005522743,35284.41812499659,3026.6585179526355
1787658560,3000,GET,/feed,72.400000,0.000000,33000,34000,34000,35000,35000,35000,35000,36000,36000,36000,36000,36293,50,5800,8454.946542534131,0.5523750005522743,35677.60687500413,3902.6160416609264
1787658560,3000,POST,/follow,6.100000,0.000000,33000,34000,35000,35000,35000,35000,35000,36000,36000,36000,36000,3652,7,5600,8353.102363872376,1.8352499973843805,35563.628416995925,16.967415115005476
1787658560,3000,POST,/posts,15.200000,0.000000,9100,33000,34000,35000,35000,35000,35000,35000,36000,36000,36000,7273,8,5700,8352.138922543469,1.656333995924797,35544.857374996354,168.81410697098858
1787658560,3000,,Aggregated,93.700000,0.000000,33000,34000,34000,35000,35000,35000,35000,36000,36000,36000,36000,47218,65,5800,8431.23408625338,0.5523750005522743,35677.60687500413,3026.968401880639
1787658561,3000,GET,/feed,72.600000,0.000000,33000,34000,35000,35000,35000,36000,36000,36000,36000,36000,36000,36365,51,5800,8484.88260165987,0.5523750005522743,35731.61925000022,3902.5192355286677
1787658561,3000,POST,/follow,5.500000,0.000000,33000,35000,35000,35000,35000,35000,36000,36000,36000,36000,36000,3657,7,5600,8375.631427817312,1.8352499973843805,35709.68091699615,16.967459666393218
1787658561,3000,POST,/posts,15.000000,0.000000,9100,34000,35000,35000,35000,35000,36000,36000,36000,36000,36000,7288,8,5800,8389.598941838041,1.656333995924797,35595.50866599602,168.814489571899
1787658561,3000,,Aggregated,93.100000,0.000000,33000,34000,35000,35000,35000,35000,36000,36000,36000,36000,36000,47310,66,5800,8461.759396089728,0.5523750005522743,35731.61925000022,3027.0023673641936
1787658562,3000,GET,/feed,72.200000,0.000000,33000,34000,35000,35000,36000,36000,36000,36000,36000,36000,36000,36440,51,5800,8515.247078330389,0.5523750005522743,36138.13062500412,3902.530515916575
1787658562,3000,POST,/follow,5.700000,0.000000,34000,35000,35000,35000,35000,36000,36000,36000,36000,36000,36000,3661,7,5600,8383.533584854662,1.8352499973843805,35841.20116700069,16.967495219885276
1787658562,3000,POST,/posts,14.900000,0.000000,9100,34000,35000,35000,35000,36000,36000,36000,36000,36000,36000,7303,8,5800,8409.059598799211,1.656333995924797,36114.49970800459,168.81487060112283
1787658562,3000,,Aggregated,92.800000,0.000000,33000,34000,35000,35000,35000,36000,36000,36000,36000,36000,36000,47404,66,5800,8488.715767415053,0.5523750005522743,36138.13062500412,3027.2378913171883
1787658563,3000,GET,/feed,72.200000,0.000000,34000,35000,35000,35000,36000,36000,36000,36000,36000,36000,36000,36512,51,5800,8545.802157054097,0.5523750005522743,36200.1247090011,3902.541301489921
1787658563,3000,POST,/follow,6.100000,0.000000,34000,35000,35000,35000,36000,36000,36000,36000,36000,36000,36000,3670,7,5600,8414.430689710327,1.8352499973843805,36138.51337500091,16.967574931880108
1787658563,3000,POST,/posts,14.300000,0.000000,9000,35000,35000,35000,36000,36000,36000,36000,36000,36000,36000,7316,8,5800,8439.638372093717,1.656333995924797,36147.57825000561,168.81519956260252
1787658563,3000,,Aggregated,92.600000,0.000000,34000,35000,35000,35000,36000,36000,36000,36000,36000,36000,36000,47498,66,5800,8519.299408813717,0.5523750005522743,36200.1247090011,3027.2203250663188
1787658564,3000,GET,/feed,73.100000,0.100000,34000,35000,35000,36000,36000,36000,37000,37000,37000,37000,37000,36582,51,5800,8571.612088019849,0.5523750005522743,36869.766875002824,3902.551746760702
1787658564,3000,POST,/follow,5.500000,0.000000,34000,35000,35000,35000,36000,36000,36000,37000,37000,37000,37000,3677,7,5700,8423.11959561324,1.8352499973843805,36847.31291599746,16.967636660320913
1787658564,3000,POST,/posts,15.100000,0.000000,9100,35000,35000,35000,36000,36000,37000,37000,37000,37000,37000,7325,8,5800,8455.43446808118,1.656333995924797,36831.78816599684,168.8154266211604
1787658564,3000,,Aggregated,93.700000,0.100000,34000,35000,35000,35000,36000,36000,37000,37000,37000,37000,37000,47584,66,5800,8542.253312788056,0.5523750005522743,36869.766875002824,3027.5325949899125
1787658565,3000,GET,/feed,73.300000,0.100000,34000,35000,36000,36000,36000,37000,37000,37000,37000,37000,37000,36657,51,5800,8599.865653513929,0.5523750005522743,37135.952082993754,3902.5628938538343
1787658565,3000,POST,/follow,5.300000,0.000000,35000,35000,35000,36000,37000,37000,37000,37000,37000,37000,37000,3688,7,5700,8477.830395953604,1.8352499973843805,37138.958374998765,16.967733188720175
1787658565,3000,POST,/posts,15.500000,0.000000,34000,35000,35000,36000,36000,37000,37000,37000,37000,37000,37000,7342,8,5800,8490.834740685594,1.656333995924797,37022.86925000226,168.81585399073822
1787658565,3000,,Aggregated,94.100000,0.100000,34000,35000,35000,36000,36000,37000,37000,37000,37000,37000,37000,47687,66,5800,8573.641085143765,0.5523750005522743,37138.958374998765,3027.203871075975
1787658566,3000,GET,/feed,73.000000,0.100000,35000,35000,36000,36000,37000,37000,37000,37000,37000,37000,37000,36731,51,5800,8627.38094918639,0.5523750005522743,37381.19237500359,3902.5738477035748
1787658566,3000,POST,/follow,5.700000,0.000000,35000,35000,35000,36000,37000,37000,37000,37000,37000,37000,37000,3698,7,5700,8494.1171755527,1.8352499973843805,37204.9446250021,16.967820443482964
1787658566,3000,POST,/posts,14.700000,0.000000,34000,35000,36000,36000,37000,37000,37000,37000,37000,37000,37000,7365,8,5800,8526.548325943333,1.656333995924797,37327.93733400467,168.8164290563476
1787658566,3000,,Aggregated,93.400000,0.100000,35000,35000,36000,36000,37000,37000,37000,37000,37000,37000,37000,47794,66,5800,8601.531643727913,0.5523750005522743,37381.19237500359,3026.5623299995814
1787658567,3000,GET,/feed,72.800000,0.100000,35000,36000,36000,36000,37000,37000,38000,38000,38000,38000,38000,36808,51,5800,8664.511018332187,0.5523750005522743,37888.83566699951,3902.585198869811
1787658567,3000,POST,/follow,6.000000,0.000000,35000,35000,36000,36000,37000,37000,38000,38000,38000,38000,38000,3705,7,5700,8517.998292630198,1.8352499973843805,37835.21075000317,16.96788124156545
1787658567,3000,POST,/posts,13.700000,0.000000,9100,35000,36000,36000,37000,37000,38000,38000,38000,38000,38000,7380,8,5800,8550.47545644616,1.656333995924797,37817.84391599649,168.81680216802167
1787658567,3000,,Aggregated,92.500000,0.100000,35000,36000,36000,36000,37000,37000,38000,38000,38000,38000,38000,47893,66,5800,8635.604662592417,0.5523750005522743,37888.83566699951,3026.644603595515
1787658568,3000,GET,/feed,72.800000,0.100000,35000,36000,36000,37000,37000,38000,38000,38000,38000,38000,38000,36875,52,5800,8683.574045433441,0.5523750005522743,38215.96220799984,3902.4890576271187
1787658568,3000,POST,/follow,6.600000,0.000000,9000,35000,36000,37000,37000,38000,38000,38000,38000,38000,38000,3708,7,5700,8533.977286651263,1.8352499973843805,38058.05741700169,16.967907227615964
1787658568,3000,POST,/posts,15.100000,0.000000,35000,36000,36000,37000,37000,38000,38000,38000,38000,38000,38000,7394,8,5800,8582.611528963436,1.656333995924797,38207.92891600286,168.81714903976197
1787658568,3000,,Aggregated,94.500000,0.100000,35000,36000,36000,37000,37000,38000,38000,38000,38000,38000,38000,47977,67,5800,8656.45226565681,0.5523750005522743,38215.96220799984,3026.771890697626
1787658569,3000,GET,/feed,72.400000,0.100000,35000,36000,37000,37000,38000,38000,39000,39000,39000,39000,39000,36943,52,5800,8712.058773443234,0.5523750005522743,38759.13566700183,3902.499201472539
1787658569,3000,POST,/follow,7.100000,0.000000,9000,36000,36000,37000,37000,38000,38000,38000,38000,38000,38000,3713,7,5700,8542.460580468052,1.8352499973843805,38397.172832999786,16.967950444384595
1787658569,3000,POST,/posts,15.400000,0.000000,9100,36000,37000,37000,38000,38000,38000,39000,39000,39000,39000,7402,8,5800,8594.969230713274,1.656333995924797,38680.7887909963,168.81734666306403
1787658569,3000,,Aggregated,94.900000,0.100000,35000,36000,37000,37000,38000,38000,39000,39000,39000,39000,39000,48058,67,5800,8680.921088025534,0.5523750005522743,38759.13566700183,3027.229930500645
1787658570,3000,GET,/feed,73.400000,0.100000,35000,36000,37000,37000,38000,39000,39000,39000,39000,39000,39000,37014,52,5800,8738.664519750917,0.5523750005522743,39160.99312499864,3902.5097530664075
1787658570,3000,POST,/follow,7.400000,0.000000,9000,36000,37000,37000,38000,38000,39000,39000,39000,39000,39000,3721,7,5700,8567.784095299885,1.8352499973843805,39037.54220800329,16.968019349637196
1787658570,3000,POST,/posts,15.300000,0.000000,9100,36000,37000,37000,38000,39000,39000,39000,39000,39000,39000,7414,8,5800,8624.040513475402,1.656333995924797,39090.71412499907,168.81764229835446
1787658570,3000,,Aggregated,96.100000,0.100000,9100,36000,37000,37000,38000,39000,39000,39000,39000,39000,39000,48149,67,5800,8707.808874941915,0.5523750005522743,39160.99312499864,3027.3162059440488
1787658571,3000,GET,/feed,72.400000,0.200000,9200,37000,37000,38000,39000,39000,40000,40000,40000,40000,40000,37086,52,5800,8769.692399571817,0.5523750005522743,39685.77424999967,3902.5204120153157
1787658571,3000,POST,/follow,6.700000,0.000000,9100,36000,37000,37000,38000,40000,40000,40000,40000,40000,40000,3729,7,5700,8601.546280601202,1.8352499973843805,39569.961708002666,16.968087959238403
1787658571,3000,POST,/posts,14.600000,0.000000,9100,37000,37000,38000,39000,40000,40000,40000,40000,40000,40000,7429,8,5800,8666.052024384931,1.656333995924797,39670.44333300146,168.81801049939426
1787658571,3000,,Aggregated,93.700000,0.200000,9100,37000,37000,38000,39000,39000,40000,40000,40000,40000,40000,48244,67,5800,8740.736234558457,0.5523750005522743,39685.77424999967,3027.242662299975
1787658572,3000,GET,/feed,72.200000,0.200000,9100,37000,38000,38000,39000,40000,40000,40000,40000,40000,40000,37154,52,5800,8791.79956987978,0.5523750005522743,40153.576583004906,3902.53044086774
1787658572,3000,POST,/follow,6.700000,0.000000,9100,37000,37000,37000,39000,40000,40000,40000,40000,40000,40000,3731,7,5700,8610.025675876675,1.8352499973843805,39710.515459002636,16.96810506566604
1787658572,3000,POST,/posts,13.900000,0.000000,36000,37000,38000,38000,40000,40000,40000,40000,40000,40000,40000,7444,8,5800,8691.608702790658,1.656333995924797,39847.67645900138,168.81837721655023
1787658572,3000,,Aggregated,92.800000,0.200000,9100,37000,38000,38000,39000,40000,40000,40000,40000,40000,40000,48329,67,5800,8762.334461701737,0.5523750005522743,40153.576583004906,3027.4702145709616
1787658573,3000,GET,/feed,71.900000,0.200000,9200,37000,38000,39000,40000,40000,41000,41000,41000,41000,41000,37208,53,5800,8813.255847878158,0.5523750005522743,40917.986042004486,3902.433347667168
1787658573,3000,POST,/follow,6.900000,0.000000,9100,37000,37000,38000,40000,40000,40000,41000,41000,41000,41000,3734,7,5700,8627.342085673508,1.8352499973843805,40799.34525000135,16.968130690948044
1787658573,3000,POST,/posts,13.900000,0.000000,9100,37000,38000,39000,40000,40000,40000,40000,41000,41000,41000,7450,8,5800,8700.403774389082,1.656333995924797,40619.62562499684,168.8185234899329
1787658573,3000,,Aggregated,92.700000,0.200000,9200,37000,38000,39000,40000,40000,41000,41000,41000,41000,41000,48392,68,5800,8781.536763410366,0.5523750005522743,40917.986042004486,3027.8309844602413
1787658574,3000,GET,/feed,71.800000,0.100000,9500,38000,38000,39000,40000,41000,41000,41000,41000,41000,41000,37259,53,5800,8832.97249571294,0.5523750005522743,41483.00612500316,3902.4409672830725
1787658574,3000,POST,/follow,7.200000,0.000000,9100,37000,38000,38000,40000,40000,41000,41000,41000,41000,41000,3737,7,5700,8636.520971040645,1.8352499973843805,41072.03550000122,16.96815627508697
1787658574,3000,POST,/posts,14.000000,0.000000,9500,37000,38000,39000,40000,40000,41000,41000,41000,41000,41000,7458,8,5800,8718.260035123314,1.656333995924797,41436.65458399482,168.81871815500133
1787658574,3000,,Aggregated,93.000000,0.100000,9500,37000,38000,39000,40000,41000,41000,41000,41000,41000,41000,48454,68,5800,8800.164783681377,0.5523750005522743,41483.00612500316,3028.098980476328
1787658575,3000,GET,/feed,71.000000,0.100000,9800,38000,39000,40000,41000,41000,42000,42000,42000,42000,42000,37325,53,5800,8860.358684513743,0.5523750005522743,42055.25520799711,3902.4507970529135
1787658575,3000,POST,/follow,6.900000,0.000000,9800,39000,40000,40000,42000,42000,42000,42000,42000,42000,42000,3747,7,5700,8699.107400672507,1.8352499973843805,41927.54295800114,16.968241259674407
1787658575,3000,POST,/posts,14.000000,0.000000,37000,39000,40000,40000,41000,42000,42000,42000,42000,42000,42000,7473,8,5800,8754.672894496676,1.656333995924797,41982.97108300176,168.81908202863642
1787658575,3000,,Aggregated,91.900000,0.100000,9800,39000,39000,40000,41000,42000,42000,42000,42000,42000,42000,48545,68,5800,8831.643091366144,0.5523750005522743,42055.25520799711,3027.7915542280357
1787658577,3000,GET,/feed,69.300000,0.200000,9800,39000,40000,40000,41000,42000,42000,42000,42000,42000,42000,37400,53,5900,8885.40080760073,0.5523750005522743,42147.13408300304,3902.46192513369
1787658577,3000,POST,/follow,6.400000,0.000000,38000,40000,41000,42000,42000,42000,42000,42000,42000,42000,42000,3755,7,5700,8752.793769137657,1.8352499973843805,42035.21229099715,16.968308921438084
1787658577,3000,POST,/posts,13.500000,0.000000,38000,39000,40000,40000,42000,42000,42000,42000,42000,42000,42000,7485,8,5800,8777.77807955239,1.656333995924797,42133.902124995075,168.8193720774883
1787658577,3000,,Aggregated,89.200000,0.200000,9800,39000,40000,40000,42000,42000,42000,42000,42000,42000,42000,48640,68,5800,8858.601968191395,0.5523750005522743,42147.13408300304,3027.9482935855262
1787658578,3000,GET,/feed,66.400000,0.200000,9800,39000,40000,41000,42000,42000,42000,42000,43000,43000,43000,37478,53,5900,8921.290592308002,0.5523750005522743,42522.52654200129,3902.4734510913067
1787658578,3000,POST,/follow,5.900000,0.000000,39000,41000,42000,42000,42000,42000,43000,43000,43000,43000,43000,3765,7,5700,8798.970942891072,1.8352499973843805,42513.07854100014,16.96839309428951
1787658578,3000,POST,/posts,12.900000,0.000000,9900,40000,40000,41000,42000,42000,42000,42000,42000,42000,42000,7498,8,5800,8805.720673895254,1.656333995924797,42494.61654100014,168.81968524939984
1787658578,3000,,Aggregated,85.200000,0.200000,9900,40000,40000,41000,42000,42000,42000,42000,43000,43000,43000,48741,68,5800,8894.063479029388,0.5523750005522743,42522.52654200129,3027.97636486736
1787658579,3000,GET,/feed,66.600000,0.200000,9900,40000,41000,42000,42000,42000,43000,43000,43000,43000,43000,37546,53,5900,8951.016011631882,0.5523750005522743,42983.569541996985,3902.4834602887126
1787658579,3000,POST,/follow,5.600000,0.000000,39000,41000,42000,42000,42000,43000,43000,43000,43000,43000,43000,3772,7,5700,8827.110314340638,1.8352499973843805,42877.79087499803,16.96845174973489
1787658579,3000,POST,/posts,12.000000,0.000000,39000,40000,41000,42000,42000,42000,43000,43000,43000,43000,43000,7506,8,5800,8832.982033194461,1.656333995924797,42862.363500003994,168.81987743138822
1787658579,3000,,Aggregated,84.200000,0.200000,9900,40000,41000,42000,42000,42000,43000,43000,43000,43000,43000,48824,68,5800,8923.297362354208,0.5523750005522743,42983.569541996985,3028.301880222841
1787658580,3000,GET,/feed,66.700000,0.200000,10000,40000,42000,42000,42000,43000,43000,43000,43000,43000,43000,37600,53,5900,8976.345246786985,0.5523750005522743,43269.543834001524,3902.4913829787233
1787658580,3000,POST,/follow,6.000000,0.000000,40000,42000,42000,42000,43000,43000,43000,43000,43000,43000,43000,3775,7,5700,8845.59933286593,1.8352499973843805,43190.85066700063,16.968476821192052
1787658580,3000,POST,/posts,11.600000,0.000000,40000,41000,42000,42000,42000,43000,43000,43000,43000,43000,43000,7516,8,5800,8860.954836641913,1.656333995924797,43154.877042004955,168.8201170835551
1787658580,3000,,Aggregated,84.300000,0.200000,10000,41000,42000,42000,42000,43000,43000,43000,43000,43000,43000,48891,68,5800,8948.51108205929,0.5523750005522743,43269.543834001524,3028.5038964226546
1787658581,3000,GET,/feed,66.800000,0.100000,10000,41000,42000,42000,43000,43000,43000,44000,44000,44000,44000,37653,53,5900,8990.675917517188,0.5523750005522743,43999.51995800075,3902.499136854965
1787658581,3000,POST,/follow,6.400000,0.000000,41000,42000,42000,42000,43000,43000,43000,44000,44000,44000,44000,3780,7,5700,8865.245198331719,1.8352499973843805,43972.832416999154,16.96851851851852
1787658581,3000,POST,/posts,11.200000,0.000000,10000,42000,42000,42000,43000,43000,44000,44000,44000,44000,44000,7524,8,5800,8880.173616747425,1.656333995924797,43623.97279199649,168.82030834662413
1787658581,3000,,Aggregated,84.400000,0.100000,10000,41000,42000,42000,43000,43000,43000,44000,44000,44000,44000,48957,68,5900,8964.008690572886,0.5523750005522743,43999.51995800075,3028.6811896153768
1787658582,3000,GET,/feed,65.400000,0.100000,10000,41000,42000,42000,43000,43000,44000,45000,45000,45000,45000,37676,54,5900,9001.386797435787,0.5523750005522743,45088.64375000121,3902.3987684467565
1787658582,3000,POST,/follow,6.200000,0.000000,41000,42000,42000,42000,43000,43000,44000,44000,44000,44000,44000,3783,7,5700,8875.73859957544,1.8352499973843805,44484.070291000535,16.9685434840074
1787658582,3000,POST,/posts,11.400000,0.000000,41000,42000,42000,43000,43000,44000,45000,45000,45000,45000,45000,7529,8,5800,8903.886969987067,1.656333995924797,44963.27608399588,168.82042767963873
1787658582,3000,,Aggregated,83.000000,0.100000,10000,42000,42000,42000,43000,43000,44000,45000,45000,45000,45000,48988,69,5900,8976.699050776066,0.5523750005522743,45088.64375000121,3028.537948068915
1787658583,3000,GET,/feed,63.600000,0.100000,11000,42000,42000,43000,44000,45000,45000,45000,45000,45000,45000,37745,54,5900,9039.547628929517,0.5523750005522743,45205.03766700131,3902.4090078156046
1787658583,3000,POST,/follow,5.900000,0.000000,42000,42000,42000,43000,43000,45000,45000,45000,45000,45000,45000,3788,7,5700,8905.65748677452,1.8352499973843805,45185.8932920004,16.96858500527983
1787658583,3000,POST,/posts,11.000000,0.000000,42000,42000,43000,43000,44000,45000,45000,45000,45000,45000,45000,7538,8,5800,8929.078180854685,1.656333995924797,45110.43391699786,168.82064208012736
1787658583,3000,,Aggregated,80.500000,0.100000,11000,42000,42000,43000,44000,45000,45000,45000,45000,45000,45000,49071,69,5900,9012.242406739822,0.5523750005522743,45205.03766700131,3028.9432658800515
1787658584,3000,GET,/feed,58.700000,0.200000,11000,42000,43000,43000,45000,46000,46000,46000,46000,46000,46000,37822,54,5900,9077.521886544007,0.5523750005522743,45710.277958001825,3902.4203902490613
1787658584,3000,POST,/follow,5.400000,0.000000,42000,42000,43000,43000,45000,46000,46000,46000,46000,46000,46000,3796,7,5800,8946.646752246816,1.8352499973843805,45667.48441699747,16.968651211801898
1787658584,3000,POST,/posts,10.000000,0.000000,42000,42000,43000,43000,45000,46000,46000,46000,46000,46000,46000,7551,8,5800,8960.16924721198,1.656333995924797,45596.48595800536,168.8209508674348
1787658584,3000,,Aggregated,74.100000,0.200000,11000,42000,43000,43000,45000,46000,46000,46000,46000,46000,46000,49169,69,5900,9049.39579511673,0.5523750005522743,45710.277958001825,3029.073684638695
1787658585,3000,GET,/feed,58.600000,0.200000,11000,42000,43000,45000,46000,46000,46000,46000,46000,46000,46000,37898,54,5900,9116.321507835464,0.5523750005522743,46208.66020899848,3902.431579502876
1787658585,3000,POST,/follow,5.600000,0.000000,42000,42000,43000,43000,46000,46000,46000,46000,46000,46000,46000,3803,7,5800,8968.741432275281,1.8352499973843805,46033.38658299617,16.968708914015252
1787658585,3000,POST,/posts,9.300000,0.000000,42000,43000,44000,45000,46000,46000,46000,46000,46000,46000,46000,7564,8,5800,9000.313185179357,1.656333995924797,45924.892583003384,168.82125859333686
1787658585,3000,,Aggregated,73.500000,0.200000,11000,43000,43000,45000,46000,46000,46000,46000,46000,46000,46000,49265,69,5900,9087.11752975923,0.5523750005522743,46208.66020899848,3029.2468892723027
1787658586,3000,GET,/feed,61.100000,0.100000,11000,43000,45000,45000,46000,46000,46000,47000,47000,47000,47000,37958,54,5900,9146.5037356374,0.5523750005522743,46559.59541699849,3902.440381474261
1787658586,3000,POST,/follow,6.200000,0.000000,11000,43000,44000,45000,46000,46000,46000,47000,47000,47000,47000,3807,7,5800,8998.86865460176,1.8352499973843805,46529.69029200176,16.968741791436827
1787658586,3000,POST,/posts,10.000000,0.000000,42000,44000,45000,45000,46000,46000,46000,47000,47000,47000,47000,7576,9,5800,9025.539153405049,1.656333995924797,46500.080416000856,168.79923442449842
1787658586,3000,,Aggregated,77.300000,0.100000,11000,43000,45000,45000,46000,46000,46000,47000,47000,47000,47000,49341,70,5900,9116.539316016917,0.5523750005522743,46559.59541699849,3029.372225937861
1787658587,3000,GET,/feed,63.700000,0.100000,11000,44000,45000,46000,46000,47000,47000,47000,47000,47000,47000,38020,54,5900,9182.451768027573,0.5523750005522743,47088.21624999837,3902.4494476591267
1787658587,3000,POST,/follow,6.600000,0.000000,11000,44000,46000,46000,46000,47000,47000,47000,47000,47000,47000,3813,7,5800,9030.143237965092,1.8352499973843805,46927.728791000845,16.968790978232363
1787658587,3000,POST,/posts,10.600000,0.000000,43000,45000,46000,46000,46000,46000,47000,47000,47000,47000,47000,7585,9,5800,9046.723639533642,1.656333995924797,47047.63050000474,168.79947264337508
1787658587,3000,,Aggregated,80.900000,0.100000,11000,44000,45000,46000,46000,47000,47000,47000,47000,47000,47000,49418,70,5900,9149.867481335397,0.5523750005522743,47088.21624999837,3029.587882957627
1787658588,3000,GET,/feed,62.900000,0.100000,11000,45000,46000,46000,47000,47000,47000,47000,47000,47000,47000,38081,54,5900,9212.597308112894,0.5523750005522743,47219.127165997634,3902.458338804128
1787658588,3000,POST,/follow,6.000000,0.000000,11000,45000,46000,46000,47000,47000,47000,47000,47000,47000,47000,3818,7,5800,9051.357133235699,1.8352499973843805,47014.15950000228,16.96883184913567
1787658588,3000,POST,/posts,10.300000,0.100000,43000,45000,46000,46000,47000,47000,47000,47000,47000,47000,47000,7602,9,5800,9093.452106445107,1.656333995924797,47051.28987500211,168.79992107340175
1787658588,3000,,Aggregated,79.200000,0.200000,11000,45000,46000,46000,47000,47000,47000,47000,47000,47000,47000,49501,70,5900,9181.863447973526,0.5523750005522743,47219.127165997634,3029.3836488151755
1787658589,3000,GET,/feed,61.600000,0.100000,11000,46000,46000,46000,47000,47000,48000,48000,48000,48000,48000,38153,54,5900,9247.509246239853,0.5523750005522743,47769.35154200328,3902.4687966870233
1787658589,3000,POST,/follow,5.800000,0.000000,11000,45000,46000,46000,47000,47000,47000,47000,47000,47000,47000,3819,7,5800,9051.844740013064,1.8352499973843805,47014.15950000228,16.968840010473947
1787658589,3000,POST,/posts,10.000000,0.100000,44000,46000,46000,46000,47000,47000,48000,48000,48000,48000,48000,7610,9,5800,9119.481814108109,1.656333995924797,47701.68620900222,168.80013140604467
1787658589,3000,,Aggregated,77.400000,0.200000,11000,46000,46000,46000,47000,47000,48000,48000,48000,48000,48000,49582,70,5900,9212.788349386117,0.5523750005522743,47769.35154200328,3030.137247388165
1787658590,3000,GET,/feed,60.000000,0.100000,11000,46000,46000,47000,47000,48000,48000,48000,48000,48000,48000,38226,54,5900,9277.797831876971,0.5523750005522743,48215.749875002075,3902.479359598179
1787658590,3000,POST,/follow,5.200000,0.000000,11000,46000,46000,47000,48000,48000,48000,48000,48000,48000,48000,3829,7,5800,9114.685707687622,1.8352499973843805,48170.89370799658,16.96892138939671
1787658590,3000,POST,/posts,10.300000,0.100000,44000,46000,46000,47000,47000,48000,48000,48000,48000,48000,48000,7627,9,5900,9152.45657168975,1.656333995924797,47795.42583300645,168.80057689786287
1787658590,3000,,Aggregated,75.500000,0.200000,11000,46000,46000,47000,47000,48000,48000,48000,48000,48000,48000,49682,70,5900,9245.98481881453,0.5523750005522743,48215.749875002075,3029.8416327845093
1787658591,3000,GET,/feed,60.400000,0.100000,11000,46000,47000,47000,48000,48000,49000,49000,49000,49000,49000,38299,54,5900,9318.221254439726,0.5523750005522743,48608.18954199931,3902.489882242356
1787658591,3000,POST,/follow,4.700000,0.000000,45000,46000,47000,47000,48000,48000,49000,49000,49000,49000,49000,3832,7,5800,9135.66479904564,1.8352499973843805,48548.029041005066,16.96894572025052
1787658591,3000,POST,/posts,10.400000,0.100000,11000,46000,47000,47000,48000,48000,48000,48000,49000,49000,49000,7637,9,5900,9174.392632303487,1.656333995924797,48532.675458001904,168.80083802540264
1787658591,3000,,Aggregated,75.500000,0.200000,11000,46000,47000,47000,48000,48000,49000,49000,49000,49000,49000,49768,70,5900,9282.094114021713,0.5523750005522743,48608.18954199931,3030.3732719819964
1787658592,3000,GET,/feed,62.100000,0.100000,11000,46000,47000,47000,48000,49000,49000,49000,49000,49000,49000,38349,54,5900,9350.968843443272,0.5523750005522743,49218.30137500365,3902.4970664163343
1787658592,3000,POST,/follow,5.200000,0.000000,45000,46000,47000,47000,48000,48000,49000,49000,49000,49000,49000,3834,7,5800,9146.47632646085,1.8352499973843805,48684.6910000022,16.968961919666146
1787658592,3000,POST,/posts,11.100000,0.100000,11000,46000,47000,47000,48000,48000,49000,49000,49000,49000,49000,7642,9,5900,9185.4643068169,1.656333995924797,48621.25733400171,168.80096833289716
1787658592,3000,,Aggregated,78.400000,0.200000,11000,46000,47000,47000,48000,49000,49000,49000,49000,49000,49000,49825,70,5900,9309.848723443103,0.5523750005522743,49218.30137500365,3030.8458805820374
1787658593,3000,GET,/feed,64.100000,0.100000,11000,47000,48000,48000,49000,49000,50000,50000,50000,50000,50000,38403,54,5900,9382.715424577089,0.5523750005522743,49855.92179100058,3902.5048043121633
1787658593,3000,POST,/follow,5.200000,0.000000,46000,47000,48000,48000,50000,50000,50000,50000,50000,50000,50000,3841,7,5800,9200.39195773286,1.8352499973843805,49738.300208999135,16.96901848476959
1787658593,3000,POST,/posts,11.200000,0.100000,11000,47000,47000,48000,48000,50000,50000,50000,50000,50000,50000,7649,9,5900,9212.487929367991,1.656333995924797,49796.58183299762,168.80115047718655
1787658593,3000,,Aggregated,80.500000,0.200000,46000,47000,48000,48000,49000,49000,50000,50000,50000,50000,50000,49893,70,5900,9342.582048211621,0.5523750005522743,49855.92179100058,3030.9708776782313
1787658594,3030,GET,/feed,67.000000,0.000000,11000,47000,48000,49000,49000,50000,50000,50000,50000,50000,50000,38473,54,6000,9419.936759188184,0.5523750005522743,50114.97454199707,3902.5148025888284
1787658594,3030,POST,/follow,5.100000,0.000000,47000,48000,49000,50000,50000,50000,50000,50000,50000,50000,50000,3855,7,5800,9277.33806166949,1.8352499973843805,50088.16316699813,16.969130998702983
1787658594,3030,POST,/posts,11.300000,0.100000,11000,47000,48000,48000,50000,50000,50000,50000,50000,50000,50000,7663,9,5900,9246.139321722536,1.656333995924797,49893.71462500276,168.801513767454
1787658594,3030,,Aggregated,83.400000,0.100000,11000,47000,48000,48000,50000,50000,50000,50000,50000,50000,50000,49991,70,5900,9382.2994296242,0.5523750005522743,50114.97454199707,3030.5533796083296
1787658595,3060,GET,/feed,65.500000,0.000000,46000,48000,49000,49000,50000,50000,50000,50000,50000,50000,50000,38550,54,6000,9463.024283847708,0.5523750005522743,50390.630166002666,3902.525758754864
1787658595,3060,POST,/follow,5.000000,0.000000,47000,48000,50000,50000,50000,50000,50000,50000,50000,50000,50000,3866,7,5800,9321.409757885893,1.8352499973843805,50360.94941699412,16.9692188308329
1787658595,3060,POST,/posts,11.100000,0.100000,11000,47000,48000,48000,50000,50000,50000,50000,50000,50000,50000,7674,9,5900,9268.317934859368,1.656333995924797,50358.54379100056,168.80179827990617
1787658595,3060,,Aggregated,81.600000,0.100000,11000,48000,49000,49000,50000,50000,50000,50000,50000,50000,50000,50090,70,5900,9422.264485893938,0.5523750005522743,50390.630166002666,3030.6120183669395
1787658596,3090,GET,/feed,64.600000,0.000000,11000,48000,49000,50000,50000,50000,51000,51000,51000,51000,51000,38619,54,6000,9501.064077291308,0.5523750005522743,51078.943166998215,3902.5355395012816
1787658596,3090,POST,/follow,5.800000,0.000000,11000,48000,50000,50000,50000,50000,50000,51000,51000,51000,51000,3876,8,5800,9352.152676972875,1.4030409947736189,50996.877707999374,16.964912280701753
1787658596,3090,POST,/posts,11.100000,0.100000,11000,48000,48000,50000,50000,50000,51000,51000,51000,51000,51000,7689,9,5900,9306.880598087237,1.656333995924797,51027.88133300055,168.80218493952398
1787658596,3090,,Aggregated,81.500000,0.100000,11000,48000,49000,50000,50000,50000,51000,51000,51000,51000,51000,50184,71,5900,9459.810742379112,0.5523750005522743,51078.943166998215,3030.3621871512833
1787658597,3120,GET,/feed,64.800000,0.000000,47000,49000,50000,50000,51000,51000,51000,51000,51000,51000,51000,38686,54,6000,9544.467681084921,0.5523750005522743,51246.58150000323,3902.545003360389
1787658597,3120,POST,/follow,6.200000,0.000000,11000,50000,50000,50000,50000,51000,51000,51000,51000,51000,51000,3881,8,5800,9384.776245949719,1.4030409947736189,51104.03754199797,16.964957485184232
1787658597,3120,POST,/posts,10.900000,0.100000,11000,48000,50000,50000,51000,51000,51000,51000,51000,51000,51000,7711,9,5900,9367.547680827232,1.656333995924797,51102.93224999623,168.80274931915446
1787658597,3120,,Aggregated,81.900000,0.100000,11000,49000,50000,50000,51000,51000,51000,51000,51000,51000,51000,50278,71,6000,9505.007229560475,0.5523750005522743,51246.58150000323,3029.9800111380723
1787658598,3150,GET,/feed,65.700000,0.000000,48000,50000,50000,50000,51000,51000,51000,52000,52000,52000,52000,38757,56,6000,9586.44882644943,0.5523750005522743,51559.24537499959,3902.3533297210824
1787658598,3150,POST,/follow,6.700000,0.100000,11000,50000,50000,50000,50000,51000,51000,51000,51000,51000,51000,3884,8,5800,9395.885316681222,1.4030409947736189,51403.74562500074,16.96498455200824
1787658598,3150,POST,/posts,11.100000,0.000000,11000,50000,50000,51000,51000,51000,51000,52000,52000,52000,52000,7730,9,5900,9422.619453291567,1.656333995924797,51515.54787499481,168.803234152652
1787658598,3150,,Aggregated,83.500000,0.100000,48000,50000,50000,50000,51000,51000,51000,52000,52000,52000,52000,50371,73,6000,9546.613410705262,0.5523750005522743,51559.24537499959,3029.803835540291
1787658599,3180,GET,/feed,66.200000,0.000000,49000,50000,50000,51000,51000,52000,52000,52000,52000,52000,52000,38832,56,6100,9627.842035214378,0.5523750005522743,51909.46316600457,3902.364235681912
1787658599,3180,POST,/follow,6.800000,0.100000,48000,50000,50000,50000,51000,52000,52000,52000,52000,52000,52000,3899,8,5800,9494.045300651671,1.4030409947736189,51902.04675000132,16.965119261349063
1787658599,3180,POST,/posts,12.500000,0.000000,11000,50000,51000,51000,51000,51000,52000,52000,52000,52000,52000,7743,9,5900,9444.770338841767,1.656333995924797,51884.36749999528,168.8035645098799
1787658599,3180,,Aggregated,85.500000,0.100000,48000,50000,50000,51000,51000,52000,52000,52000,52000,52000,52000,50474,73,6000,9589.422302023575,0.5523750005522743,51909.46316600457,3029.476582002615
1787658600,3210,GET,/feed,67.100000,0.200000,49000,50000,51000,51000,52000,52000,52000,52000,52000,52000,52000,38902,56,6100,9663.694275734197,0.5523750005522743,52246.986999998626,3902.3743766387333
1787658600,3210,POST,/follow,6.500000,0.100000,11000,50000,50000,51000,52000,52000,52000,52000,52000,52000,52000,3906,8,5800,9526.703798128996,1.4030409947736189,52142.78575000208,16.965181771633386
1787658600,3210,POST,/posts,12.700000,0.000000,11000,50000,51000,51000,51000,52000,52000,52000,52000,52000,52000,7756,9,5900,9483.148465422744,1.656333995924797,51901.22225000232,168.80389375966993
1787658600,3210,,Aggregated,86.300000,0.300000,49000,50000,51000,51000,52000,52000,52000,52000,52000,52000,52000,50564,73,6000,9625.418069138575,0.5523750005522743,52246.986999998626,3029.540325132505
1787658601,3240,GET,/feed,67.500000,0.200000,49000,50000,51000,51000,52000,52000,53000,53000,53000,53000,53000,38968,56,6100,9696.566786211086,0.5523750005522743,52612.634958000854,3902.3839047423526
1787658601,3240,POST,/follow,7.900000,0.100000,11000,50000,51000,51000,52000,52000,52000,53000,53000,53000,53000,3913,8,5800,9559.625307786064,1.4030409947736189,52526.87412499654,16.965244058267313
1787658601,3240,POST,/posts,13.000000,0.000000,11000,50000,51000,51000,52000,52000,52000,53000,53000,53000,53000,7769,9,5900,9505.368030873573,1.656333995924797,52586.540875003266,168.80422190758142
1787658601,3240,,Aggregated,88.400000,0.300000,49000,50000,51000,51000,52000,52000,53000,53000,53000,53000,53000,50650,73,6000,9656.660070805485,0.5523750005522743,52612.634958000854,3029.534471865745
1787658602,3270,GET,/feed,67.300000,0.200000,50000,51000,51000,52000,52000,53000,53000,53000,53000,53000,53000,39038,56,6100,9743.900148487644,0.5523750005522743,52902.21366699552,3902.3939751011835
1787658602,3270,POST,/follow,7.800000,0.100000,11000,50000,51000,52000,52000,53000,53000,53000,53000,53000,53000,3922,8,5800,9625.711531284516,1.4030409947736189,52854.27229099878,16.96532381438042
1787658602,3270,POST,/posts,12.900000,0.000000,11000,51000,51000,51000,52000,52000,53000,53000,53000,53000,53000,7780,9,5900,9538.772040507558,1.656333995924797,52853.22945899679,168.80449871465296
1787658602,3270,,Aggregated,88.000000,0.300000,50000,51000,51000,52000,52000,53000,53000,53000,53000,53000,53000,50740,73,6100,9703.312201369881,0.5523750005522743,52902.21366699552,3029.59189988175
1787658603,3300,GET,/feed,66.700000,0.200000,50000,51000,52000,52000,53000,53000,53000,53000,53000,53000,53000,39115,56,6100,9789.890607779203,0.5523750005522743,53157.90158299933,3902.405010865397
1787658603,3300,POST,/follow,8.100000,0.100000,10000,51000,52000,52000,53000,53000,53000,53000,53000,53000,53000,3928,8,5900,9669.583476618349,1.4030409947736189,53068.766625001444,16.965376782077392
1787658603,3300,POST,/posts,13.300000,0.000000,10000,51000,51000,52000,53000,53000,53000,53000,53000,53000,53000,7792,9,6000,9588.662124869456,1.656333995924797,53072.21929200023,168.8047997946612
1787658603,3300,,Aggregated,88.100000,0.300000,50000,51000,52000,52000,53000,53000,53000,53000,53000,53000,53000,50835,73,6100,9749.7501779566,0.5523750005522743,53157.90158299933,3029.8915904396576
1787658604,3330,GET,/feed,68.400000,0.200000,51000,52000,52000,52000,53000,53000,53000,53000,53000,53000,53000,39185,56,6100,9823.490845423165,0.5523750005522743,53482.37591699581,3902.415005741993
1787658604,3330,POST,/follow,8.500000,0.100000,50000,52000,52000,52000,53000,53000,53000,53000,53000,53000,53000,3936,8,5900,9701.89491879189,1.4030409947736189,53375.65441699553,16.965447154471544
1787658604,3330,POST,/posts,13.500000,0.000000,10000,51000,52000,52000,53000,53000,53000,53000,53000,53000,53000,7807,9,6000,9621.593874965643,1.656333995924797,53465.126209004666,168.80517484308953
1787658604,3330,,Aggregated,90.400000,0.300000,50000,51000,52000,52000,53000,53000,53000,53000,53000,53000,53000,50928,73,6100,9783.14346842854,0.5523750005522743,53482.37591699581,3029.7826343072575
1787658605,3360,GET,/feed,70.800000,0.200000,51000,52000,52000,53000,53000,53000,54000,54000,54000,54000,54000,39257,56,6100,9859.601856330099,0.5523750005522743,54103.822707998916,3902.425249000178
1787658605,3360,POST,/follow,9.000000,0.100000,51000,52000,52000,53000,53000,53000,54000,54000,54000,54000,54000,3940,8,5900,9723.908460562403,1.4030409947736189,54030.527916998835,16.965482233502538
1787658605,3360,POST,/posts,14.300000,0.000000,51000,52000,52000,53000,53000,54000,54000,54000,54000,54000,54000,7821,9,6000,9683.385710349932,1.656333995924797,54045.031250003376,168.8055235903337
1787658605,3360,,Aggregated,94.100000,0.300000,51000,52000,52000,53000,53000,53000,54000,54000,54000,54000,54000,51018,73,6100,9822.108844902066,0.5523750005522743,54103.822707998916,3030.0007840370067
1787658606,3390,GET,/feed,70.900000,0.200000,51000,52000,53000,53000,53000,54000,54000,54000,54000,54000,54000,39322,57,6200,9896.043852681034,0.5523750005522743,54465.315624998766,3902.3350795992064
1787658606,3390,POST,/follow,8.200000,0.100000,51000,52000,53000,53000,53000,54000,54000,54000,54000,54000,54000,3945,8,5900,9746.020126655987,1.4030409947736189,54326.878457999555,16.965525982256022
1787658606,3390,POST,/posts,14.100000,0.000000,51000,52000,53000,53000,54000,54000,54000,54000,54000,54000,54000,7832,9,6000,9728.66352275112,1.656333995924797,54361.11008300213,168.80579673135853
1787658606,3390,,Aggregated,93.200000,0.300000,51000,52000,53000,53000,54000,54000,54000,54000,54000,54000,54000,51099,74,6100,9858.806992014886,0.5523750005522743,54465.315624998766,3030.130452650737
1787658607,3420,GET,/feed,70.500000,0.200000,10000,52000,53000,53000,54000,54000,55000,55000,55000,55000,55000,39395,57,6200,9931.732482566536,0.5523750005522743,55026.249291993736,3902.345576849854
1787658607,3420,POST,/follow,7.400000,0.100000,51000,52000,53000,53000,53000,54000,55000,55000,55000,55000,55000,3953,8,5900,9779.57853664707,1.4030409947736189,54990.38845799805,16.965595750063244
1787658607,3420,POST,/posts,14.700000,0.000000,52000,53000,53000,54000,54000,55000,55000,55000,55000,55000,55000,7851,9,6100,9802.84453163301,1.656333995924797,55005.88420800341,168.80626671761559
1787658607,3420,,Aggregated,92.600000,0.300000,51000,53000,53000,53000,54000,54000,55000,55000,55000,55000,55000,51199,74,6100,9900.220854390238,0.5523750005522743,55026.249291993736,3029.849547842731
1787658608,3450,GET,/feed,70.100000,0.300000,9700,53000,53000,53000,54000,55000,55000,55000,55000,55000,55000,39466,57,6200,9962.916588482512,0.5523750005522743,55279.32679200603,3902.355749252521
1787658608,3450,POST,/follow,7.000000,0.000000,9600,52000,53000,53000,54000,55000,55000,55000,55000,55000,55000,3957,8,5900,9778.898145278461,1.4030409947736189,54990.38845799805,16.96563052817791
1787658608,3450,POST,/posts,14.500000,0.000000,52000,53000,54000,54000,55000,55000,55000,55000,55000,55000,55000,7864,9,6100,9848.48014570305,1.656333995924797,55270.57354099816,168.80658697863683
1787658608,3450,,Aggregated,91.600000,0.300000,9700,53000,53000,54000,54000,55000,55000,55000,55000,55000,55000,51287,74,6200,9931.17191311106,0.5523750005522743,55279.32679200603,3030.105094858346
1787658609,3480,GET,/feed,70.600000,0.300000,9700,53000,53000,54000,55000,55000,56000,56000,56000,56000,56000,39541,57,6200,10001.434761691706,0.5523750005522743,55962.260916996456,3902.3664550719504
1787658609,3480,POST,/follow,7.100000,0.000000,9700,53000,53000,53000,55000,56000,56000,56000,56000,56000,56000,3962,8,5900,9813.477898418698,1.4030409947736189,55929.907916004595,16.96567390206966
1787658609,3480,POST,/posts,13.500000,0.000000,53000,53000,54000,54000,55000,55000,56000,56000,56000,56000,56000,7885,9,6100,9882.21788057714,1.656333995924797,55951.77920800052,168.80710209258086
1787658609,3480,,Aggregated,91.200000,0.300000,9700,53000,54000,54000,55000,55000,56000,56000,56000,56000,56000,51388,74,6200,9968.650644779673,0.5523750005522743,55962.260916996456,3029.923990036584
1787658610,3510,GET,/feed,70.700000,0.100000,9700,53000,54000,54000,55000,56000,56000,56000,56000,56000,56000,39611,57,6200,10037.758729921583,0.5523750005522743,56194.04358299653,3902.376410593017
1787658610,3510,POST,/follow,7.500000,0.000000,52000,53000,54000,54000,56000,56000,56000,56000,56000,56000,56000,3967,8,5900,9859.845141572445,1.4030409947736189,56142.70637500158,16.965717166624653
1787658610,3510,POST,/posts,13.400000,0.000000,53000,54000,55000,55000,56000,56000,56000,56000,56000,56000,56000,7902,9,6100,9939.877794795711,1.656333995924797,56197.76287499553,168.80751708428247
1787658610,3510,,Aggregated,91.600000,0.100000,9700,53000,54000,54000,55000,56000,56000,56000,56000,56000,56000,51480,74,6200,10009.024496154192,0.5523750005522743,56197.76287499553,3029.880574980575
1787658611,3540,GET,/feed,70.500000,0.100000,9500,54000,54000,55000,56000,56000,56000,56000,56000,56000,56000,39682,57,6200,10081.038714397404,0.5523750005522743,56194.04358299653,3902.3864724560253
1787658611,3540,POST,/follow,6.400000,0.000000,9300,53000,54000,55000,56000,56000,56000,56000,56000,56000,56000,3976,8,5900,9893.588274290465,1.4030409947736189,56142.70637500158,16.96579476861167
1787658611,3540,POST,/posts,14.000000,0.000000,53000,54000,55000,55000,56000,56000,56000,56000,56000,56000,56000,7919,9,6100,9997.318799203522,1.656333995924797,56197.76287499553,168.80793029422907
1787658611,3540,,Aggregated,90.900000,0.100000,9600,54000,55000,55000,56000,56000,56000,56000,56000,56000,56000,51577,74,6200,10053.734277181491,0.5523750005522743,56197.76287499553,3029.6206836380557
1787658612,3570,GET,/feed,70.800000,0.100000,9300,54000,55000,55000,56000,56000,56000,56000,56000,56000,56000,39745,57,6200,10118.608704302707,0.5523750005522743,56291.11395899963,3902.3953704868536
1787658612,3570,POST,/follow,6.200000,0.000000,9200,54000,55000,56000,56000,56000,56000,56000,56000,56000,56000,3982,8,5900,9928.02403090881,1.4030409947736189,56253.103708004346,16.965846308387746
1787658612,3570,POST,/posts,14.200000,0.000000,53000,55000,55000,56000,56000,56000,56000,56000,56000,56000,56000,7932,9,6100,10025.650461182888,1.656333995924797,56296.861584,168.80824508320725
1787658612,3570,,Aggregated,91.200000,0.100000,9300,54000,55000,56000,56000,56000,56000,56000,56000,56000,56000,51659,74,6200,10089.644671822783,0.5523750005522743,56296.861584,3029.6221181207534
1787658613,3600,GET,/feed,70.800000,0.100000,9300,55000,56000,56000,56000,56000,56000,56000,56000,56000,56000,39815,57,6300,10159.280206465683,0.5523750005522743,56291.11395899963,3902.4052241617483
1787658613,3600,POST,/follow,6.100000,0.000000,9300,55000,56000,56000,56000,56000,56000,56000,56000,56000,56000,3985,8,5900,9962.672354108126,1.4030409947736189,56253.103708004346,16.96587202007528
1787658613,3600,POST,/posts,14.700000,0.000000,54000,55000,56000,56000,56000,56000,56000,56000,56000,56000,56000,7948,9,6100,10076.930680629675,1.656333995924797,56296.861584,168.80863110216407
1787658613,3600,,Aggregated,91.600000,0.100000,9300,55000,56000,56000,56000,56000,56000,56000,56000,56000,56000,51748,74,6200,10131.491763956044,0.5523750005522743,56296.861584,3029.7511787895182
1787658614,3630,GET,/feed,70.400000,0.100000,9300,55000,56000,56000,56000,56000,56000,56000,56000,56000,56000,39889,58,6300,10208.753855026296,0.5523750005522743,56291.11395899963,3902.3176314272105
1787658614,3630,POST,/follow,6.300000,0.000000,54000,56000,56000,56000,56000,56000,56000,56000,56000,56000,56000,3993,8,5900,10042.837433653614,1.4030409947736189,56253.103708004346,16.965940395692463
1787658614,3630,POST,/posts,15.400000,0.000000,54000,56000,56000,56000,56000,56000,56000,56000,56000,56000,56000,7963,9,6200,10128.014476581397,1.656333995924797,56296.861584,168.80899158608565
1787658614,3630,,Aggregated,92.100000,0.100000,54000,55000,56000,56000,56000,56000,56000,56000,56000,56000,56000,51845,75,6200,10183.574340297831,0.5523750005522743,56296.861584,3029.6367827177164
1787658615,3660,GET,/feed,69.600000,0.100000,9300,56000,56000,56000,56000,56000,56000,56000,56000,56000,56000,39962,58,6300,10247.570425830907,0.5523750005522743,56291.11395899963,3902.3280116110304
1787658615,3660,POST,/follow,5.600000,0.000000,56000,56000,56000,56000,56000,56000,56000,56000,56000,56000,56000,3997,8,5900,10088.447221498343,1.4030409947736189,56253.103708004346,16.965974480860645
1787658615,3660,POST,/posts,15.000000,0.000000,55000,56000,56000,56000,56000,56000,56000,56000,56000,56000,56000,7980,9,6200,10178.349058231288,1.656333995924797,56296.861584,168.8093984962406
1787658615,3660,,Aggregated,90.200000,0.100000,9500,56000,56000,56000,56000,56000,56000,56000,56000,56000,56000,51939,75,6300,10224.689701112262,0.5523750005522743,56296.861584,3029.7029977473576
1787658616,3690,GET,/feed,70.000000,0.200000,9300,56000,56000,56000,56000,56000,56000,56000,56000,56000,56000,40027,58,6300,10282.949193714165,0.5523750005522743,56291.11395899963,3902.337222374897
1787658616,3690,POST,/follow,5.500000,0.000000,56000,56000,56000,56000,56000,56000,56000,56000,56000,56000,56000,4005,8,5900,10121.330393715325,1.4030409947736189,56253.103708004346,16.966042446941323
1787658616,3690,POST,/posts,15.800000,0.000000,55000,56000,56000,56000,56000,56000,56000,56000,56000,56000,56000,7993,9,6200,10240.537209451355,1.656333995924797,56296.861584,168.80970849493306
1787658616,3690,,Aggregated,91.300000,0.200000,55000,56000,56000,56000,56000,56000,56000,56000,56000,56000,56000,52025,75,6300,10263.991341062412,0.5523750005522743,56296.861584,3029.622239308025
1787658617,3720,GET,/feed,69.800000,0.200000,9500,56000,56000,56000,56000,56000,56000,56000,56000,56000,56000,40097,58,6400,10319.308996796344,0.5523750005522743,56291.11395899963,3902.3471082624637
1787658617,3720,POST,/follow,5.700000,0.000000,56000,56000,56000,56000,56000,56000,56000,56000,56000,56000,56000,4011,8,5900,10143.149330486132,1.4030409947736189,56253.103708004346,16.966093243580154
1787658617,3720,POST,/posts,15.600000,0.000000,56000,56000,56000,56000,56000,56000,56000,56000,56000,56000,56000,8003,9,6200,10285.599680138032,1.656333995924797,56296.861584,168.80994627014869
1787658617,3720,,Aggregated,91.100000,0.200000,55000,56000,56000,56000,56000,56000,56000,56000,56000,56000,56000,52111,75,6300,10300.572989373992,0.5523750005522743,56296.861584,3029.9063345550844
1787658618,3750,GET,/feed,70.200000,0.100000,55000,56000,56000,56000,56000,56000,56000,56000,56000,56000,56000,40173,58,6400,10356.497511953548,0.5523750005522743,56291.11395899963,3902.3578025041693
1787658618,3750,POST,/follow,6.000000,0.000000,56000,56000,56000,56000,56000,56000,56000,56000,56000,56000,56000,4024,8,6000,10174.570355915477,1.4030409947736189,56253.103708004346,16.966202783300197
1787658618,3750,POST,/posts,16.000000,0.000000,56000,56000,56000,56000,56000,56000,56000,56000,56000,56000,56000,8015,9,6200,10324.529005102391,1.656333995924797,56296.861584,168.81023081721773
1787658618,3750,,Aggregated,92.200000,0.100000,56000,56000,56000,56000,56000,56000,56000,56000,56000,56000,56000,52212,75,6300,10337.568866080786,0.5523750005522743,56296.861584,3029.7767946066037
1787658619,3780,GET,/feed,69.800000,0.100000,56000,56000,56000,56000,56000,56000,56000,56000,56000,56000,56000,40243,58,6400,10397.080370685531,0.5523750005522743,56291.11395899963,3902.367616728375
1787658619,3780,POST,/follow,5.900000,0.000000,9500,56000,56000,56000,56000,56000,56000,56000,56000,56000,56000,4037,8,6000,10240.126097977924,1.4030409947736189,56253.103708004346,16.966311617537777
1787658619,3780,POST,/posts,15.400000,0.000000,56000,56000,56000,56000,56000,56000,56000,56000,56000,56000,56000,8029,9,6200,10362.9124280651,1.656333995924797,56296.861584,168.8105617137875
1787658619,3780,,Aggregated,91.100000,0.100000,56000,56000,56000,56000,56000,56000,56000,56000,56000,56000,56000,52309,75,6300,10379.722768547863,0.5523750005522743,56296.861584,3029.4376302357146
1787658620,3810,GET,/feed,70.200000,0.100000,55000,56000,56000,56000,56000,56000,56000,56000,56000,56000,56000,40312,58,6400,10429.334218280686,0.5523750005522743,56291.11395899963,3902.3772573923397
1787658620,3810,POST,/follow,6.500000,0.000000,9500,56000,56000,56000,56000,56000,56000,56000,56000,56000,56000,4048,8,6100,10282.704660324824,1.4030409947736189,56253.103708004346,16.966403162055336
1787658620,3810,POST,/posts,15.000000,0.000000,56000,56000,56000,56000,56000,56000,56000,56000,56000,56000,56000,8045,9,6200,10400.658869895296,1.656333995924797,56296.861584,168.81093847110006
1787658620,3810,,Aggregated,91.700000,0.100000,55000,56000,56000,56000,56000,56000,56000,56000,56000,56000,56000,52405,75,6400,10413.605764347565,0.5523750005522743,56296.861584,3029.088751073371
1787658621,3840,GET,/feed,69.800000,0.100000,9400,56000,56000,56000,56000,56000,56000,56000,56000,56000,56000,40362,58,6400,10456.665469126307,0.5523750005522743,56291.11395899963,3902.3842227838068
1787658621,3840,POST,/follow,7.100000,0.000000,9300,56000,56000,56000,56000,56000,56000,56000,56000,56000,56000,4055,8,6100,10326.675693401941,1.4030409947736189,56253.103708004346,16.966461159062884
1787658621,3840,POST,/posts,14.600000,0.000000,56000,56000,56000,56000,56000,56000,56000,56000,56000,56000,56000,8054,10,6300,10421.296981088111,1.656333995924797,56296.861584,168.79016637695554
1787658621,3840,,Aggregated,91.500000,0.100000,55000,56000,56000,56000,56000,56000,56000,56000,56000,56000,56000,52471,76,6400,10441.190895681519,0.5523750005522743,56296.861584,3029.030645499419
1787658622,3870,GET,/feed,69.900000,0.100000,9400,56000,56000,56000,56000,56000,56000,56000,56000,56000,56000,40432,58,6400,10498.290338598346,0.5523750005522743,56291.11395899963,3902.39394538979
1787658622,3870,POST,/follow,7.900000,0.000000,55000,56000,56000,56000,56000,56000,56000,56000,56000,56000,56000,4064,8,6100,10392.848107241354,1.4030409947736189,56253.103708004346,16.966535433070867
1787658622,3870,POST,/posts,14.300000,0.000000,55000,56000,56000,56000,56000,56000,56000,56000,56000,56000,56000,8069,10,6300,10448.028122363326,1.656333995924797,56296.861584,168.79055645061345
1787658622,3870,,Aggregated,92.100000,0.100000,55000,56000,56000,56000,56000,56000,56000,56000,56000,56000,56000,52565,76,6400,10482.422688050727,0.5523750005522743,56296.861584,3028.869304670408
1787658623,3900,GET,/feed,68.000000,0.100000,55000,56000,56000,56000,56000,56000,56000,56000,56000,56000,56000,40502,58,6500,10541.865492803923,0.5523750005522743,56291.11395899963,3902.4036343884254
1787658623,3900,POST,/follow,8.000000,0.000000,9400,56000,56000,56000,56000,56000,56000,56000,56000,56000,56000,4068,8,6100,10425.808551549868,1.4030409947736189,56253.103708004346,16.966568338249754
1787658623,3900,POST,/posts,13.700000,0.100000,55000,56000,56000,56000,56000,56000,56000,56000,56000,56000,56000,8087,10,6300,10496.864934665713,1.656333995924797,56296.861584,168.7910226289106
1787658623,3900,,Aggregated,89.700000,0.200000,55000,56000,56000,56000,56000,56000,56000,56000,56000,56000,56000,52657,76,6400,10525.988417568227,0.5523750005522743,56296.861584,3028.831589342348
1787658624,3930,GET,/feed,68.200000,0.100000,55000,56000,56000,56000,56000,56000,56000,56000,56000,56000,56000,40577,58,6700,10587.38492139245,0.5523750005522743,56291.11395899963,3902.4139783621263
1787658624,3930,POST,/follow,8.100000,0.000000,9300,55000,56000,56000,56000,56000,56000,56000,56000,56000,56000,4071,8,6100,10436.29511783465,1.4030409947736189,56253.103708004346,16.96659297469909
1787658624,3930,POST,/posts,13.500000,0.100000,55000,56000,56000,56000,56000,56000,56000,56000,56000,56000,56000,8094,10,6300,10512.915602737536,1.656333995924797,56296.861584,168.79120336051395
1787658624,3930,,Aggregated,89.800000,0.200000,55000,56000,56000,56000,56000,56000,56000,56000,56000,56000,56000,52742,76,6400,10564.2943814911,0.5523750005522743,56296.861584,3029.5309051609725
1787658625,3960,GET,/feed,68.300000,0.100000,55000,56000,56000,56000,56000,56000,56000,56000,56000,56000,56000,40638,59,6900,10621.602818316976,0.5523750005522743,56291.11395899963,3902.326197155372
1787658625,3960,POST,/follow,8.300000,0.000000,9500,55000,56000,56000,56000,56000,56000,56000,56000,56000,56000,4078,8,6200,10502.12994034989,1.4030409947736189,56253.103708004346,16.966650318783717
1787658625,3960,POST,/posts,13.800000,0.100000,9500,55000,56000,56000,56000,56000,56000,56000,56000,56000,56000,8105,10,6300,10539.757853112227,1.656333995924797,56296.861584,168.79148673658236
1787658625,3960,,Aggregated,90.400000,0.200000,55000,56000,56000,56000,56000,56000,56000,56000,56000,56000,56000,52821,77,6500,10599.820499933483,0.5523750005522743,56296.861584,3029.4764771587056
1787658626,3990,GET,/feed,68.300000,0.000000,55000,56000,56000,56000,56000,56000,56000,56000,56000,56000,56000,40708,59,7100,10652.764657586153,0.5523750005522743,56291.11395899963,3902.33595362091
1787658626,3990,POST,/follow,7.900000,0.000000,55000,56000,56000,56000,56000,56000,56000,56000,56000,56000,56000,4087,8,6200,10567.864924455062,1.4030409947736189,56253.103708004346,16.966723758257892
1787658626,3990,POST,/posts,12.900000,0.100000,9700,55000,56000,56000,56000,56000,56000,56000,56000,56000,56000,8115,10,6300,10561.38047199342,1.656333995924797,56296.861584,168.79174368453482
1787658626,3990,,Aggregated,89.100000,0.100000,9700,56000,56000,56000,56000,56000,56000,56000,56000,56000,56000,52910,77,6500,10632.190704167293,0.5523750005522743,56296.861584,3029.5857115857116
1787658627,4020,GET,/feed,67.700000,0.100000,55000,55000,56000,56000,56000,56000,56000,56000,56000,56000,56000,40772,59,7300,10687.235092903293,0.5523750005522743,56291.11395899963,3902.344844501128
1787658627,4020,POST,/follow,8.100000,0.000000,55000,56000,56000,56000,56000,56000,56000,56000,56000,56000,56000,4091,8,6200,10600.632077476615,1.4030409947736189,56253.103708004346,16.96675629430457
1787658627,4020,POST,/posts,12.700000,0.100000,9700,55000,56000,56000,56000,56000,56000,56000,56000,56000,56000,8131,10,6300,10610.388867638248,1.656333995924797,56296.861584,168.79215348665602
1787658627,4020,,Aggregated,88.500000,0.200000,55000,55000,56000,56000,56000,56000,56000,56000,56000,56000,56000,52994,77,6700,10668.758857975927,0.5523750005522743,56296.861584,3029.5554968487
1787658628,4050,GET,/feed,67.800000,0.100000,55000,55000,56000,56000,56000,56000,56000,56000,56000,56000,56000,40844,59,7700,10721.317009325654,0.5523750005522743,56291.11395899963,3902.35481343649
1787658628,4050,POST,/follow,7.700000,0.000000,55000,56000,56000,56000,56000,56000,56000,56000,56000,56000,56000,4094,8,6200,10611.100907760829,1.4030409947736189,56253.103708004346,16.96678065461651
1787658628,4050,POST,/posts,12.200000,0.100000,9700,55000,55000,56000,56000,56000,56000,56000,56000,56000,56000,8150,10,6400,10664.356984240561,1.656333995924797,56296.861584,168.79263803680982
1787658628,4050,,Aggregated,87.700000,0.200000,55000,55000,56000,56000,56000,56000,56000,56000,56000,56000,56000,53088,77,7000,10704.073019643429,0.5523750005522743,56296.861584,3029.5528556359254
1787658629,4080,GET,/feed,67.100000,0.100000,55000,55000,56000,56000,56000,56000,56000,56000,56000,56000,56000,40914,59,7700,10759.72071800457,0.5523750005522743,56291.11395899963,3902.364471818937
1787658629,4080,POST,/follow,7.900000,0.000000,55000,56000,56000,56000,56000,56000,56000,56000,56000,56000,56000,4103,8,6200,10664.771042397231,1.4030409947736189,56253.103708004346,16.966853521813306
1787658629,4080,POST,/posts,12.800000,0.100000,9700,55000,55000,55000,56000,56000,56000,56000,56000,56000,56000,8170,10,6400,10700.909595891872,1.656333995924797,56296.861584,168.79314565483477
1787658629,4080,,Aggregated,87.800000,0.200000,55000,55000,56000,56000,56000,56000,56000,56000,56000,56000,56000,53187,77,7200,10743.362108068333,0.5523750005522743,56296.861584,3029.123564028804
1787658630,4110,GET,/feed,66.700000,0.100000,9700,55000,56000,56000,56000,56000,56000,56000,56000,56000,56000,40985,59,7800,10790.190746774892,0.5523750005522743,56291.11395899963,3902.3742344760276
1787658630,4110,POST,/follow,7.100000,0.000000,55000,56000,56000,56000,56000,56000,56000,56000,56000,56000,56000,4107,8,6300,10697.250594979263,1.4030409947736189,56253.103708004346,16.966885804723642
1787658630,4110,POST,/posts,13.600000,0.100000,9700,55000,55000,55000,56000,56000,56000,56000,56000,56000,56000,8187,10,6400,10754.647489843968,1.656333995924797,56296.861584,168.79357518016369
1787658630,4110,,Aggregated,87.400000,0.200000,55000,55000,56000,56000,56000,56000,56000,56000,56000,56000,56000,53279,77,7600,10777.564799442567,0.5523750005522743,56296.861584,3029.1560277032227
1787658631,4140,GET,/feed,67.000000,0.100000,9800,55000,55000,56000,56000,56000,56000,56000,56000,56000,56000,41046,60,7900,10821.671656886705,0.5523750005522743,56291.11395899963,3902.2873848852505
1787658631,4140,POST,/follow,6.800000,0.000000,55000,55000,56000,56000,56000,56000,56000,56000,56000,56000,56000,4115,8,6300,10750.749772933856,1.4030409947736189,56253.103708004346,16.966950182260025
1787658631,4140,POST,/posts,13.900000,0.100000,9700,55000,55000,55000,56000,56000,56000,56000,56000,56000,56000,8205,10,6400,10813.40838858654,1.656333995924797,56296.861584,168.794028031688
1787658631,4140,,Aggregated,87.700000,0.200000,55000,55000,55000,56000,56000,56000,56000,56000,56000,56000,56000,53366,78,7700,10814.932465849919,0.5523750005522743,56296.861584,3028.6711014503617
1787658632,4170,GET,/feed,66.600000,0.100000,9700,55000,55000,56000,56000,56000,56000,56000,56000,56000,56000,41113,60,7900,10852.893062692861,0.5523750005522743,56291.11395899963,3902.2966944761997
1787658632,4170,POST,/follow,6.100000,0.000000,55000,55000,56000,56000,56000,56000,56000,56000,56000,56000,56000,4121,8,6300,10782.096077842707,1.4030409947736189,56253.103708004346,16.96699830138316
1787658632,4170,POST,/posts,13.700000,0.100000,9800,55000,55000,55000,56000,56000,56000,56000,56000,56000,56000,8222,10,6500,10855.243723336118,1.656333995924797,56296.861584,168.79445390415958
1787658632,4170,,Aggregated,86.400000,0.200000,9800,55000,55000,55000,56000,56000,56000,56000,56000,56000,56000,53456,78,7800,10847.796773356615,0.5523750005522743,56296.861584,3028.5257595031426
1787658633,4200,GET,/feed,68.100000,0.100000,9700,55000,55000,55000,56000,56000,56000,56000,56000,56000,56000,41184,60,8000,10893.563540848867,0.5523750005522743,56291.11395899963,3902.306526806527
1787658633,4200,POST,/follow,5.800000,0.000000,55000,55000,55000,56000,56000,56000,56000,56000,56000,56000,56000,4127,8,6300,10824.224109067554,1.4030409947736189,56253.103708004346,16.96704628059123
1787658633,4200,POST,/posts,14.800000,0.000000,9700,55000,55000,55000,56000,56000,56000,56000,56000,56000,56000,8237,10,6800,10885.802759148544,1.656333995924797,56296.861584,168.79482821415564
1787658633,4200,,Aggregated,88.700000,0.100000,9800,55000,55000,55000,56000,56000,56000,56000,56000,56000,56000,53548,78,7900,10887.025679606111,0.5523750005522743,56296.861584,3028.553410024651
1787658634,4230,GET,/feed,67.700000,0.200000,9700,55000,55000,55000,56000,56000,56000,56000,56000,56000,56000,41254,60,8000,10926.44763965671,0.5523750005522743,56291.11395899963,3902.31618752121
1787658634,4230,POST,/follow,5.600000,0.000000,55000,55000,56000,56000,56000,56000,56000,56000,56000,56000,56000,4133,8,6300,10866.242973757513,1.4030409947736189,56253.103708004346,16.967094120493588
1787658634,4230,POST,/posts,15.500000,0.000000,9700,55000,55000,55000,56000,56000,56000,56000,56000,56000,56000,8251,10,7200,10910.956143551153,1.656333995924797,56296.861584,168.79517634226156
1787658634,4230,,Aggregated,88.800000,0.200000,9700,55000,55000,55000,56000,56000,56000,56000,56000,56000,56000,53638,78,7900,10919.425636253738,0.5523750005522743,56296.861584,3028.617882844252
1787658635,4260,GET,/feed,68.100000,0.200000,9700,55000,55000,55000,56000,56000,56000,56000,56000,56000,56000,41322,60,8000,10962.690298838566,0.5523750005522743,56291.11395899963,3902.3255408741106
1787658635,4260,POST,/follow,5.900000,0.000000,55000,55000,55000,55000,56000,56000,56000,56000,56000,56000,56000,4141,8,6400,10907.559631418935,1.4030409947736189,56253.103708004346,16.967157691378894
1787658635,4260,POST,/posts,15.400000,0.000000,55000,55000,55000,55000,55000,56000,56000,56000,56000,56000,56000,8260,10,7700,10947.963089429848,1.656333995924797,56296.861584,168.7953995157385
1787658635,4260,,Aggregated,89.400000,0.200000,9800,55000,55000,55000,56000,56000,56000,56000,56000,56000,56000,53723,78,7900,10956.176462241549,0.5523750005522743,56296.861584,3028.803436144668
1787658636,4290,GET,/feed,67.600000,0.200000,9800,55000,55000,55000,55000,56000,56000,56000,56000,56000,56000,41391,61,8000,11002.77464911203,0.5523750005522743,56291.11395899963,3902.240583701771
1787658636,4290,POST,/follow,6.200000,0.000000,55000,55000,55000,55000,55000,56000,56000,56000,56000,56000,56000,4151,8,6400,10969.79991591371,1.4030409947736189,56253.103708004346,16.96723681040713
1787658636,4290,POST,/posts,15.700000,0.000000,9700,55000,55000,55000,55000,56000,56000,56000,56000,56000,56000,8276,10,7700,10967.015271511184,1.656333995924797,56296.861584,168.79579507008216
1787658636,4290,,Aggregated,89.500000,0.200000,9800,55000,55000,55000,55000,56000,56000,56000,56000,56000,56000,53818,79,8000,10994.732307766542,0.5523750005522743,56296.861584,3028.4481957709318
1787658637,4320,GET,/feed,67.800000,0.100000,9800,55000,55000,55000,55000,56000,56000,56000,56000,56000,56000,41463,62,8000,11041.243850089844,0.5523750005522743,56291.11395899963,3902.156332151557
1787658637,4320,POST,/follow,6.100000,0.000000,55000,55000,55000,55000,55000,56000,56000,56000,56000,56000,56000,4160,8,6400,11020.719396604281,1.4030409947736189,56253.103708004346,16.967307692307692
1787658637,4320,POST,/posts,15.200000,0.000000,9800,55000,55000,55000,55000,55000,56000,56000,56000,56000,56000,8289,10,7900,11019.114720154608,1.656333995924797,56296.861584,168.79611533357462
1787658637,4320,,Aggregated,89.100000,0.100000,55000,55000,55000,55000,55000,55000,56000,56000,56000,56000,56000,53912,80,8000,11036.25776008142,0.5523750005522743,56296.861584,3028.3581206410445
1787658638,4350,GET,/feed,67.900000,0.200000,54000,55000,55000,55000,55000,55000,56000,56000,56000,56000,56000,41534,63,8000,11076.872580576131,0.5523750005522743,56291.11395899963,3902.0722299802574
1787658638,4350,POST,/follow,6.800000,0.000000,55000,55000,55000,55000,55000,55000,55000,56000,56000,56000,56000,4163,8,6400,11040.896194260824,1.4030409947736189,56253.103708004346,16.96733125150132
1787658638,4350,POST,/posts,15.700000,0.000000,9800,55000,55000,55000,55000,55000,56000,56000,56000,56000,56000,8302,10,7900,11043.346169565957,1.656333995924797,56296.861584,168.79643459407373
1787658638,4350,,Aggregated,90.400000,0.200000,54000,55000,55000,55000,55000,55000,56000,56000,56000,56000,56000,53999,81,8000,11068.944545604405,0.5523750005522743,56296.861584,3028.586659012204
1787658639,4380,GET,/feed,68.700000,0.300000,9800,55000,55000,55000,55000,55000,55000,55000,56000,56000,56000,41605,63,8000,11111.103734554792,0.5523750005522743,56291.11395899963,3902.0823458718905
1787658639,4380,POST,/follow,6.500000,0.000000,54000,55000,55000,55000,55000,55000,55000,55000,55000,55000,55000,4171,8,6500,11079.930306241382,1.4030409947736189,56253.103708004346,16.967393910333254
1787658639,4380,POST,/posts,15.600000,0.000000,9700,55000,55000,55000,55000,55000,55000,56000,56000,56000,56000,8323,10,7900,11081.432403383706,1.656333995924797,56296.861584,168.79694821578758
1787658639,4380,,Aggregated,90.800000,0.300000,53000,55000,55000,55000,55000,55000,55000,55000,56000,56000,56000,54099,81,8000,11104.135419820077,0.5523750005522743,56296.861584,3028.185437808462
1787658640,4410,GET,/feed,68.600000,0.400000,54000,55000,55000,55000,55000,55000,55000,55000,55000,55000,55000,41662,63,8000,11138.4491152967,0.5523750005522743,56291.11395899963,3902.0904421295186
1787658640,4410,POST,/follow,7.000000,0.000000,54000,55000,55000,55000,55000,55000,55000,55000,55000,55000,55000,4179,8,6500,11129.550154682176,1.4030409947736189,56253.103708004346,16.967456329265374
1787658640,4410,POST,/posts,14.800000,0.000000,9700,55000,55000,55000,55000,55000,55000,55000,55000,55000,55000,8335,10,8000,11105.52958840103,1.656333995924797,56296.861584,168.79724055188962
1787658640,4410,,Aggregated,90.400000,0.400000,53000,55000,55000,55000,55000,55000,55000,55000,55000,55000,55000,54176,81,8000,11132.697989095348,0.5523750005522743,56296.861584,3028.0331512108683
1787658641,4440,GET,/feed,68.700000,0.400000,53000,54000,55000,55000,55000,55000,55000,55000,55000,55000,55000,41714,63,8000,11160.948583248146,0.5523750005522743,56291.11395899963,3902.097808889102
1787658641,4440,POST,/follow,6.300000,0.000000,54000,55000,55000,55000,55000,55000,55000,55000,55000,55000,55000,4186,8,6500,11169.251436852795,1.4030409947736189,56253.103708004346,16.967510750119445
1787658641,4440,POST,/posts,15.000000,0.000000,9500,54000,55000,55000,55000,55000,55000,55000,55000,55000,55000,8347,10,8000,11140.460244073633,1.656333995924797,56296.861584,168.7975320474422
1787658641,4440,,Aggregated,90.000000,0.400000,53000,54000,55000,55000,55000,55000,55000,55000,55000,55000,55000,54247,81,8000,11158.436731497788,0.5523750005522743,56296.861584,3027.8556786550407
1787658642,4470,GET,/feed,67.900000,0.400000,54000,54000,55000,55000,55000,55000,55000,55000,55000,55000,55000,41766,64,8000,11185.753281542506,0.5523750005522743,56291.11395899963,3902.011588373318
1787658642,4470,POST,/follow,7.000000,0.000000,54000,54000,55000,55000,55000,55000,55000,55000,55000,55000,55000,4188,8,6800,11179.226253800576,1.4030409947736189,56253.103708004346,16.967526265520537
1787658642,4470,POST,/posts,15.200000,0.000000,10000,54000,55000,55000,55000,55000,55000,55000,55000,55000,55000,8358,10,8000,11165.441878393949,1.656333995924797,56296.861584,168.79779851639148
1787658642,4470,,Aggregated,90.100000,0.400000,53000,54000,55000,55000,55000,55000,55000,55000,55000,55000,55000,54312,82,8000,11182.12428795546,0.5523750005522743,56296.861584,3027.9365149506557
1787658643,4500,GET,/feed,66.800000,0.400000,54000,54000,54000,55000,55000,55000,55000,55000,55000,55000,55000,41841,64,8100,11229.006729899747,0.5523750005522743,56291.11395899963,3902.022322602232
1787658643,4500,POST,/follow,7.400000,0.000000,54000,54000,55000,55000,55000,55000,55000,55000,55000,55000,55000,4192,8,6900,11199.08624365883,1.4030409947736189,56253.103708004346,16.967557251908396
1787658643,4500,POST,/posts,14.400000,0.000000,53000,54000,54000,55000,55000,55000,55000,55000,55000,55000,55000,8369,10,8000,11211.4192364472,1.656333995924797,56296.861584,168.7980642848608
1787658643,4500,,Aggregated,88.600000,0.400000,54000,54000,54000,55000,55000,55000,55000,55000,55000,55000,55000,54402,82,8000,11223.995583048036,0.5523750005522743,56296.861584,3028.3503363846917
1787658644,4530,GET,/feed,65.200000,0.400000,54000,54000,54000,54000,55000,55000,55000,55000,55000,55000,55000,41910,64,8100,11270.885926989064,0.5523750005522743,56291.11395899963,3902.032164161298
1787658644,4530,POST,/follow,6.900000,0.000000,54000,54000,54000,54000,55000,55000,55000,55000,55000,55000,55000,4202,8,7000,11237.789187876682,1.4030409947736189,56253.103708004346,16.967634459781056
1787658644,4530,POST,/posts,13.000000,0.000000,10000,54000,54000,54000,55000,55000,55000,55000,55000,55000,55000,8389,10,8000,11239.602582473315,1.656333995924797,56296.861584,168.7985457146263
1787658644,4530,,Aggregated,85.100000,0.400000,54000,54000,54000,54000,55000,55000,55000,55000,55000,55000,55000,54501,82,8000,11263.51893418355,0.5523750005522743,56296.861584,3027.8621860149356
1787658645,4560,GET,/feed,65.100000,0.400000,54000,54000,54000,54000,55000,55000,55000,55000,55000,55000,55000,41979,64,8100,11298.771965221384,0.5523750005522743,56291.11395899963,3902.0419733676363
1787658645,4560,POST,/follow,6.600000,0.000000,54000,54000,54000,54000,54000,55000,55000,55000,55000,55000,55000,4211,8,7300,11286.889505620005,1.4030409947736189,56253.103708004346,16.967703633341248
1787658645,4560,POST,/posts,13.100000,0.000000,10000,54000,54000,54000,55000,55000,55000,55000,55000,55000,55000,8407,10,8000,11278.214089844847,1.656333995924797,56296.861584,168.7989770429404
1787658645,4560,,Aggregated,84.800000,0.400000,54000,54000,54000,54000,55000,55000,55000,55000,55000,55000,55000,54597,82,8000,11294.689925994466,0.5523750005522743,56296.861584,3027.535652142059
1787658646,4590,GET,/feed,65.200000,0.400000,54000,54000,54000,54000,54000,54000,55000,55000,55000,55000,55000,42040,64,8100,11332.134563940686,0.5523750005522743,56291.11395899963,3902.0506184586106
1787658646,4590,POST,/follow,7.000000,0.000000,54000,54000,54000,54000,54000,54000,55000,55000,55000,55000,55000,4220,8,7700,11346.175802260861,1.4030409947736189,56253.103708004346,16.96777251184834
1787658646,4590,POST,/posts,13.100000,0.000000,9900,54000,54000,54000,54000,55000,55000,55000,55000,55000,55000,8420,10,8000,11291.542937785942,1.656333995924797,56296.861584,168.79928741092635
1787658646,4590,,Aggregated,85.300000,0.400000,54000,54000,54000,54000,54000,54000,55000,55000,55000,55000,55000,54680,82,8100,11326.96763880331,0.5523750005522743,56296.861584,3027.3427578639357
1787658647,4620,GET,/feed,65.500000,0.400000,54000,54000,54000,54000,54000,54000,54000,54000,54000,54000,54000,42103,64,8100,11358.150548566007,0.5523750005522743,56291.11395899963,3902.0595206992375
1787658647,4620,POST,/follow,7.100000,0.000000,54000,54000,54000,54000,54000,54000,54000,54000,54000,54000,54000,4225,8,7700,11354.829652120197,1.4030409947736189,56253.103708004346,16.967810650887575
1787658647,4620,POST,/posts,15.000000,0.000000,9900,54000,54000,54000,54000,54000,54000,54000,54000,54000,54000,8437,10,8000,11351.370830552045,1.656333995924797,56296.861584,168.79969183359015
1787658647,4620,,Aggregated,87.600000,0.400000,10000,54000,54000,54000,54000,54000,54000,54000,54000,54000,54000,54765,82,8100,11356.849877181592,0.5523750005522743,56296.861584,3027.1937186159043
1787658648,4650,GET,/feed,65.100000,0.300000,54000,54000,54000,54000,54000,55000,55000,55000,55000,55000,55000,42170,64,8100,11396.155111100585,0.5523750005522743,56291.11395899963,3902.0689589755752
1787658648,4650,POST,/follow,6.700000,0.000000,10000,54000,54000,54000,54000,54000,54000,54000,54000,54000,54000,4231,8,7800,11363.38061666812,1.4030409947736189,56253.103708004346,16.967856298747343
1787658648,4650,POST,/posts,14.400000,0.000000,10000,54000,54000,54000,54000,54000,55000,55000,55000,55000,55000,8447,10,8000,11376.14677695627,1.656333995924797,56296.861584,168.7999289688647
1787658648,4650,,Aggregated,86.200000,0.300000,54000,54000,54000,54000,54000,54000,55000,55000,55000,55000,55000,54848,82,8100,11390.54543919894,0.5523750005522743,56296.861584,3027.4192677946326
1787658649,4680,GET,/feed,64.100000,0.200000,54000,54000,54000,54000,54000,55000,55000,55000,55000,55000,55000,42227,64,8100,11420.782548455125,0.5523750005522743,56291.11395899963,3902.076964975016
1787658649,4680,POST,/follow,6.500000,0.000000,10000,54000,54000,54000,54000,55000,55000,55000,55000,55000,55000,4242,8,7900,11412.503213685717,1.4030409947736189,56253.103708004346,16.96793965110797
1787658649,4680,POST,/posts,14.800000,0.000000,54000,54000,54000,54000,55000,55000,55000,55000,55000,55000,55000,8462,10,8000,11426.474767454454,1.656333995924797,56296.861584,168.8002836208934
1787658649,4680,,Aggregated,85.400000,0.200000,54000,54000,54000,54000,54000,55000,55000,55000,55000,55000,55000,54931,82,8100,11421.020057677237,0.5523750005522743,56296.861584,3026.9496277147696
1787658650,4710,GET,/feed,63.500000,0.100000,54000,54000,54000,54000,55000,55000,55000,55000,56000,56000,56000,42283,64,8200,11450.762856319152,0.5523750005522743,56291.11395899963,3902.084809497907
1787658650,4710,POST,/follow,6.400000,0.000000,10000,54000,54000,54000,55000,55000,56000,56000,56000,56000,56000,4250,8,7900,11431.568320342541,1.4030409947736189,56253.103708004346,16.968
1787658650,4710,POST,/posts,14.600000,0.000000,54000,54000,54000,54000,55000,55000,55000,56000,56000,56000,56000,8476,10,8000,11466.702221860854,1.656333995924797,56296.861584,168.80061349693253
1787658650,4710,,Aggregated,84.500000,0.100000,54000,54000,54000,54000,55000,55000,55000,55000,56000,56000,56000,55009,82,8100,11451.735884086062,0.5523750005522743,56296.861584,3026.6814521260158
1787658651,4740,GET,/feed,62.300000,0.100000,54000,54000,54000,54000,55000,55000,55000,55000,56000,56000,56000,42340,64,8200,11472.366357889388,0.5523750005522743,56291.11395899963,3902.0927727916865
1787658651,4740,POST,/follow,7.500000,0.000000,10000,54000,54000,54000,55000,55000,56000,56000,56000,56000,56000,4261,8,7900,11491.417050848348,1.4030409947736189,56253.103708004346,16.968082609716028
1787658651,4740,POST,/posts,14.600000,0.000000,10000,54000,54000,54000,55000,55000,55000,56000,56000,56000,56000,8487,10,8100,11475.611525111184,1.656333995924797,56296.861584,168.8008719217627
1787658651,4740,,Aggregated,84.400000,0.100000,10000,54000,54000,54000,55000,55000,55000,55000,56000,56000,56000,55088,82,8100,11474.33986821665,0.5523750005522743,56296.861584,3026.421761545164
1787658652,4770,GET,/feed,61.800000,0.100000,54000,54000,54000,55000,55000,55000,55000,55000,56000,56000,56000,42390,64,8200,11501.890082832004,0.5523750005522743,56291.11395899963,3902.099740504836
1787658652,4770,POST,/follow,6.900000,0.000000,10000,54000,54000,55000,55000,55000,56000,56000,56000,56000,56000,4266,8,7900,11532.300214847355,1.4030409947736189,56253.103708004346,16.96812001875293
1787658652,4770,POST,/posts,14.000000,0.000000,10000,54000,54000,55000,55000,55000,55000,56000,56000,56000,56000,8494,10,8100,11495.888363402828,1.656333995924797,56296.861584,168.8010360254297
1787658652,4770,,Aggregated,82.700000,0.100000,54000,54000,54000,55000,55000,55000,55000,55000,56000,56000,56000,55150,82,8100,11503.318025141063,0.5523750005522743,56296.861584,3026.585494106981
1787658653,4800,GET,/feed,62.300000,0.100000,54000,54000,55000,55000,55000,56000,56000,56000,59000,59000,59000,42456,64,8200,11541.948404676737,0.5523750005522743,58720.38833399711,3902.1089127567366
1787658653,4800,POST,/follow,7.100000,0.000000,11000,54000,55000,55000,55000,56000,56000,59000,59000,59000,59000,4271,8,7900,11563.513148998085,1.4030409947736189,58653.4372909955,16.96815734020136
1787658653,4800,POST,/posts,13.900000,0.000000,11000,54000,55000,55000,55000,55000,56000,56000,56000,56000,56000,8498,10,8100,11506.051467687763,1.656333995924797,56296.861584,168.8011296775712
1787658653,4800,,Aggregated,83.300000,0.100000,54000,54000,55000,55000,55000,56000,56000,56000,59000,59000,59000,55225,82,8200,11538.092376654338,0.5523750005522743,58720.38833399711,3027.159420552286
1787658654,4830,GET,/feed,62.800000,0.000000,54000,55000,55000,55000,56000,56000,57000,59000,59000,59000,59000,42501,64,8200,11566.784101781832,0.5523750005522743,59147.248875000514,3902.1151502317593
1787658654,4830,POST,/follow,7.700000,0.000000,11000,55000,55000,55000,56000,56000,59000,59000,59000,59000,59000,4275,8,8000,11594.931588907559,1.4030409947736189,58701.189542000066,16.968187134502923
1787658654,4830,POST,/posts,14.200000,0.000000,54000,55000,55000,55000,55000,56000,57000,59000,59000,59000,59000,8505,10,8100,11521.677658244278,1.656333995924797,59161.59004200017,168.8012933568489
1787658654,4830,,Aggregated,84.700000,0.000000,54000,55000,55000,55000,56000,56000,57000,59000,59000,59000,59000,55281,82,8200,11562.021167051538,0.5523750005522743,59161.59004200017,3027.296720392178
1787658655,4860,GET,/feed,61.600000,0.000000,11000,55000,55000,55000,56000,56000,57000,59000,60000,60000,60000,42569,65,8200,11592.226184485644,0.5523750005522743,60028.151792001154,3902.032746834551
1787658655,4860,POST,/follow,8.000000,0.000000,11000,55000,55000,55000,56000,56000,59000,59000,59000,59000,59000,4283,8,8000,11635.610918349012,1.4030409947736189,58701.189542000066,16.96824655615223
1787658655,4860,POST,/posts,13.300000,0.000000,54000,55000,55000,55000,56000,56000,56000,57000,59000,59000,59000,8519,10,8100,11546.931577913325,1.656333995924797,59161.59004200017,168.80161990843996
1787658655,4860,,Aggregated,82.900000,0.000000,11000,55000,55000,55000,56000,56000,57000,59000,60000,60000,60000,55371,83,8200,11588.613319660124,0.5523750005522743,60028.151792001154,3027.150096620975
1787658656,4890,GET,/feed,60.500000,0.000000,11000,55000,55000,56000,56000,57000,59000,60000,61000,61000,61000,42634,65,8200,11627.726215397115,0.5523750005522743,60779.40395800397,3902.041844537224
1787658656,4890,POST,/follow,7.200000,0.000000,11000,55000,55000,56000,56000,56000,59000,59000,59000,59000,59000,4289,8,8000,11655.65455566538,1.4030409947736189,58701.189542000066,16.968290976917697
1787658656,4890,POST,/posts,12.500000,0.000000,11000,55000,55000,55000,56000,57000,57000,57000,59000,59000,59000,8533,10,8100,11572.558300958239,1.656333995924797,59161.59004200017,168.80194538849173
1787658656,4890,,Aggregated,80.200000,0.000000,11000,55000,55000,56000,56000,57000,59000,59000,61000,61000,61000,55456,83,8200,11621.39753748133,0.5523750005522743,60779.40395800397,3027.1353144835543
1787658657,4920,GET,/feed,58.200000,0.000000,11000,55000,56000,56000,56000,57000,59000,60000,63000,63000,63000,42698,65,8200,11660.822154424528,0.5523750005522743,63246.340042001975,3902.050775211954
1787658657,4920,POST,/follow,7.000000,0.000000,11000,55000,56000,56000,56000,58000,59000,63000,63000,63000,63000,4297,8,8000,11708.82566548378,1.4030409947736189,63276.145874995564,16.968350011636026
1787658657,4920,POST,/posts,10.900000,0.000000,11000,55000,56000,56000,56000,57000,57000,58000,59000,59000,59000,8555,10,8100,11634.657025564537,1.656333995924797,59161.59004200017,168.80245470485096
1787658657,4920,,Aggregated,76.100000,0.000000,11000,55000,56000,56000,56000,57000,59000,60000,63000,63000,63000,55550,83,8200,11660.505834165724,0.5523750005522743,63276.145874995564,3026.5847344734475
1787658658,4950,GET,/feed,58.800000,0.100000,55000,56000,56000,56000,57000,57000,59000,60000,63000,63000,63000,42751,66,8200,11692.07394740178,0.5523750005522743,63246.340042001975,3901.966737620173
1787658658,4950,POST,/follow,7.000000,0.000000,55000,56000,56000,56000,57000,58000,59000,63000,63000,63000,63000,4300,8,8000,11740.670685029025,1.4030409947736189,63276.145874995564,16.968372093023255
1787658658,4950,POST,/posts,11.400000,0.000000,11000,55000,56000,56000,57000,57000,57000,58000,59000,59000,59000,8564,11,8100,11648.768250783001,1.656333995924797,59161.59004200017,168.78292853806633
1787658658,4950,,Aggregated,77.200000,0.100000,11000,55000,56000,56000,57000,57000,59000,60000,63000,63000,63000,55615,85,8200,11689.16279008725,0.5523750005522743,63276.145874995564,3026.7266205160477
1787658659,4980,GET,/feed,59.200000,0.100000,11000,56000,56000,56000,57000,58000,59000,60000,63000,63000,63000,42799,66,8200,11710.756731758605,0.5523750005522743,63246.340042001975,3901.973504053833
1787658659,4980,POST,/follow,7.400000,0.000000,55000,56000,56000,56000,58000,59000,60000,63000,63000,63000,63000,4308,8,8000,11782.64369177433,1.4030409947736189,63276.145874995564,16.968430826369545
1787658659,4980,POST,/posts,11.700000,0.000000,11000,56000,56000,56000,57000,57000,60000,60000,60000,60000,60000,8576,11,8100,11691.71619359231,1.656333995924797,60375.45662499906,168.7832322761194
1787658659,4980,,Aggregated,78.300000,0.100000,11000,56000,56000,56000,57000,58000,59000,60000,63000,63000,63000,55683,85,8200,11713.38585318583,0.5523750005522743,63276.145874995564,3026.4380331519496
1787658660,5000,GET,/feed,58.400000,0.200000,55000,56000,56000,56000,57000,58000,60000,60000,63000,63000,63000,42864,66,8200,11748.572249984381,0.5523750005522743,63246.340042001975,3901.9826427771554
1787658660,5000,POST,/follow,7.200000,0.000000,55000,56000,56000,57000,58000,59000,60000,63000,63000,63000,63000,4315,8,8000,11813.373468597405,1.4030409947736189,63276.145874995564,16.96848203939745
1787658660,5000,POST,/posts,11.900000,0.000000,11000,56000,56000,57000,57000,59000,60000,60000,60000,60000,60000,8583,11,8200,11718.214286166103,1.656333995924797,60375.45662499906,168.7834090644297
1787658660,5000,,Aggregated,77.500000,0.200000,55000,56000,56000,56000,57000,58000,60000,60000,63000,63000,63000,55762,85,8200,11748.913967549419,0.5523750005522743,63276.145874995564,3026.7291524694238
1787658661,5000,GET,/feed,56.500000,0.200000,11000,56000,56000,57000,58000,59000,61000,61000,64000,64000,64000,42932,66,8200,11786.330883313482,0.5523750005522743,64315.19645899971,3901.99217366999
1787658661,5000,POST,/follow,6.500000,0.000000,56000,56000,57000,57000,58000,60000,61000,63000,63000,63000,63000,4320,8,8000,11834.898242042313,1.4030409947736189,63276.145874995564,16.96851851851852
1787658661,5000,POST,/posts,10.800000,0.100000,56000,56000,57000,57000,57000,59000,60000,60000,61000,61000,61000,8595,11,8200,11760.922268687922,1.656333995924797,61199.26962500176,168.78371146015124
1787658661,5000,,Aggregated,73.800000,0.300000,11000,56000,57000,57000,58000,59000,61000,61000,64000,64000,64000,55847,85,8200,11786.17731995288,0.5523750005522743,64315.19645899971,3026.918688559815
1787658662,5000,GET,/feed,57.300000,0.200000,56000,56000,57000,57000,58000,59000,61000,63000,67000,67000,67000,43006,66,8200,11829.776152383705,0.5523750005522743,66553.74808400666,3902.002511277496
1787658662,5000,POST,/follow,6.400000,0.000000,56000,56000,57000,57000,58000,61000,63000,67000,67000,67000,67000,4327,8,8000,11868.000718203095,1.4030409947736189,66526.68454100058,16.968569447654264
1787658662,5000,POST,/posts,11.100000,0.100000,56000,56000,57000,57000,58000,60000,60000,61000,67000,67000,67000,8608,11,8200,11793.223089771109,1.656333995924797,66580.38779200433,168.7840381040892
1787658662,5000,,Aggregated,74.800000,0.300000,56000,56000,57000,57000,58000,59000,61000,63000,67000,67000,67000,55941,85,8200,11827.108143826998,0.5523750005522743,66580.38779200433,3027.0434207468584
1787658663,5000,GET,/feed,58.200000,0.200000,11000,57000,57000,57000,58000,60000,61000,64000,67000,67000,67000,43073,66,8200,11865.878830295811,0.5523750005522743,66553.74808400666,3902.011840364033
1787658663,5000,POST,/follow,5.900000,0.000000,11000,56000,57000,57000,58000,61000,63000,67000,67000,67000,67000,4332,8,8100,11888.3942130265,1.4030409947736189,66526.68454100058,16.96860572483841
1787658663,5000,POST,/posts,10.700000,0.100000,11000,57000,57000,57000,58000,60000,60000,61000,67000,67000,67000,8622,11,8200,11824.410671242948,1.656333995924797,66580.38779200433,168.7843887729065
1787658663,5000,,Aggregated,74.800000,0.300000,11000,57000,57000,57000,58000,60000,61000,64000,67000,67000,67000,56027,85,8200,11861.238177943083,0.5523750005522743,66580.38779200433,3027.114123547575
1787658664,5000,GET,/feed,60.200000,0.200000,56000,57000,57000,57000,58000,60000,61000,64000,67000,67000,67000,43146,66,8200,11905.709920236788,0.5523750005522743,66553.74808400666,3902.021971909331
1787658664,5000,POST,/follow,6.000000,0.000000,56000,57000,57000,57000,58000,61000,63000,67000,67000,67000,67000,4339,8,8100,11950.93678940005,1.4030409947736189,66526.68454100058,16.968656372436044
1787658664,5000,POST,/posts,11.300000,0.100000,56000,57000,57000,57000,58000,60000,60000,61000,67000,67000,67000,8633,11,8200,11860.969170624194,1.656333995924797,66580.38779200433,168.78466350052125
1787658664,5000,,Aggregated,77.500000,0.300000,56000,57000,57000,57000,58000,60000,61000,64000,67000,67000,67000,56118,85,8200,11902.324063540045,0.5523750005522743,66580.38779200433,3027.3242987989593
1787658665,5000,GET,/feed,60.900000,0.200000,56000,57000,57000,57000,58000,60000,61000,64000,67000,67000,67000,43212,66,8200,11941.199646307517,0.5523750005522743,66553.74808400666,3902.0311024715356
1787658665,5000,POST,/follow,5.800000,0.000000,56000,57000,57000,57000,58000,61000,63000,67000,67000,67000,67000,4351,8,8100,12023.160609016275,1.4030409947736189,66526.68454100058,16.96874281774305
1787658665,5000,POST,/posts,11.600000,0.100000,56000,57000,57000,57000,58000,60000,61000,64000,67000,67000,67000,8643,11,8200,11882.318306109762,1.656333995924797,66580.38779200433,168.78491264607197
1787658665,5000,,Aggregated,78.300000,0.300000,56000,57000,57000,57000,58000,60000,62000,64000,67000,67000,67000,56206,85,8200,11938.489984090233,0.5523750005522743,66580.38779200433,3027.207184286375
1787658666,5000,GET,/feed,62.300000,0.200000,56000,57000,57000,57000,58000,60000,63000,64000,67000,67000,67000,43284,66,8200,11978.49839227132,0.5523750005522743,67093.88258300169,3902.0410313279735
1787658666,5000,POST,/follow,6.200000,0.000000,57000,57000,57000,57000,58000,61000,63000,67000,67000,67000,67000,4357,8,8100,12042.161841355479,1.4030409947736189,66526.68454100058,16.968785861831535
1787658666,5000,POST,/posts,12.400000,0.100000,56000,57000,57000,57000,58000,60000,61000,64000,67000,67000,67000,8653,11,8200,11902.695957004122,1.656333995924797,66580.38779200433,168.7851612157633
1787658666,5000,,Aggregated,80.900000,0.300000,56000,57000,57000,57000,58000,60000,63000,64000,67000,67000,67000,56294,85,8200,11971.774108605043,0.5523750005522743,67093.88258300169,3027.5051515259174
1787658667,5000,GET,/feed,64.600000,0.200000,57000,57000,57000,57000,58000,60000,64000,64000,67000,67000,67000,43354,66,8200,12019.383820541028,0.5523750005522743,67093.88258300169,3902.050652765604
1787658667,5000,POST,/follow,6.400000,0.000000,56000,57000,57000,57000,58000,60000,61000,67000,67000,67000,67000,4360,8,8100,12051.587936332984,1.4030409947736189,66526.68454100058,16.96880733944954
1787658667,5000,POST,/posts,12.400000,0.100000,56000,57000,57000,58000,59000,60000,61000,64000,67000,67000,67000,8668,11,8200,11938.23304081572,1.656333995924797,66580.38779200433,168.78553299492387
1787658667,5000,,Aggregated,83.400000,0.300000,57000,57000,57000,57000,58000,60000,64000,64000,67000,67000,67000,56382,85,8200,12009.398275264024,0.5523750005522743,67093.88258300169,3027.677645347806
1787658668,5000,GET,/feed,64.300000,0.100000,57000,57000,57000,58000,59000,60000,64000,64000,67000,67000,67000,43426,66,8200,12060.968076156078,0.5523750005522743,67093.88258300169,3902.0605167411227
1787658668,5000,POST,/follow,6.700000,0.000000,57000,57000,57000,57000,58000,61000,65000,67000,67000,67000,67000,4365,8,8100,12094.731593564908,1.4030409947736189,66526.68454100058,16.968843069873998
1787658668,5000,POST,/posts,11.700000,0.100000,57000,57000,57000,58000,59000,60000,64000,64000,67000,67000,67000,8681,11,8200,11969.249498713709,1.656333995924797,66580.38779200433,168.7858541642668
1787658668,5000,,Aggregated,82.700000,0.200000,57000,57000,57000,58000,59000,60000,64000,65000,67000,67000,67000,56472,85,8200,12049.478643919041,0.5523750005522743,67093.88258300169,3027.875389573594
1787658669,5000,GET,/feed,65.100000,0.100000,57000,57000,57000,58000,60000,60000,64000,64000,67000,67000,67000,43496,67,8200,12095.380644463261,0.5523750005522743,67093.88258300169,3901.9802280669487
1787658669,5000,POST,/follow,6.500000,0.000000,57000,57000,57000,58000,58000,61000,65000,67000,67000,67000,67000,4369,8,8100,12115.041179177802,1.4030409947736189,66526.68454100058,16.96887159533074
1787658669,5000,POST,/posts,11.400000,0.100000,11000,57000,57000,58000,58000,60000,64000,64000,67000,67000,67000,8697,11,8200,12004.250426554874,1.656333995924797,66580.38779200433,168.78624813153962
1787658669,5000,,Aggregated,83.000000,0.200000,57000,57000,57000,58000,60000,60000,64000,65000,67000,67000,67000,56562,86,8200,12082.887051079295,0.5523750005522743,67093.88258300169,3027.873890597928
1787658670,5000,GET,/feed,66.200000,0.000000,57000,57000,57000,58000,60000,60000,64000,65000,67000,67000,67000,43570,67,8200,12131.489436170323,0.5523750005522743,67093.88258300169,3901.990452145972
1787658670,5000,POST,/follow,6.400000,0.000000,57000,57000,58000,58000,60000,61000,65000,67000,67000,67000,67000,4376,8,8100,12167.549600699454,1.4030409947736189,66526.68454100058,16.96892138939671
1787658670,5000,POST,/posts,11.100000,0.100000,11000,57000,57000,58000,60000,60000,64000,64000,67000,67000,67000,8709,11,8200,12034.688991287605,1.656333995924797,66580.38779200433,168.78654265702147
1787658670,5000,,Aggregated,83.700000,0.100000,57000,57000,57000,58000,60000,60000,64000,65000,67000,67000,67000,56655,86,8200,12119.394549672988,0.5523750005522743,67093.88258300169,3028.045927102639
1787658671,5000,GET,/feed,69.200000,0.100000,57000,57000,57000,58000,60000,60000,64000,65000,67000,67000,67000,43639,67,8200,12164.998727723098,0.5523750005522743,67093.88258300169,3901.9999541694356
1787658671,5000,POST,/follow,6.400000,0.000000,57000,57000,57000,58000,59000,60000,61000,65000,65000,65000,65000,4383,8,8200,12206.580424070915,1.4030409947736189,66526.68454100058,16.968971024412504
1787658671,5000,POST,/posts,12.100000,0.000000,11000,57000,57000,58000,60000,60000,64000,64000,64000,64000,64000,8718,12,8200,12064.906220912453,1.656333995924797,66580.38779200433,168.76737783895388
1787658671,5000,,Aggregated,87.700000,0.100000,57000,57000,57000,58000,60000,60000,64000,65000,67000,67000,67000,56740,87,8200,12152.831757344426,0.5523750005522743,67093.88258300169,3028.2880683820936
1787658672,5000,GET,/feed,70.000000,0.100000,57000,57000,57000,58000,60000,63000,65000,71000,73000,73000,73000,43715,67,8300,12200.555041306008,0.5523750005522743,73110.10116699617,3902.010385451218
1787658672,5000,POST,/follow,6.300000,0.000000,57000,57000,58000,58000,60000,61000,65000,73000,73000,73000,73000,4387,8,8200,12230.128414186645,1.4030409947736189,73026.80266699463,16.968999316161387
1787658672,5000,POST,/posts,12.100000,0.000000,11000,57000,57000,58000,60000,61000,64000,64000,64000,64000,64000,8731,12,8200,12090.167751946829,1.656333995924797,66580.38779200433,168.76772420112243
1787658672,5000,,Aggregated,88.400000,0.100000,57000,57000,57000,58000,60000,61000,65000,67000,73000,73000,73000,56833,87,8200,12185.879535234351,0.5523750005522743,73110.10116699617,3028.598490313726
1787658673,5000,GET,/feed,70.700000,0.100000,57000,57000,57000,58000,60000,63000,65000,71000,73000,73000,73000,43781,67,8300,12238.90374287609,0.5523750005522743,73110.10116699617,3902.0194148146456
1787658673,5000,POST,/follow,6.200000,0.000000,57000,57000,58000,58000,60000,61000,65000,73000,73000,73000,73000,4394,8,8200,12269.868034800138,1.4030409947736189,73026.80266699463,16.969048702776515
1787658673,5000,POST,/posts,12.200000,0.000000,11000,57000,57000,58000,60000,60000,64000,64000,64000,64000,64000,8750,12,8200,12128.657290195286,1.656333995924797,66580.38779200433,168.76822857142858
1787658673,5000,,Aggregated,89.100000,0.100000,57000,57000,57000,58000,60000,63000,65000,71000,73000,73000,73000,56925,87,8200,12224.347759349608,0.5523750005522743,73110.10116699617,3028.293298199385
1787658674,5000,GET,/feed,70.500000,0.100000,57000,57000,57000,58000,60000,63000,65000,71000,73000,73000,73000,43857,67,8300,12277.234591928012,0.5523750005522743,73110.10116699617,3902.029778598627
1787658674,5000,POST,/follow,6.000000,0.000000,57000,57000,58000,58000,60000,61000,65000,73000,73000,73000,73000,4399,8,8200,12277.45723108361,1.4030409947736189,73026.80266699463,16.969083882700613
1787658674,5000,POST,/posts,11.600000,0.100000,10000,57000,57000,58000,60000,60000,64000,64000,64000,64000,64000,8763,12,8200,12157.800105110666,1.656333995924797,66580.38779200433,168.76857240671004
1787658674,5000,,Aggregated,88.100000,0.200000,57000,57000,57000,58000,60000,63000,65000,71000,73000,73000,73000,57019,87,8200,12258.896406089312,0.5523750005522743,73110.10116699617,3028.5498868798118
1787658675,5000,GET,/feed,70.700000,0.100000,57000,57000,57000,58000,60000,64000,66000,71000,73000,73000,73000,43929,67,8300,12312.650883739028,0.5523750005522743,73110.10116699617,3902.0395638416535
1787658675,5000,POST,/follow,6.000000,0.000000,57000,57000,58000,58000,60000,60000,65000,73000,73000,73000,73000,4404,8,8200,12307.131877988602,1.4030409947736189,73026.80266699463,16.969118982742962
1787658675,5000,POST,/posts,12.800000,0.100000,10000,57000,57000,58000,60000,60000,64000,64000,71000,71000,71000,8775,12,8200,12188.700984781512,1.656333995924797,71093.0674170013,168.76888888888888
1787658675,5000,,Aggregated,89.500000,0.200000,57000,57000,57000,58000,60000,64000,66000,71000,73000,73000,73000,57108,87,8300,12293.179600124142,0.5523750005522743,73110.10116699617,3028.79412691742
1787658676,5000,GET,/feed,70.500000,0.100000,57000,57000,57000,58000,60000,64000,66000,71000,73000,73000,73000,43992,67,8300,12339.110616131444,0.5523750005522743,73110.10116699617,3902.0480996544825
1787658676,5000,POST,/follow,6.200000,0.000000,57000,57000,58000,58000,60000,60000,73000,73000,73000,73000,73000,4409,8,8200,12347.050698947789,1.4030409947736189,73026.80266699463,16.969154003175323
1787658676,5000,POST,/posts,13.200000,0.100000,10000,57000,58000,58000,60000,60000,64000,64000,71000,71000,71000,8787,12,8200,12212.91701399781,1.656333995924797,71093.0674170013,168.76920450665756
1787658676,5000,,Aggregated,89.900000,0.200000,57000,57000,57000,58000,60000,64000,66000,71000,73000,73000,73000,57188,87,8300,12320.332981718408,0.5523750005522743,73110.10116699617,3028.89927956914
1787658677,5000,GET,/feed,70.800000,0.100000,10000,57000,57000,58000,60000,64000,71000,71000,73000,73000,73000,44062,67,8300,12377.256219022378,0.5523750005522743,73216.84183299658,3902.0575552630385
1787658677,5000,POST,/follow,5.900000,0.000000,57000,57000,57000,58000,60000,60000,73000,73000,73000,73000,73000,4413,8,8200,12366.130598429592,1.4030409947736189,73026.80266699463,16.969181962383868
1787658677,5000,POST,/posts,13.100000,0.100000,10000,57000,57000,58000,60000,60000,64000,64000,71000,71000,71000,8795,12,8200,12221.322057016005,1.656333995924797,71093.0674170013,168.76941444002273
1787658677,5000,,Aggregated,89.800000,0.200000,10000,57000,57000,58000,60000,64000,67000,71000,73000,73000,73000,57270,87,8300,12352.451987862543,0.5523750005522743,73216.84183299658,3029.3639252662824
1787658678,5000,GET,/feed,70.800000,0.100000,10000,57000,58000,58000,60000,64000,71000,73000,74000,74000,74000,44132,67,8300,12411.070752066295,0.5523750005522743,73810.4613750038,3902.066980875555
1787658678,5000,POST,/follow,5.500000,0.000000,57000,57000,57000,57000,60000,62000,65000,73000,73000,73000,73000,4419,8,8200,12397.362578428785,1.4030409947736189,73026.80266699463,16.969223806291016
1787658678,5000,POST,/posts,13.400000,0.100000,10000,57000,57000,58000,60000,62000,64000,65000,71000,71000,71000,8806,12,8200,12257.851070164972,1.656333995924797,71093.0674170013,168.76970247558484
1787658678,5000,,Aggregated,89.700000,0.200000,10000,57000,57000,58000,60000,64000,71000,73000,74000,74000,74000,57357,87,8300,12386.490858799058,0.5523750005522743,73810.4613750038,3029.5725543525637
1787658679,5000,GET,/feed,70.400000,0.100000,9900,57000,58000,58000,61000,65000,71000,73000,76000,76000,76000,44205,67,8300,12450.848263516993,0.5523750005522743,76177.07066599542,3902.0767786449496
1787658679,5000,POST,/follow,5.100000,0.000000,57000,57000,57000,57000,60000,68000,73000,74000,74000,74000,74000,4427,8,8200,12430.552103077885,1.4030409947736189,73602.27116700116,16.969279421730292
1787658679,5000,POST,/posts,12.800000,0.100000,9600,57000,57000,58000,59000,61000,64000,65000,71000,71000,71000,8824,12,8200,12296.07287962678,1.656333995924797,71093.0674170013,168.7701722574796
1787658679,5000,,Aggregated,88.300000,0.200000,9900,57000,58000,58000,61000,65000,71000,73000,76000,76000,76000,57456,87,8300,12425.514284651206,0.5523750005522743,76177.07066599542,3029.3729984683932
1787658680,5000,GET,/feed,70.400000,0.100000,9600,57000,58000,58000,61000,65000,73000,74000,76000,76000,76000,44276,67,8300,12482.71776189255,0.5523750005522743,76410.17066699715,3902.0862769897913
1787658680,5000,POST,/follow,5.200000,0.000000,57000,57000,57000,57000,62000,68000,73000,74000,74000,74000,74000,4438,8,8200,12489.703182992067,1.4030409947736189,73602.27116700116,16.969355565570076
1787658680,5000,POST,/posts,12.800000,0.100000,9600,57000,57000,58000,60000,62000,71000,73000,74000,74000,74000,8842,12,8200,12359.575948248215,1.656333995924797,74263.68750000256,168.77064012666818
1787658680,5000,,Aggregated,88.400000,0.200000,9600,57000,58000,58000,61000,65000,73000,74000,76000,76000,76000,57556,87,8300,12464.338815867726,0.5523750005522743,76410.17066699715,3028.9865869761625
1787658681,5000,GET,/feed,70.200000,0.000000,57000,57000,58000,58000,61000,65000,73000,74000,76000,76000,76000,44347,67,8300,12528.741107774318,0.5523750005522743,76410.17066699715,3902.0957449207385
1787658681,5000,POST,/follow,5.600000,0.000000,9600,57000,57000,57000,61000,66000,73000,74000,74000,74000,74000,4447,8,8200,12505.482564180073,1.4030409947736189,73602.27116700116,16.96941758488869
1787658681,5000,POST,/posts,12.900000,0.100000,57000,57000,58000,58000,60000,64000,71000,73000,74000,74000,74000,8858,12,8200,12405.198198374543,1.656333995924797,74263.68750000256,168.77105441408895
1787658681,5000,,Aggregated,88.700000,0.100000,57000,57000,58000,58000,61000,65000,73000,74000,76000,76000,76000,57652,87,8300,12507.965179188526,0.5523750005522743,76410.17066699715,3028.8051932283356
1787658682,5000,GET,/feed,70.200000,0.000000,57000,57000,58000,58000,61000,65000,73000,74000,76000,76000,76000,44417,68,8300,12562.398394890171,0.5523750005522743,76410.17066699715,3902.0170655379698
1787658682,5000,POST,/follow,5.800000,0.000000,9600,57000,57000,57000,61000,65000,68000,74000,74000,74000,74000,4450,8,8200,12526.609969099276,1.4030409947736189,73602.27116700116,16.96943820224719
1787658682,5000,POST,/posts,12.900000,0.100000,57000,57000,58000,59000,60000,65000,72000,73000,74000,74000,74000,8872,12,8200,12442.109748571425,1.656333995924797,74263.68750000256,168.77141568981065
1787658682,5000,,Aggregated,88.900000,0.100000,57000,57000,58000,58000,61000,65000,73000,74000,76000,76000,76000,57739,88,8300,12541.156957301877,0.5523750005522743,76410.17066699715,3028.953497635913
1787658683,5000,GET,/feed,70.000000,0.000000,9600,57000,58000,59000,62000,67000,73000,74000,76000,76000,76000,44488,69,8300,12591.533284242425,0.5523750005522743,76410.17066699715,3901.938770005395
1787658683,5000,POST,/follow,6.700000,0.000000,57000,57000,57000,58000,62000,66000,68000,74000,74000,74000,74000,4456,8,8200,12566.775888678361,1.4030409947736189,73602.27116700116,16.96947935368043
1787658683,5000,POST,/posts,13.600000,0.100000,57000,57000,58000,59000,61000,65000,73000,73000,74000,74000,74000,8887,12,8200,12503.747607881365,1.656333995924797,74263.68750000256,168.7718015078204
1787658683,5000,,Aggregated,90.300000,0.100000,9600,57000,58000,59000,61000,67000,73000,74000,76000,76000,76000,57831,89,8300,12576.135482709416,0.5523750005522743,76410.17066699715,3028.9108436651622
1787658684,5000,GET,/feed,69.900000,0.000000,9600,57000,58000,58000,63000,67000,73000,74000,80000,80000,80000,44559,69,8300,12629.114392064492,0.5523750005522743,79520.04237499932,3901.948427927018
1787658684,5000,POST,/follow,6.200000,0.000000,9600,57000,57000,57000,61000,65000,68000,74000,74000,74000,74000,4468,8,8200,12589.753247311948,1.4030409947736189,73602.27116700116,16.96956132497762
1787658684,5000,POST,/posts,14.100000,0.000000,57000,57000,58000,59000,61000,65000,73000,73000,74000,74000,74000,8902,12,8300,12537.81938136955,1.656333995924797,74263.68750000256,168.77218602561223
1787658684,5000,,Aggregated,90.200000,0.000000,9700,57000,58000,59000,62000,67000,73000,74000,80000,80000,80000,57929,89,8300,12612.04912630879,0.5523750005522743,79520.04237499932,3028.6238326226935
1787658685,5000,GET,/feed,70.400000,0.100000,57000,57000,58000,59000,63000,68000,74000,75000,89000,89000,89000,44631,69,8400,12672.851971928181,0.5523750005522743,89313.29195899889,3901.9581904953957
1787658685,5000,POST,/follow,6.300000,0.000000,9600,57000,57000,58000,61000,66000,74000,75000,75000,75000,75000,4479,8,8200,12682.848305739177,1.4030409947736189,75038.7254169982,16.969636079482026
1787658685,5000,POST,/posts,13.300000,0.000000,57000,57000,58000,59000,61000,65000,73000,74000,89000,89000,89000,8920,12,8300,12578.291204945934,1.656333995924797,89289.59524999664,168.7726457399103
1787658685,5000,,Aggregated,90.000000,0.100000,57000,57000,58000,59000,62000,67000,74000,75000,89000,89000,89000,58030,89,8300,12659.088255534187,0.5523750005522743,89313.29195899889,3028.257022229881
1787658686,5000,GET,/feed,70.100000,0.200000,56000,57000,58000,59000,64000,73000,76000,89000,89000,89000,89000,44698,69,8400,12712.941221082745,0.5523750005522743,89313.29195899889,3901.967246856683
1787658686,5000,POST,/follow,6.200000,0.000000,9600,57000,57000,58000,61000,66000,74000,75000,75000,75000,75000,4485,8,8200,12699.166150368957,1.4030409947736189,75038.7254169982,16.96967670011148
1787658686,5000,POST,/posts,13.400000,0.000000,57000,57000,58000,59000,61000,72000,74000,88000,89000,89000,89000,8930,12,8300,12621.945706256072,1.656333995924797,89289.59524999664,168.77290033594625
1787658686,5000,,Aggregated,89.700000,0.200000,56000,57000,58000,59000,64000,73000,75000,89000,89000,89000,89000,58113,89,8300,12697.895170464893,0.5523750005522743,89313.29195899889,3028.4683805688915
1787658687,5000,GET,/feed,69.900000,0.200000,56000,57000,58000,59000,65000,73000,80000,89000,90000,90000,90000,44771,69,8400,12755.865074213807,0.5523750005522743,89919.65583399724,3901.9770833798666
1787658687,5000,POST,/follow,7.000000,0.000000,9600,57000,57000,58000,61000,68000,74000,75000,75000,75000,75000,4495,8,8200,12747.237649672696,1.4030409947736189,75038.7254169982,16.969744160177974
1787658687,5000,POST,/posts,14.000000,0.000000,57000,57000,58000,59000,61000,72000,74000,88000,89000,89000,89000,8939,12,8300,12634.8067579277,1.656333995924797,89289.59524999664,168.77312898534512
1787658687,5000,,Aggregated,90.900000,0.200000,56000,57000,58000,59000,64000,72000,76000,89000,90000,90000,90000,58205,89,8300,12736.606925212938,0.5523750005522743,89919.65583399724,3028.6119405549352
1787658688,5000,GET,/feed,70.100000,0.200000,56000,57000,58000,59000,64000,73000,88000,89000,92000,92000,92000,44839,69,8400,12791.449840233945,0.5523750005522743,91635.1677920029,3901.986217355427
1787658688,5000,POST,/follow,7.400000,0.000000,9400,56000,57000,58000,61000,66000,72000,75000,75000,75000,75000,4499,8,8200,12754.432634851248,1.4030409947736189,75038.7254169982,16.969771060235608
1787658688,5000,POST,/posts,14.700000,0.000000,56000,57000,58000,59000,61000,72000,85000,88000,89000,89000,89000,8956,12,8300,12669.237468651263,1.656333995924797,89289.59524999664,168.7735596248325
1787658688,5000,,Aggregated,92.200000,0.200000,56000,57000,58000,59000,64000,72000,88000,89000,92000,92000,92000,58294,89,8400,12769.81683500334,0.5523750005522743,91635.1677920029,3028.5971626582495
1787658689,5000,GET,/feed,70.200000,0.200000,56000,57000,58000,59000,64000,73000,89000,89000,92000,92000,92000,44911,69,8400,12824.522671551358,0.5523750005522743,91635.1677920029,3901.995858475652
1787658689,5000,POST,/follow,8.100000,0.000000,9400,56000,57000,57000,60000,64000,72000,75000,75000,75000,75000,4502,8,8200,12762.48250639244,1.4030409947736189,75038.7254169982,16.969791203909374
1787658689,5000,POST,/posts,14.700000,0.000000,56000,57000,58000,59000,61000,65000,85000,88000,89000,89000,89000,8972,12,8300,12696.61247419647,1.656333995924797,89289.59524999664,168.773963441819
1787658689,5000,,Aggregated,93.000000,0.200000,56000,57000,58000,59000,64000,72000,88000,89000,92000,92000,92000,58385,89,8400,12800.082916233803,0.5523750005522743,91635.1677920029,3028.743238845594
1787658690,5000,GET,/feed,70.800000,0.200000,56000,57000,58000,59000,64000,73000,89000,90000,92000,92000,92000,44979,69,8400,12862.587383653976,0.5523750005522743,91635.1677920029,3902.0049356366303
1787658690,5000,POST,/follow,8.300000,0.000000,9300,56000,57000,57000,60000,61000,72000,75000,75000,75000,75000,4510,8,8200,12777.709062174008,1.4030409947736189,75038.7254169982,16.969844789356983
1787658690,5000,POST,/posts,14.700000,0.000000,56000,57000,58000,58000,61000,65000,88000,89000,89000,89000,89000,8990,12,8300,12747.277458285727,1.656333995924797,89289.59524999664,168.77441601779756
1787658690,5000,,Aggregated,93.800000,0.200000,56000,57000,58000,58000,64000,72000,89000,89000,92000,92000,92000,58479,89,8400,12838.314782225472,0.5523750005522743,91635.1677920029,3028.4734007079464
1787658691,5000,GET,/feed,70.700000,0.200000,56000,57000,58000,59000,64000,74000,89000,90000,95000,95000,95000,45052,69,8400,12905.634359552056,0.5523750005522743,94976.10929100483,3902.0146497380806
1787658691,5000,POST,/follow,7.500000,0.000000,9400,56000,57000,58000,61000,64000,72000,75000,75000,75000,75000,4517,8,8300,12817.934949125032,1.4030409947736189,75038.7254169982,16.969891520920964
1787658691,5000,POST,/posts,13.900000,0.000000,56000,57000,58000,58000,64000,72000,88000,89000,89000,89000,89000,9003,12,8300,12790.292542604986,1.656333995924797,89289.59524999664,168.7747417527491
1787658691,5000,,Aggregated,92.100000,0.200000,56000,57000,58000,59000,64000,73000,89000,90000,95000,95000,95000,58572,89,8400,12881.14210019817,0.5523750005522743,94976.10929100483,3028.5750187803046
1787658692,5000,GET,/feed,70.300000,0.200000,56000,57000,58000,59000,65000,75000,89000,90000,95000,95000,95000,45088,69,8400,12927.356945743151,0.5523750005522743,94976.10929100483,3902.0194286728174
1787658692,5000,POST,/follow,7.800000,0.000000,9300,56000,57000,57000,60000,64000,72000,75000,75000,75000,75000,4520,8,8300,12836.415089645521,1.4030409947736189,75038.7254169982,16.96991150442478
1787658692,5000,POST,/posts,15.400000,0.000000,56000,57000,58000,58000,64000,73000,89000,90000,90000,90000,90000,9008,12,8300,12811.510942665705,1.656333995924797,90148.16654199967,168.77486678507992
1787658692,5000,,Aggregated,93.500000,0.200000,56000,57000,58000,59000,64000,73000,89000,90000,95000,95000,95000,58616,89,8400,12902.541230148685,0.5523750005522743,94976.10929100483,3028.7170738364953
1787658693,5000,GET,/feed,70.200000,0.200000,56000,57000,58000,60000,64000,75000,89000,90000,95000,95000,95000,45171,69,8400,12975.662576039898,0.5523750005522743,94976.10929100483,3902.030417745899
1787658693,5000,POST,/follow,6.700000,0.000000,56000,56000,57000,57000,61000,64000,72000,75000,75000,75000,75000,4528,8,8300,12885.205633694071,1.4030409947736189,75038.7254169982,16.969964664310954
1787658693,5000,POST,/posts,14.400000,0.000000,9600,56000,58000,58000,64000,65000,89000,90000,90000,90000,90000,9022,12,8300,12828.17357380023,1.656333995924797,90148.16654199967,168.77521613832852
1787658693,5000,,Aggregated,91.300000,0.200000,56000,57000,58000,59000,64000,73000,89000,90000,95000,95000,95000,58721,89,8400,12946.026929284046,0.5523750005522743,94976.10929100483,3028.8677985729128
1787658694,5035,GET,/feed,69.500000,0.200000,56000,57000,58000,60000,65000,75000,89000,90000,95000,95000,95000,45217,69,8400,13000.177776034661,0.5523750005522743,94976.10929100483,3902.0364907004005
1787658694,5035,POST,/follow,7.200000,0.000000,56000,56000,57000,57000,61000,64000,72000,75000,75000,75000,75000,4536,8,8300,12923.28169283482,1.4030409947736189,75038.7254169982,16.970017636684304
1787658694,5035,POST,/posts,14.200000,0.000000,56000,56000,58000,58000,61000,74000,89000,90000,90000,90000,90000,9039,12,8300,12877.957512652798,1.656333995924797,90148.16654199967,168.77563889810818
1787658694,5035,,Aggregated,90.900000,0.200000,56000,57000,58000,60000,64000,75000,89000,90000,95000,95000,95000,58792,89,8400,12975.45418108798,0.5523750005522743,94976.10929100483,3028.3188699142743
1787658695,5070,GET,/feed,66.800000,0.100000,56000,57000,58000,60000,65000,75000,89000,90000,95000,95000,95000,45289,69,8400,13039.612384858012,0.5523750005522743,94976.10929100483,3902.0459714279405
1787658695,5070,POST,/follow,7.000000,0.000000,9900,56000,57000,57000,61000,64000,64000,72000,72000,72000,72000,4538,8,8300,12932.247911412682,1.4030409947736189,75038.7254169982,16.970030850594977
1787658695,5070,POST,/posts,13.900000,0.000000,56000,57000,58000,58000,61000,65000,90000,90000,90000,90000,90000,9055,12,8300,12929.496464586047,1.656333995924797,90148.16654199967,168.77603533959137
1787658695,5070,,Aggregated,87.700000,0.100000,56000,57000,58000,60000,64000,73000,89000,90000,95000,95000,95000,58882,89,8400,13014.404008128964,0.5523750005522743,94976.10929100483,3028.515284806902
1787658696,5105,GET,/feed,65.700000,0.000000,56000,57000,58000,60000,64000,72000,89000,90000,95000,95000,95000,45354,69,8400,13066.088400036491,0.5523750005522743,94976.10929100483,3902.0545045640956
1787658696,5105,POST,/follow,6.800000,0.000000,10000,57000,57000,57000,61000,64000,64000,72000,72000,72000,72000,4542,8,8300,12960.670012740366,1.4030409947736189,75038.7254169982,16.970057243505064
1787658696,5105,POST,/posts,13.000000,0.000000,56000,57000,58000,58000,61000,65000,90000,90000,90000,90000,90000,9064,12,8300,12948.037209160157,1.656333995924797,90148.16654199967,168.77625772285967
1787658696,5105,,Aggregated,85.500000,0.000000,56000,57000,58000,60000,64000,72000,89000,90000,95000,95000,95000,58960,89,8400,13039.819297098833,0.5523750005522743,94976.10929100483,3028.8440637720487
1787658697,5140,GET,/feed,63.700000,0.000000,56000,57000,58000,60000,64000,72000,85000,89000,95000,95000,95000,45427,69,8400,13095.957912277901,0.5523750005522743,94976.10929100483,3902.0640588196447
1787658697,5140,POST,/follow,6.400000,0.000000,10000,57000,57000,60000,63000,64000,64000,65000,65000,65000,65000,4555,8,8300,13018.774208870638,1.4030409947736189,75038.7254169982,16.97014270032931
1787658697,5140,POST,/posts,13.500000,0.000000,10000,57000,58000,58000,61000,74000,90000,90000,90000,90000,90000,9080,12,8400,12971.485511709989,1.656333995924797,90148.16654199967,168.77665198237887
1787658697,5140,,Aggregated,83.600000,0.000000,56000,57000,58000,60000,64000,71000,85000,89000,95000,95000,95000,59062,89,8400,13070.869341518719,0.5523750005522743,94976.10929100483,3028.493024279571
1787658698,5175,GET,/feed,63.700000,0.000000,56000,57000,58000,60000,64000,72000,85000,89000,95000,95000,95000,45492,69,8400,13130.492734514692,0.5523750005522743,94976.10929100483,3902.072540226853
1787658698,5175,POST,/follow,5.700000,0.000000,10000,57000,57000,60000,61000,64000,64000,65000,65000,65000,65000,4560,8,8300,13026.341785067269,1.4030409947736189,75038.7254169982,16.970175438596492
1787658698,5175,POST,/posts,13.000000,0.000000,10000,57000,57000,58000,61000,65000,90000,90000,90000,90000,90000,9099,12,8400,12998.152201344621,1.656333995924797,90148.16654199967,168.77711836465545
1787658698,5175,,Aggregated,82.400000,0.000000,56000,57000,58000,60000,64000,67000,85000,89000,95000,95000,95000,59151,89,8400,13102.106150335276,0.5523750005522743,94976.10929100483,3028.286436408514
1787658699,5210,GET,/feed,63.700000,0.000000,56000,57000,58000,60000,64000,71000,76000,88000,95000,95000,95000,45558,69,8500,13159.142904213775,0.5523750005522743,94976.10929100483,3902.081127354142
1787658699,5210,POST,/follow,5.400000,0.000000,56000,57000,57000,60000,63000,64000,65000,73000,73000,73000,73000,4570,8,8300,13085.086549277628,1.4030409947736189,75038.7254169982,16.970240700218817
1787658699,5210,POST,/posts,12.900000,0.000000,56000,57000,57000,58000,61000,71000,90000,90000,90000,90000,90000,9111,12,8400,13037.610663217944,1.656333995924797,90148.16654199967,168.77741191965757
1787658699,5210,,Aggregated,82.000000,0.000000,56000,57000,58000,60000,64000,67000,76000,89000,95000,95000,95000,59239,89,8400,13134.738073109724,0.5523750005522743,94976.10929100483,3028.17902057766
1787658700,5245,GET,/feed,63.400000,0.000000,56000,57000,58000,60000,64000,67000,76000,85000,102000,102000,102000,45624,69,8500,13192.097948288381,0.5523750005522743,102064.63220900332,3902.089689637033
1787658700,5245,POST,/follow,5.800000,0.000000,56000,57000,57000,60000,63000,64000,73000,73000,73000,73000,73000,4575,8,8400,13105.951128376779,1.4030409947736189,75038.7254169982,16.970273224043716
1787658700,5245,POST,/posts,13.900000,0.000000,10000,57000,57000,58000,61000,67000,90000,90000,90000,90000,90000,9121,12,8400,13065.268712110701,1.656333995924797,90148.16654199967,168.77765595877645
1787658700,5245,,Aggregated,83.100000,0.000000,56000,57000,58000,60000,64000,67000,76000,88000,102000,102000,102000,59320,89,8400,13165.952783684974,0.5523750005522743,102064.63220900332,3028.422117329737
1787658701,5280,GET,/feed,63.100000,0.000000,57000,57000,58000,59000,64000,65000,74000,76000,102000,102000,102000,45684,69,8500,13221.749893957294,0.5523750005522743,102064.63220900332,3902.097452061991
1787658701,5280,POST,/follow,6.300000,0.000000,57000,57000,57000,60000,63000,65000,73000,73000,73000,73000,73000,4581,8,8400,13136.10350651927,1.4030409947736189,75038.7254169982,16.970312158917267
1787658701,5280,POST,/posts,14.300000,0.000000,10000,57000,57000,58000,60000,67000,90000,90000,90000,90000,90000,9131,12,8400,13077.67582512372,1.656333995924797,90148.16654199967,168.77789946336657
1787658701,5280,,Aggregated,83.700000,0.000000,56000,57000,58000,59000,64000,65000,74000,85000,102000,102000,102000,59396,89,8400,13192.995660955496,0.5523750005522743,102064.63220900332,3028.5250185197656
1787658702,5315,GET,/feed,62.700000,0.000000,57000,57000,58000,60000,64000,65000,75000,76000,102000,102000,102000,45752,69,8500,13259.752989080635,0.5523750005522743,102064.63220900332,3902.1062248644866
1787658702,5315,POST,/follow,6.200000,0.000000,57000,57000,57000,60000,65000,65000,73000,73000,73000,73000,73000,4588,8,8400,13188.957695798119,1.4030409947736189,75038.7254169982,16.970357454228424
1787658702,5315,POST,/posts,12.600000,0.000000,10000,57000,57000,58000,61000,66000,75000,76000,90000,90000,90000,9149,12,8400,13123.322972574124,1.656333995924797,90148.16654199967,168.77833643021094
1787658702,5315,,Aggregated,81.500000,0.000000,11000,57000,58000,60000,64000,65000,74000,76000,102000,102000,102000,59489,89,8500,13233.311007763074,0.5523750005522743,102064.63220900332,3028.310729714737
1787658703,5350,GET,/feed,62.100000,0.000000,11000,57000,58000,59000,64000,65000,73000,76000,102000,102000,102000,45814,69,8500,13287.716407832879,0.5523750005522743,102064.63220900332,3902.1142008992883
1787658703,5350,POST,/follow,6.400000,0.000000,57000,57000,57000,60000,65000,65000,73000,73000,73000,73000,73000,4593,8,8400,13216.382855384007,1.4030409947736189,75038.7254169982,16.97038972349227
1787658703,5350,POST,/posts,13.000000,0.000000,10000,57000,57000,58000,60000,65000,75000,76000,90000,90000,90000,9164,12,8400,13149.553897865633,1.656333995924797,90148.16654199967,168.77869925796594
1787658703,5350,,Aggregated,81.500000,0.000000,11000,57000,58000,59000,64000,65000,73000,76000,102000,102000,102000,59571,89,8500,13260.962513358394,0.5523750005522743,102064.63220900332,3028.2535629752733
1787658704,5385,GET,/feed,61.900000,0.000000,57000,57000,58000,60000,64000,66000,75000,85000,102000,102000,102000,45884,69,8500,13340.991102429427,0.5523750005522743,102110.84133400436,3902.1231801935314
1787658704,5385,POST,/follow,6.300000,0.000000,10000,57000,57000,60000,65000,70000,73000,73000,73000,73000,73000,4600,8,8400,13225.463010015375,1.4030409947736189,75038.7254169982,16.970434782608695
1787658704,5385,POST,/posts,12.700000,0.000000,10000,57000,57000,58000,60000,65000,73000,75000,76000,76000,76000,9182,12,8400,13176.572517906416,1.656333995924797,90148.16654199967,168.77913308647354
1787658704,5385,,Aggregated,80.900000,0.000000,57000,57000,58000,59000,64000,66000,74000,76000,102000,102000,102000,59666,89,8500,13306.78199392212,0.5523750005522743,102110.84133400436,3028.0698220091845
1787658705,5420,GET,/feed,64.000000,0.000000,57000,57000,58000,60000,64000,73000,106000,108000,111000,111000,111000,45966,86,8500,13407.281555237989,0.5523750005522743,110693.13762500678,3900.6883348561983
1787658705,5420,POST,/follow,6.700000,0.000000,56000,57000,58000,60000,65000,73000,108000,111000,111000,111000,111000,4609,10,8400,13304.294216982364,1.4030409947736189,110691.35366599949,16.963115643306573
1787658705,5420,POST,/posts,13.800000,0.000000,10000,57000,57000,58000,60000,65000,75000,76000,106000,106000,106000,9198,13,8400,13232.86987328775,1.656333995924797,105667.40216700418,168.76114372689716
1787658705,5420,,Aggregated,84.500000,0.000000,57000,57000,58000,60000,64000,72000,106000,108000,111000,111000,111000,59773,109,8500,13372.501515879076,0.5523750005522743,110693.13762500678,3026.943402539608
1787658706,5455,GET,/feed,64.600000,0.000000,57000,57000,58000,60000,64000,73000,106000,108000,111000,111000,111000,46020,87,8500,13430.197909476585,0.5523750005522743,110693.13762500678,3900.611994784876
1787658706,5455,POST,/follow,6.600000,0.000000,10000,57000,58000,60000,65000,73000,108000,111000,111000,111000,111000,4618,10,8400,13328.597993744852,1.4030409947736189,110691.35366599949,16.963187527067994
1787658706,5455,POST,/posts,14.500000,0.000000,10000,57000,57000,57000,60000,66000,75000,76000,106000,106000,106000,9205,13,8400,13255.711430250922,1.656333995924797,105667.40216700418,168.76132536664855
1787658706,5455,,Aggregated,85.700000,0.000000,57000,57000,58000,60000,64000,72000,106000,108000,111000,111000,111000,59843,110,8500,13395.51822342937,0.5523750005522743,110693.13762500678,3026.88615209799
1787658707,5490,GET,/feed,66.100000,0.000000,57000,57000,58000,60000,64000,73000,106000,108000,111000,111000,111000,46064,87,8500,13456.829264892893,0.5523750005522743,110693.13762500678,3900.6190517540813
1787658707,5490,POST,/follow,6.400000,0.000000,10000,57000,58000,60000,67000,73000,108000,111000,111000,111000,111000,4623,10,8400,13347.639411508917,1.4030409947736189,110691.35366599949,16.963227341553104
1787658707,5490,POST,/posts,14.200000,0.000000,10000,57000,57000,58000,60000,67000,73000,75000,106000,106000,106000,9217,13,8400,13275.145397829203,1.656333995924797,105667.40216700418,168.76163610719323
1787658707,5490,,Aggregated,86.700000,0.000000,57000,57000,58000,60000,64000,73000,106000,108000,111000,111000,111000,59904,110,8500,13420.44830711174,0.5523750005522743,110693.13762500678,3026.7096187232905
1787658708,5525,GET,/feed,67.500000,1.700000,57000,57000,58000,60000,65000,74000,106000,108000,111000,111000,111000,46114,87,8500,13479.710671977344,0.5523750005522743,110693.13762500678,3900.6270546905494
1787658708,5525,POST,/follow,7.000000,0.200000,56000,57000,58000,60000,70000,73000,108000,111000,111000,111000,111000,4628,10,8400,13390.988090416535,1.4030409947736189,110691.35366599949,16.963267070008644
1787658708,5525,POST,/posts,14.300000,0.100000,10000,57000,57000,57000,60000,66000,73000,75000,106000,106000,106000,9226,13,8400,13282.450561881396,1.656333995924797,105667.40216700418,168.7618686321266
1787658708,5525,,Aggregated,88.800000,2.000000,57000,57000,58000,60000,65000,73000,106000,108000,111000,111000,111000,59968,110,8500,13442.515336411529,0.5523750005522743,110693.13762500678,3026.7645911152613
1787658709,5560,GET,/feed,65.700000,1.800000,57000,57000,58000,60000,65000,74000,106000,108000,111000,111000,111000,46180,88,8500,13498.682892234747,0.5523750005522743,110693.13762500678,3900.55296665223
1787658709,5560,POST,/follow,7.400000,0.200000,57000,57000,60000,62000,70000,74000,108000,111000,111000,111000,111000,4635,10,8400,13442.206693830794,1.4030409947736189,110691.35366599949,16.963322545846818
1787658709,5560,POST,/posts,13.900000,0.100000,11000,57000,57000,57000,60000,65000,73000,75000,106000,106000,106000,9235,13,8400,13311.465875207663,1.656333995924797,105667.40216700418,168.76210070384408
1787658709,5560,,Aggregated,87.000000,2.100000,57000,57000,58000,60000,65000,73000,106000,108000,111000,111000,111000,60050,111,8500,13465.531912520353,0.5523750005522743,110693.13762500678,3026.8889092422983
1787658710,5595,GET,/feed,63.300000,1.800000,57000,57000,59000,60000,65000,74000,106000,108000,111000,111000,111000,46252,88,8600,13538.778130868744,0.5523750005522743,110693.13762500678,3900.5645593704057
1787658710,5595,POST,/follow,6.800000,0.200000,11000,57000,58000,60000,67000,74000,108000,111000,111000,111000,111000,4643,10,8400,13447.464685303623,1.4030409947736189,110691.35366599949,16.96338574197717
1787658710,5595,POST,/posts,13.100000,0.100000,11000,57000,57000,58000,61000,65000,73000,75000,106000,106000,106000,9251,13,8400,13354.317037707682,1.656333995924797,105667.40216700418,168.76251216084748
1787658710,5595,,Aggregated,83.200000,2.100000,57000,57000,58000,60000,65000,73000,106000,108000,111000,111000,111000,60146,111,8500,13503.357356410033,0.5523750005522743,110693.13762500678,3026.7830778439134
1787658711,5630,GET,/feed,61.500000,1.800000,57000,57000,59000,60000,65000,74000,106000,108000,111000,111000,111000,46320,88,8600,13571.94240062219,0.5523750005522743,110693.13762500678,3900.5754749568223
1787658711,5630,POST,/follow,6.600000,0.200000,11000,57000,58000,60000,67000,74000,108000,111000,111000,111000,111000,4645,10,8400,13466.62294548584,1.4030409947736189,110691.35366599949,16.96340150699677
1787658711,5630,POST,/posts,12.600000,0.100000,11000,57000,57000,59000,62000,65000,73000,75000,106000,106000,106000,9260,13,8400,13373.9781696949,1.656333995924797,105667.40216700418,168.76274298056157
1787658711,5630,,Aggregated,80.700000,2.100000,57000,57000,59000,60000,65000,73000,106000,108000,111000,111000,111000,60225,111,8500,13533.38104491448,0.5523750005522743,110693.13762500678,3027.2510419261102
1787658712,5665,GET,/feed,61.800000,1.900000,57000,57000,58000,60000,65000,74000,106000,111000,115000,115000,115000,46375,88,8600,13604.70250051458,0.5523750005522743,115202.04399999784,3900.58428032345
1787658712,5665,POST,/follow,6.500000,0.200000,11000,57000,58000,59000,67000,84000,108000,111000,111000,111000,111000,4646,10,8400,13466.01539836929,1.4030409947736189,110691.35366599949,16.963409384416703
1787658712,5665,POST,/posts,12.500000,0.100000,11000,57000,57000,59000,62000,65000,73000,87000,106000,106000,106000,9268,13,8500,13401.240261172074,1.656333995924797,105667.40216700418,168.76294777729822
1787658712,5665,,Aggregated,80.800000,2.200000,57000,57000,58000,60000,65000,73000,106000,111000,115000,115000,115000,60289,111,8500,13562.737493452012,0.5523750005522743,115202.04399999784,3027.6253213687405
1787658713,5700,GET,/feed,62.600000,1.900000,57000,58000,59000,60000,65000,74000,108000,111000,115000,115000,115000,46419,88,8600,13630.069982527531,0.5523750005522743,115327.50962499995,3900.5913095930546
1787658713,5700,POST,/follow,6.700000,0.200000,11000,57000,58000,60000,67000,84000,108000,111000,111000,111000,111000,4653,10,8400,13514.459490765254,1.4030409947736189,110691.35366599949,16.96346443154954
1787658713,5700,POST,/posts,12.900000,0.100000,56000,57000,58000,60000,64000,66000,87000,96000,106000,106000,106000,9274,13,8500,13425.573898821305,1.656333995924797,105667.40216700418,168.7631011429804
1787658713,5700,,Aggregated,82.200000,2.200000,57000,57000,59000,60000,65000,74000,106000,111000,115000,115000,115000,60346,111,8600,13589.728745354178,0.5523750005522743,115327.50962499995,3027.6337785437313
1787658714,5735,GET,/feed,63.400000,1.900000,57000,58000,60000,60000,73000,109000,113000,113000,116000,116000,116000,46499,110,8600,13702.950351768974,0.5523750005522743,115733.86045799998,3898.7550700015054
1787658714,5735,POST,/follow,6.400000,0.200000,57000,57000,60000,60000,74000,108000,113000,113000,113000,113000,113000,4661,12,8400,13588.030280910261,1.4030409947736189,112858.30354200152,16.95623256811843
1787658714,5735,POST,/posts,12.900000,0.100000,57000,57000,61000,62000,71000,109000,109000,113000,113000,113000,113000,9290,19,8500,13515.005493725492,1.656333995924797,112858.38912500185,168.65435952637245
1787658714,5735,,Aggregated,82.700000,2.200000,57000,58000,60000,61000,73000,109000,113000,113000,116000,116000,116000,60450,141,8600,13665.20593189307,0.5523750005522743,115733.86045799998,3026.2042018196857
1787658715,5770,GET,/feed,61.700000,1.900000,57000,58000,59000,60000,66000,90000,113000,113000,116000,116000,116000,46554,110,8600,13723.067209906476,0.5523750005522743,115822.74916700408,3898.765992181123
1787658715,5770,POST,/follow,5.700000,0.200000,57000,57000,60000,61000,67000,84000,113000,113000,113000,113000,113000,4669,12,8500,13649.45705953068,1.4030409947736189,112858.30354200152,16.95630756050546
1787658715,5770,POST,/posts,11.600000,0.100000,57000,59000,61000,62000,67000,109000,109000,113000,113000,113000,113000,9303,19,8500,13564.843067460262,1.656333995924797,112858.38912500185,168.654842523917
1787658715,5770,,Aggregated,79.000000,2.200000,57000,58000,60000,61000,66000,90000,113000,113000,116000,116000,116000,60526,141,8600,13693.06944052995,0.5523750005522743,115822.74916700408,3025.994068664706
1787658716,5805,GET,/feed,60.300000,2.100000,12000,58000,59000,60000,66000,90000,113000,113000,116000,116000,116000,46618,110,8700,13749.07984763639,0.5523750005522743,115822.74916700408,3898.778669183577
1787658716,5805,POST,/follow,6.000000,0.200000,57000,59000,61000,62000,67000,84000,113000,113000,113000,113000,113000,4676,12,8500,13677.671637544425,1.4030409947736189,112858.30354200152,16.956372968349015
1787658716,5805,POST,/posts,10.900000,0.100000,57000,59000,61000,63000,67000,109000,109000,113000,113000,113000,113000,9309,19,8500,13589.15513254644,1.656333995924797,112858.38912500185,168.65506499086905
1787658716,5805,,Aggregated,77.200000,2.400000,57000,58000,60000,61000,67000,90000,113000,113000,116000,116000,116000,60603,141,8600,13719.004703449398,0.5523750005522743,115822.74916700408,3026.2951009025955
1787658717,5840,GET,/feed,61.300000,4.100000,12000,58000,59000,60000,66000,88000,113000,113000,116000,116000,116000,46685,110,8700,13775.505266271044,0.5523750005522743,115822.74916700408,3898.7919031808933
1787658717,5840,POST,/follow,6.100000,0.400000,57000,60000,61000,62000,67000,84000,113000,113000,113000,113000,113000,4687,12,8500,13751.617558813257,1.4030409947736189,112858.30354200152,16.956475357371453
1787658717,5840,POST,/posts,10.400000,0.700000,57000,59000,61000,62000,66000,109000,109000,113000,113000,113000,113000,9322,19,8500,13621.735427751431,1.656333995924797,112858.38912500185,168.65554602016735
1787658717,5840,,Aggregated,77.800000,5.200000,57000,58000,60000,61000,66000,90000,113000,113000,116000,116000,116000,60694,141,8600,13750.043043983233,0.5523750005522743,115822.74916700408,3026.111015915906
1787658718,5875,GET,/feed,58.400000,2.400000,12000,58000,60000,61000,74000,110000,113000,114000,116000,116000,116000,46777,133,8700,13851.292923862806,0.5523750005522743,115822.74916700408,3896.8884708296814
1787658718,5875,POST,/follow,6.000000,0.200000,57000,60000,61000,62000,74000,108000,113000,113000,113000,113000,113000,4695,14,8500,13829.234281192488,1.4030409947736189,112858.30354200152,16.9493077742279
1787658718,5875,POST,/posts,10.300000,0.600000,58000,61000,62000,65000,108000,110000,113000,114000,114000,114000,114000,9341,27,8500,13737.597832356263,1.656333995924797,113933.09641700034,168.51150840381115
1787658718,5875,,Aggregated,74.700000,3.200000,57000,58000,60000,62000,74000,110000,113000,114000,116000,116000,116000,60813,174,8700,13832.126114511153,0.5523750005522743,115822.74916700408,3024.6558301678915
1787658719,5910,GET,/feed,59.800000,2.300000,57000,58000,60000,61000,74000,110000,113000,114000,116000,116000,116000,46834,133,8700,13874.103005021041,0.5523750005522743,115822.74916700408,3896.9019942776617
1787658719,5910,POST,/follow,5.700000,0.200000,57000,60000,61000,62000,73000,108000,113000,113000,113000,113000,113000,4699,14,8500,13853.6405240989,1.4030409947736189,112858.30354200152,16.94935092572888
1787658719,5910,POST,/posts,10.400000,0.600000,58000,60000,63000,65000,108000,110000,113000,114000,114000,114000,114000,9351,27,8500,13774.91040573616,1.656333995924797,113933.09641700034,168.51203079884505
1787658719,5910,,Aggregated,75.900000,3.100000,57000,58000,60000,62000,75000,110000,113000,114000,116000,116000,116000,60884,174,8700,13857.28901129907,0.5523750005522743,115822.74916700408,3024.8161914460284
1787658720,5945,GET,/feed,61.800000,2.300000,12000,58000,60000,61000,75000,110000,113000,114000,116000,116000,116000,46896,133,8700,13906.217181231528,0.5523750005522743,115822.74916700408,3896.9166666666665
1787658720,5945,POST,/follow,6.300000,0.200000,58000,61000,62000,67000,75000,110000,113000,113000,113000,113000,113000,4703,14,8500,13878.28480497209,1.4030409947736189,112858.30354200152,16.949394003827344
1787658720,5945,POST,/posts,10.500000,0.600000,58000,60000,64000,65000,109000,110000,113000,114000,114000,114000,114000,9362,27,8500,13792.836274041958,1.656333995924797,113933.09641700034,168.5126041444136
1787658720,5945,,Aggregated,78.600000,3.100000,57000,58000,60000,64000,85000,110000,113000,114000,116000,116000,116000,60961,174,8700,13886.649949416773,0.5523750005522743,115822.74916700408,3025.001755220551
1787658721,5980,GET,/feed,66.000000,4.600000,12000,58000,60000,62000,80000,110000,113000,114000,116000,116000,116000,46955,133,8700,13935.837488266076,0.5523750005522743,115822.74916700408,3896.9305931210733
1787658721,5980,POST,/follow,6.700000,0.400000,58000,61000,62000,67000,75000,108000,113000,113000,113000,113000,113000,4708,14,8500,13898.976569082784,1.4030409947736189,112858.30354200152,16.94944774851317
1787658721,5980,POST,/posts,11.400000,1.400000,58000,60000,63000,65000,108000,110000,113000,114000,114000,114000,114000,9374,27,8600,13806.565701310308,1.656333995924797,113933.09641700034,168.5132280776616
1787658721,5980,,Aggregated,84.100000,6.400000,57000,58000,61000,64000,87000,110000,113000,114000,116000,116000,116000,61037,174,8700,13913.140846254826,0.5523750005522743,115822.74916700408,3025.047381096712
1787658722,6015,GET,/feed,65.000000,4.500000,12000,58000,60000,64000,90000,110000,113000,114000,123000,123000,123000,47037,144,8700,13993.58105196422,0.5523750005522743,122613.56387499836,3896.0359716818675
1787658722,6015,POST,/follow,6.300000,0.400000,58000,61000,62000,65000,74000,108000,113000,113000,113000,113000,113000,4717,14,8500,13937.267235379213,1.4030409947736189,112858.30354200152,16.949544201823194
1787658722,6015,POST,/posts,11.500000,1.400000,58000,61000,65000,73000,108000,110000,113000,114000,114000,114000,114000,9396,31,8600,13900.389817218156,1.656333995924797,113933.09641700034,168.44242230736484
1787658722,6015,,Aggregated,82.800000,6.300000,57000,58000,61000,65000,93000,110000,113000,114000,123000,123000,123000,61150,189,8700,13974.917812152153,0.5523750005522743,122613.56387499836,3024.0470973017173
1787658723,6050,GET,/feed,63.800000,4.500000,12000,58000,60000,62000,88000,109000,113000,114000,123000,123000,123000,47104,144,8700,14027.854993236379,0.5523750005522743,122613.56387499836,3896.052989130435
1787658723,6050,POST,/follow,6.000000,0.400000,58000,61000,62000,65000,74000,108000,113000,113000,113000,113000,113000,4726,14,8500,14005.406958322628,1.4030409947736189,112858.30354200152,16.949640287769785
1787658723,6050,POST,/posts,11.000000,1.400000,58000,59000,65000,67000,108000,110000,113000,114000,114000,114000,114000,9404,31,8600,13921.632649213718,1.656333995924797,113933.09641700034,168.44289663972776
1787658723,6050,,Aggregated,80.800000,6.300000,57000,58000,61000,65000,90000,109000,113000,114000,123000,123000,123000,61234,189,8700,14009.809392161911,0.5523750005522743,122613.56387499836,3024.1993173727014
1787658724,6085,GET,/feed,62.900000,4.500000,12000,58000,59000,61000,74000,106000,110000,114000,123000,123000,123000,47166,144,8700,14058.798177218776,0.5523750005522743,122613.56387499836,3896.068693550439
1787658724,6085,POST,/follow,6.200000,0.400000,58000,61000,61000,65000,73000,75000,108000,110000,110000,110000,110000,4732,14,8500,14043.386384199865,1.4030409947736189,112858.30354200152,16.949704142011836
1787658724,6085,POST,/posts,11.300000,1.400000,58000,59000,62000,65000,97000,108000,110000,114000,114000,114000,114000,9413,31,8600,13950.454425408778,1.656333995924797,113933.09641700034,168.44342929990438
1787658724,6085,,Aggregated,80.400000,6.300000,57000,58000,59000,61000,75000,106000,110000,114000,123000,123000,123000,61311,189,8700,14040.974812074584,0.5523750005522743,122613.56387499836,3024.3796382378364
1787658725,6120,GET,/feed,66.000000,5.600000,57000,58000,59000,61000,74000,106000,110000,114000,124000,124000,124000,47220,145,8700,14087.584246505587,0.5523750005522743,123839.95645800314,3895.9995764506566
1787658725,6120,POST,/follow,7.100000,0.400000,58000,59000,61000,62000,73000,75000,108000,110000,110000,110000,110000,4740,14,8600,14067.946778180327,1.4030409947736189,112858.30354200152,16.949789029535864
1787658725,6120,POST,/posts,12.800000,1.800000,58000,59000,64000,73000,106000,110000,114000,123000,124000,124000,124000,9422,31,8600,13988.44537954148,1.656333995924797,123803.6630419956,168.44396094247506
1787658725,6120,,Aggregated,85.900000,7.800000,57000,58000,59000,61000,75000,106000,110000,114000,124000,124000,124000,61382,190,8700,14070.850220172131,0.5523750005522743,123839.95645800314,3024.2827050275323
1787658726,6155,GET,/feed,67.800000,5.400000,58000,59000,61000,65000,106000,120000,130000,132000,132000,132000,132000,47306,175,8700,14182.454072806913,0.5523750005522743,132171.98116699728,3893.543060076946
1787658726,6155,POST,/follow,7.200000,0.400000,58000,61000,73000,74000,110000,129000,131000,132000,132000,132000,132000,4748,20,8600,14241.571867091146,1.4030409947736189,132169.88262499945,16.92839090143218
1787658726,6155,POST,/posts,12.700000,1.800000,58000,62000,74000,90000,110000,124000,131000,131000,132000,132000,132000,9443,38,8700,14124.045868667881,1.656333995924797,132167.80874999677,168.31991951710262
1787658726,6155,,Aggregated,87.700000,7.600000,58000,59000,62000,68000,108000,120000,131000,132000,132000,132000,132000,61497,233,8700,14178.049672845516,0.5523750005522743,132171.98116699728,3022.2249703237558
1787658728,6190,GET,/feed,66.300000,3.400000,58000,58000,60000,61000,80000,120000,130000,132000,132000,132000,132000,47366,175,8700,14216.678243447263,0.5523750005522743,132171.98116699728,3893.5613731368494
1787658728,6190,POST,/follow,7.100000,0.200000,58000,61000,66000,74000,120000,131000,131000,132000,132000,132000,132000,4753,20,8600,14258.861566552023,1.4030409947736189,132169.88262499945,16.928466231853566
1787658728,6190,POST,/posts,12.300000,1.200000,58000,59000,66000,74000,106000,129000,131000,131000,132000,132000,132000,9455,38,8700,14160.152333518012,1.656333995924797,132167.80874999677,168.32078265468007
1787658728,6190,,Aggregated,85.700000,4.800000,58000,59000,61000,65000,90000,120000,131000,132000,132000,132000,132000,61574,233,8700,14211.25460451416,0.5523750005522743,132171.98116699728,3022.288011173547
1787658729,6225,GET,/feed,66.200000,3.500000,58000,58000,59000,61000,80000,120000,130000,132000,132000,132000,132000,47430,175,8800,14242.789018035424,0.5523750005522743,132171.98116699728,3893.5808559983134
1787658729,6225,POST,/follow,7.100000,0.200000,58000,59000,61000,65000,90000,129000,131000,132000,132000,132000,132000,4765,20,8600,14301.078211243395,1.4030409947736189,132169.88262499945,16.928646379853095
1787658729,6225,POST,/posts,11.900000,1.200000,58000,59000,65000,74000,106000,129000,131000,131000,132000,132000,132000,9470,38,8700,14183.221642832188,1.656333995924797,132167.80874999677,168.32185850052798
1787658729,6225,,Aggregated,85.200000,4.900000,58000,59000,60000,62000,87000,120000,131000,132000,132000,132000,132000,61665,233,8700,14238.145297326082,0.5523750005522743,132171.98116699728,3021.928371037055
1787658730,6260,GET,/feed,67.800000,6.500000,58000,58000,60000,61000,80000,120000,130000,132000,132000,132000,132000,47492,175,8800,14280.7832663424,0.5523750005522743,132171.98116699728,3893.5996799460963
1787658730,6260,POST,/follow,6.600000,0.800000,58000,59000,61000,65000,90000,129000,131000,132000,132000,132000,132000,4767,20,8600,14324.878094222107,1.4030409947736189,132169.88262499945,16.928676316341516
1787658730,6260,POST,/posts,13.300000,1.900000,58000,59000,62000,72000,106000,124000,131000,131000,132000,132000,132000,9488,38,8700,14217.726676836926,1.656333995924797,132167.80874999677,168.3231450252951
1787658730,6260,,Aggregated,87.700000,9.200000,58000,59000,60000,61000,87000,120000,131000,132000,132000,132000,132000,61747,233,8700,14274.498250443194,0.5523750005522743,132171.98116699728,3021.889079631399
1787658731,6295,GET,/feed,65.100000,4.200000,58000,59000,61000,74000,113000,129000,131000,132000,132000,132000,132000,47615,236,8800,14441.257404763122,0.5523750005522743,132171.98116699728,3888.630305575974
1787658731,6295,POST,/follow,7.000000,0.600000,58000,61000,65000,81000,120000,129000,131000,132000,132000,132000,132000,4778,26,8600,14485.58649197484,1.4030409947736189,132169.88262499945,16.907492674759315
1787658731,6295,POST,/posts,12.900000,1.100000,58000,65000,92000,106000,113000,129000,131000,131000,132000,132000,132000,9521,59,8700,14470.09367248627,1.656333995924797,132167.80874999677,167.95273605713686
1787658731,6295,,Aggregated,85.000000,5.900000,58000,59000,65000,77000,113000,129000,131000,132000,132000,132000,132000,61914,321,8800,14449.112728012899,0.5523750005522743,132171.98116699728,3017.6857253609846
1787658732,6330,GET,/feed,65.500000,4.200000,58000,59000,61000,65000,113000,129000,131000,132000,132000,132000,132000,47680,236,8800,14481.571510110873,0.5523750005522743,132171.98116699728,3888.656711409396
1787658732,6330,POST,/follow,6.800000,0.600000,58000,61000,65000,81000,120000,129000,131000,132000,132000,132000,132000,4785,26,8700,14530.196250755858,1.4030409947736189,132169.88262499945,16.907628004179728
1787658732,6330,POST,/posts,13.700000,1.100000,58000,61000,80000,107000,120000,131000,131000,131000,132000,132000,132000,9536,59,8700,14506.05454225575,1.656333995924797,132167.80874999677,167.95438338926175
1787658732,6330,,Aggregated,86.000000,5.900000,58000,59000,62000,74000,113000,129000,131000,132000,132000,132000,132000,62001,321,8800,14489.08976914729,0.5523750005522743,132171.98116699728,3017.591135626845
1787658733,6365,GET,/feed,71.700000,10.300000,58000,59000,61000,65000,113000,129000,131000,132000,132000,132000,132000,47746,236,8800,14510.85094665358,0.5523750005522743,132171.98116699728,3888.6834499225065
1787658733,6365,POST,/follow,7.500000,1.200000,58000,61000,65000,81000,120000,129000,131000,132000,132000,132000,132000,4792,26,8700,14537.597138144984,1.4030409947736189,132169.88262499945,16.907762938230384
1787658733,6365,POST,/posts,15.900000,3.200000,58000,60000,74000,106000,113000,129000,131000,131000,132000,132000,132000,9550,59,8700,14542.454662730453,1.656333995924797,132167.80874999677,167.95591623036648
1787658733,6365,,Aggregated,95.100000,14.700000,58000,59000,62000,74000,113000,129000,131000,132000,132000,132000,132000,62088,321,8800,14517.776330595052,0.5523750005522743,132171.98116699728,3017.557031954645
1787658734,6400,GET,/feed,72.300000,10.300000,58000,59000,61000,66000,113000,129000,131000,132000,132000,132000,132000,47810,236,8800,14537.476735576678,0.5523750005522743,132171.98116699728,3888.7093076762185
1787658734,6400,POST,/follow,7.700000,1.200000,58000,59000,74000,90000,120000,129000,131000,132000,132000,132000,132000,4795,26,8700,14555.238278117575,1.4030409947736189,132169.88262499945,16.907820646506778
1787658734,6400,POST,/posts,16.000000,3.200000,58000,60000,66000,106000,120000,129000,131000,131000,132000,132000,132000,9563,59,8700,14589.470998369743,1.656333995924797,132167.80874999677,167.9573355641535
1787658734,6400,,Aggregated,96.000000,14.700000,58000,59000,62000,74000,113000,129000,131000,132000,132000,132000,132000,62168,321,8800,14546.844701919024,0.5523750005522743,132171.98116699728,3017.73325505083
1787658735,6435,GET,/feed,70.500000,9.200000,58000,62000,107000,109000,130000,132000,136000,137000,138000,138000,138000,47972,339,8800,14795.507936076414,0.5523750005522743,138369.94416700327,3880.3836404569333
1787658735,6435,POST,/follow,7.500000,1.200000,59000,81000,113000,121000,131000,136000,137000,138000,138000,138000,138000,4812,37,8700,14824.149221787566,1.4030409947736189,138369.49175000336,16.869285120532002
1787658735,6435,POST,/posts,15.400000,2.800000,59000,66000,109000,113000,131000,132000,136000,137000,138000,138000,138000,9590,78,8700,14833.442605991226,1.656333995924797,138369.03912499838,167.62544316996872
1787658735,6435,,Aggregated,93.400000,13.200000,58000,62000,109000,110000,131000,132000,136000,137000,138000,138000,138000,62374,454,8800,14803.549994487326,0.5523750005522743,138369.94416700327,3011.4866290441532
1787658736,6470,GET,/feed,70.300000,9.200000,58000,61000,77000,109000,129000,131000,136000,137000,138000,138000,138000,48035,339,8800,14828.821369059098,0.5523750005522743,138369.94416700327,3880.419860518372
1787658736,6470,POST,/follow,6.900000,1.200000,58000,61000,81000,109000,130000,136000,137000,138000,138000,138000,138000,4820,37,8700,14858.09801203149,1.4030409947736189,138369.49175000336,16.869502074688796
1787658736,6470,POST,/posts,15.800000,2.800000,59000,61000,107000,110000,130000,132000,136000,137000,138000,138000,138000,9601,78,8700,14864.50947686865,1.656333995924797,138369.03912499838,167.62701801895636
1787658736,6470,,Aggregated,93.000000,13.200000,58000,61000,80000,109000,129000,132000,136000,137000,138000,138000,138000,62456,454,8800,14836.566900988835,0.5523750005522743,138369.94416700327,3011.5067567567567
1787658737,6505,GET,/feed,80.300000,19.500000,58000,62000,78000,109000,129000,131000,136000,137000,138000,138000,138000,48095,339,8800,14863.125439536389,0.5523750005522743,138369.94416700327,3880.454267595384
1787658737,6505,POST,/follow,8.000000,2.300000,58000,61000,81000,109000,130000,136000,137000,138000,138000,138000,138000,4824,37,8700,14875.162084480266,1.4030409947736189,138369.49175000336,16.869610281923716
1787658737,6505,POST,/posts,17.700000,4.700000,59000,61000,106000,109000,130000,131000,136000,137000,138000,138000,138000,9617,78,8800,14907.151065318072,1.656333995924797,138369.03912499838,167.62930227721742
1787658737,6505,,Aggregated,106.000000,26.500000,59000,61000,81000,109000,129000,132000,136000,137000,138000,138000,138000,62536,454,8800,14870.82435245613,0.5523750005522743,138369.94416700327,3011.448093897915
1787658738,6540,GET,/feed,81.200000,19.400000,59000,62000,79000,109000,128000,131000,136000,137000,138000,138000,138000,48161,339,8800,14896.06070426195,0.5523750005522743,138369.94416700327,3880.4920163617867
1787658738,6540,POST,/follow,8.000000,2.300000,58000,61000,106000,109000,131000,136000,137000,138000,138000,138000,138000,4831,37,8700,14879.494524440865,1.4030409947736189,138369.49175000336,16.869799213413373
1787658738,6540,POST,/posts,17.800000,4.700000,59000,61000,107000,110000,130000,132000,136000,137000,138000,138000,138000,9628,78,8800,14917.49606903894,1.656333995924797,138369.03912499838,167.63086830078936
1787658738,6540,,Aggregated,107.000000,26.400000,59000,62000,92000,109000,129000,132000,136000,137000,138000,138000,138000,62620,454,8800,14898.078405912449,0.5523750005522743,138369.94416700327,3011.5589907377835
1787658739,6575,GET,/feed,78.500000,16.400000,59000,67000,109000,113000,131000,131000,136000,136000,138000,138000,138000,48297,422,8800,15098.47571803646,0.5523750005522743,138369.94416700327,3873.853448454355
1787658739,6575,POST,/follow,7.600000,1.700000,59000,106000,110000,113000,131000,136000,137000,138000,138000,138000,138000,4847,48,8700,15125.889924306965,1.4030409947736189,138369.49175000336,16.831648442335464
1787658739,6575,POST,/posts,17.200000,4.000000,60000,109000,110000,121000,131000,132000,137000,139000,139000,139000,139000,9658,102,8800,15193.806855344264,1.656333995924797,139460.10916600062,167.2151584178919
1787658739,6575,,Aggregated,103.300000,22.100000,59000,76000,109000,113000,131000,131000,136000,137000,139000,139000,139000,62802,572,8800,15115.252011496994,0.5523750005522743,139460.10916600062,3006.1470494570235
1787658740,6610,GET,/feed,79.000000,16.400000,59000,63000,108000,110000,131000,131000,136000,137000,138000,138000,138000,48341,423,8800,15115.03816754253,0.5523750005522743,138369.94416700327,3873.8036863118264
1787658740,6610,POST,/follow,7.700000,1.700000,59000,63000,110000,110000,131000,136000,137000,138000,138000,138000,138000,4849,48,8700,15144.86675737077,1.4030409947736189,138369.49175000336,16.83171787997525
1787658740,6610,POST,/posts,17.200000,4.000000,59000,67000,110000,121000,131000,136000,138000,139000,139000,139000,139000,9665,102,8800,15225.100421292385,1.656333995924797,139460.10916600062,167.21645111226073
1787658740,6610,,Aggregated,103.900000,22.100000,59000,63000,108000,110000,131000,132000,136000,137000,139000,139000,139000,62855,573,8800,15134.263217491874,0.5523750005522743,139460.10916600062,3006.3051149471003
1787658741,6645,GET,/feed,86.200000,24.700000,59000,64000,108000,110000,131000,132000,136000,137000,138000,138000,138000,48389,425,8800,15131.45690467624,0.5523750005522743,138369.94416700327,3873.676083407386
1787658741,6645,POST,/follow,8.200000,2.800000,59000,74000,110000,121000,131000,136000,137000,138000,138000,138000,138000,4852,48,8700,15142.419901576639,1.4030409947736189,138369.49175000336,16.8318219291014
1787658741,6645,POST,/posts,18.800000,6.400000,59000,67000,110000,121000,131000,136000,138000,139000,139000,139000,139000,9676,102,8800,15236.362706119984,1.656333995924797,139460.10916600062,167.21847871021083
1787658741,6645,,Aggregated,113.200000,33.900000,59000,64000,108000,117000,131000,132000,136000,137000,139000,139000,139000,62917,575,8800,15148.435797435386,0.5523750005522743,139460.10916600062,3006.230208051878
1787658742,6680,GET,/feed,85.000000,24.800000,59000,64000,108000,110000,131000,132000,136000,137000,138000,138000,138000,48447,425,8800,15155.691678792515,0.5523750005522743,138369.94416700327,3873.717175470101
1787658742,6680,POST,/follow,8.200000,2.800000,59000,63000,110000,121000,131000,136000,137000,138000,138000,138000,138000,4858,48,8700,15158.325657135621,1.4030409947736189,138369.49175000336,16.832029641827912
1787658742,6680,POST,/posts,17.600000,6.400000,60000,106000,110000,123000,131000,136000,138000,139000,139000,139000,139000,9687,102,8800,15264.172354620625,1.656333995924797,139460.10916600062,167.22050170331372
1787658742,6680,,Aggregated,110.800000,34.000000,59000,64000,109000,121000,131000,132000,136000,137000,139000,139000,139000,62992,575,8800,15172.577127318273,0.5523750005522743,139460.10916600062,3006.2803371856744
1787658743,6715,GET,/feed,77.200000,18.900000,61000,108000,121000,128000,131000,131000,136000,137000,138000,138000,138000,48621,536,8800,15430.890986251534,0.5523750005522743,138369.94416700327,3864.918039530244
1787658743,6715,POST,/follow,7.400000,2.200000,62000,108000,121000,129000,131000,137000,138000,138000,138000,138000,138000,4879,64,8800,15518.655290605217,1.4030409947736189,138369.49175000336,16.777003484320556
1787658743,6715,POST,/posts,15.500000,4.300000,64000,121000,129000,130000,131000,136000,137000,139000,139000,139000,139000,9729,136,8800,15672.959677978211,1.656333995924797,139460.10916600062,166.6375783739336
1787658743,6715,,Aggregated,100.100000,25.400000,62000,108000,121000,128000,131000,132000,137000,138000,139000,139000,139000,63229,736,8800,15474.910160091813,0.5523750005522743,139460.10916600062,2998.928529630391
1787658744,6750,GET,/feed,76.200000,18.900000,60000,65000,107000,110000,130000,131000,131000,131000,146000,146000,146000,48680,536,8800,15457.250133339316,0.5523750005522743,145814.63933400664,3864.970254724733
1787658744,6750,POST,/follow,7.200000,2.200000,61000,106000,108000,110000,129000,131000,138000,138000,138000,138000,138000,4891,64,8800,15560.063546741534,1.4030409947736189,138369.49175000336,16.77755060314864
1787658744,6750,POST,/posts,15.300000,4.300000,62000,108000,128000,129000,131000,131000,131000,139000,139000,139000,139000,9743,136,8800,15720.975035389614,1.656333995924797,139460.10916600062,166.6409730062609
1787658744,6750,,Aggregated,98.700000,25.400000,61000,67000,108000,121000,130000,131000,131000,137000,146000,146000,146000,63314,736,8800,15505.775453578486,0.5523750005522743,145814.63933400664,2998.584736393215
1787658745,6785,GET,/feed,87.200000,30.000000,61000,64000,107000,110000,130000,131000,131000,131000,146000,146000,146000,48735,536,8800,15483.404741914741,0.5523750005522743,145814.63933400664,3865.018816045963
1787658745,6785,POST,/follow,8.700000,3.800000,61000,70000,108000,110000,129000,131000,138000,138000,138000,138000,138000,4900,64,8800,15606.282852089764,1.4030409947736189,138369.49175000336,16.77795918367347
1787658745,6785,POST,/posts,17.900000,7.700000,62000,110000,128000,129000,131000,131000,137000,139000,139000,139000,139000,9750,137,8800,15738.172788065234,1.656333995924797,139460.10916600062,166.62533333333334
1787658745,6785,,Aggregated,113.800000,41.500000,61000,67000,108000,121000,130000,131000,131000,137000,146000,146000,146000,63385,737,8800,15532.092778355878,0.5523750005522743,145814.63933400664,2998.635339591386
1787658746,6820,GET,/feed,86.500000,30.000000,61000,64000,107000,110000,130000,131000,131000,131000,146000,146000,146000,48796,536,8800,15511.254249282865,0.5523750005522743,145814.63933400664,3865.0725469300764
1787658746,6820,POST,/follow,9.500000,3.800000,61000,69000,108000,108000,129000,131000,138000,138000,138000,138000,138000,4907,64,8800,15642.7716251253,1.4030409947736189,138369.49175000336,16.778275932341554
1787658746,6820,POST,/posts,18.000000,7.700000,62000,108000,128000,129000,131000,131000,131000,139000,139000,139000,139000,9770,137,8800,15786.925140494779,1.656333995924797,139460.10916600062,166.63019447287616
1787658746,6820,,Aggregated,114.000000,41.500000,61000,66000,108000,115000,130000,131000,131000,137000,146000,146000,146000,63473,737,8800,15563.853943174689,0.5523750005522743,145814.63933400664,2998.28884722638
1787658747,6855,GET,/feed,76.000000,19.700000,62000,107000,109000,128000,130000,131000,132000,132000,146000,146000,146000,48957,635,8800,15750.963296786094,0.5523750005522743,145814.63933400664,3857.311028045019
1787658747,6855,POST,/follow,8.800000,2.700000,62000,107000,108000,110000,130000,131000,138000,138000,138000,138000,138000,4925,72,8800,15861.682305039769,1.4030409947736189,138369.49175000336,16.751472081218274
1787658747,6855,POST,/posts,15.900000,5.900000,64000,110000,128000,129000,131000,131000,132000,139000,139000,139000,139000,9793,147,8800,15941.827654852144,1.656333995924797,139460.10916600062,166.46318799142244
1787658747,6855,,Aggregated,100.700000,28.300000,62000,107000,110000,128000,130000,131000,132000,137000,139000,146000,146000,63675,854,8800,15788.881251622166,0.5523750005522743,145814.63933400664,2992.6195681193562
1787658748,6890,GET,/feed,75.500000,19.700000,62000,68000,107000,109000,129000,131000,132000,132000,146000,146000,146000,49022,635,8800,15784.787027332226,0.5523750005522743,145814.63933400664,3857.378238341969
1787658748,6890,POST,/follow,8.600000,2.700000,62000,64000,107000,108000,130000,131000,138000,138000,138000,138000,138000,4935,72,8800,15923.93496826867,1.4030409947736189,138369.49175000336,16.751975683890578
1787658748,6890,POST,/posts,16.700000,5.900000,62000,96000,122000,128000,130000,131000,132000,132000,137000,137000,137000,9806,147,8800,15966.700787346219,1.656333995924797,139460.10916600062,166.46655109116867
1787658748,6890,,Aggregated,100.800000,28.300000,62000,68000,107000,111000,129000,131000,132000,136000,146000,146000,146000,63763,854,8800,15823.532717140035,0.5523750005522743,145814.63933400664,2992.510358671957
1787658749,6925,GET,/feed,85.600000,29.600000,62000,68000,107000,109000,129000,130000,132000,132000,146000,146000,146000,49087,635,8900,15830.982888645985,0.5523750005522743,146407.85495800083,3857.4452706419215
1787658749,6925,POST,/follow,10.000000,3.500000,62000,64000,107000,108000,130000,131000,138000,138000,138000,138000,138000,4946,72,8800,16028.731816566897,1.4030409947736189,138369.49175000336,16.752527294783665
1787658749,6925,POST,/posts,17.500000,6.900000,62000,69000,114000,128000,130000,131000,131000,132000,132000,132000,132000,9819,147,8800,16008.530994221306,1.656333995924797,139460.10916600062,166.46990528567065
1787658749,6925,,Aggregated,113.100000,40.000000,62000,68000,107000,111000,129000,131000,132000,132000,146000,146000,146000,63852,854,8800,15873.60349639731,0.5523750005522743,146407.85495800083,2992.3548518448915
1787658750,6960,GET,/feed,85.700000,29.600000,62000,68000,107000,109000,129000,130000,132000,132000,146000,146000,146000,49151,636,8900,15871.141204001642,0.5523750005522743,146407.85495800083,3857.4315883705317
1787658750,6960,POST,/follow,10.200000,3.500000,62000,64000,107000,108000,130000,131000,138000,138000,138000,138000,138000,4952,72,8800,16023.008757814396,1.4030409947736189,138369.49175000336,16.75282714054927
1787658750,6960,POST,/posts,17.700000,6.900000,62000,69000,114000,128000,130000,131000,131000,132000,132000,132000,132000,9830,147,8800,16035.121023322274,1.656333995924797,139460.10916600062,166.47273652085454
1787658750,6960,,Aggregated,113.600000,40.000000,62000,68000,107000,111000,129000,131000,132000,132000,146000,146000,146000,63933,855,8800,15908.116940325594,0.5523750005522743,146407.85495800083,2992.4453255752114
1787658751,6995,GET,/feed,78.600000,21.300000,62000,106000,109000,126000,130000,131000,132000,132000,146000,146000,146000,49261,690,8900,16015.883717941313,0.5523750005522743,146407.85495800083,3853.260550942937
1787658751,6995,POST,/follow,9.800000,2.400000,62000,78000,108000,124000,130000,132000,132000,138000,138000,138000,138000,4962,79,8800,16186.313996949391,1.4030409947736189,138369.49175000336,16.729343006852076
1787658751,6995,POST,/posts,15.900000,4.500000,63000,107000,126000,128000,131000,131000,132000,132000,132000,132000,132000,9853,160,8800,16192.945522874657,1.656333995924797,139460.10916600062,166.25565817517509
1787658751,6995,,Aggregated,104.300000,28.200000,62000,106000,111000,127000,130000,131000,132000,132000,146000,146000,146000,64076,929,8800,16056.308604145866,0.5523750005522743,146407.85495800083,2989.209626069043
1787658752,7000,GET,/feed,79.800000,21.300000,62000,64000,95000,108000,129000,132000,132000,132000,146000,146000,146000,49322,690,8900,16049.007553391604,0.5523750005522743,146407.85495800083,3853.3282510847084
1787658752,7000,POST,/follow,10.200000,2.400000,62000,63000,69000,94000,129000,130000,132000,132000,132000,132000,132000,4970,79,8800,16231.866834898567,1.4030409947736189,138369.49175000336,16.729778672032193
1787658752,7000,POST,/posts,16.300000,4.500000,62000,63000,68000,107000,128000,131000,132000,132000,132000,132000,132000,9868,160,8800,16233.984675910417,1.656333995924797,139460.10916600062,166.25982975273612
1787658752,7000,,Aggregated,106.300000,28.200000,62000,63000,93000,108000,129000,132000,132000,132000,146000,146000,146000,64160,929,8900,16091.622342576486,0.5523750005522743,146407.85495800083,2989.053226309227
1787658753,7000,GET,/feed,86.700000,26.500000,62000,65000,94000,108000,129000,132000,132000,132000,146000,146000,146000,49390,690,8900,16086.37518307868,0.5523750005522743,146407.85495800083,3853.4035229803603
1787658753,7000,POST,/follow,11.000000,3.100000,62000,63000,75000,106000,129000,130000,132000,132000,132000,132000,132000,4973,79,8800,16241.67513572167,1.4030409947736189,138369.49175000336,16.729941685099536
1787658753,7000,POST,/posts,17.300000,5.800000,62000,63000,72000,107000,128000,131000,132000,132000,132000,132000,132000,9881,160,8800,16278.871259459364,1.656333995924797,139460.10916600062,166.26343487501265
1787658753,7000,,Aggregated,115.000000,35.400000,62000,64000,94000,108000,129000,131000,132000,132000,146000,146000,146000,64244,929,8900,16128.003356841331,0.5523750005522743,146407.85495800083,2989.3164653508497
1787658754,7000,GET,/feed,87.000000,26.500000,62000,65000,94000,108000,129000,131000,132000,132000,146000,146000,146000,49452,690,8900,16118.8352785412,0.5523750005522743,146407.85495800083,3853.4719728221307
1787658754,7000,POST,/follow,11.300000,3.100000,62000,63000,78000,107000,129000,132000,132000,132000,132000,132000,132000,4977,79,8800,16258.186679958384,1.4030409947736189,138369.49175000336,16.73015873015873
1787658754,7000,POST,/posts,17.700000,5.800000,62000,63000,72000,107000,126000,131000,132000,132000,132000,132000,132000,9893,160,8800,16319.60706395612,1.656333995924797,139460.10916600062,166.26675427069645
1787658754,7000,,Aggregated,116.000000,35.400000,62000,64000,94000,108000,129000,131000,132000,132000,146000,146000,146000,64322,929,8900,16160.497341256289,0.5523750005522743,146407.85495800083,2989.490982867448
1787658755,7000,GET,/feed,76.400000,15.400000,63000,81000,109000,124000,130000,132000,132000,140000,146000,146000,146000,49612,781,8900,16352.516501526961,0.5523750005522743,146407.85495800083,3846.4796420220914
1787658755,7000,POST,/follow,9.400000,1.500000,63000,106000,124000,129000,132000,132000,140000,140000,140000,140000,140000,4996,93,8800,16602.168375823032,1.4030409947736189,139760.83274999837,16.683546837469976
1787658755,7000,POST,/posts,15.000000,2.400000,63000,69000,108000,117000,129000,132000,132000,132000,132000,132000,132000,9926,177,8800,16560.113673455464,1.656333995924797,139460.10916600062,165.98639935522868
1787658755,7000,,Aggregated,100.800000,19.300000,63000,78000,109000,124000,130000,132000,132000,140000,140000,146000,146000,64534,1051,8900,16403.774292653223,0.5523750005522743,146407.85495800083,2983.891901943162
1787658756,7000,GET,/feed,76.800000,15.400000,62000,65000,79000,113000,129000,132000,132000,140000,146000,146000,146000,49676,781,8900,16380.468637310758,0.5523750005522743,146407.85495800083,3846.5589016829053
1787658756,7000,POST,/follow,8.500000,1.500000,63000,77000,115000,124000,132000,132000,140000,140000,140000,140000,140000,5002,93,8800,16647.575976198896,1.4030409947736189,139760.83274999837,16.68392642942823
1787658756,7000,POST,/posts,14.900000,2.400000,63000,68000,106000,115000,129000,132000,132000,132000,132000,132000,132000,9936,177,8800,16599.184227305755,1.656333995924797,139460.10916600062,165.98943236714976
1787658756,7000,,Aggregated,100.200000,19.300000,62000,65000,95000,115000,129000,132000,132000,140000,146000,146000,146000,64614,1051,8900,16434.779297714158,0.5523750005522743,146407.85495800083,2984.0960782492957
1787658757,7000,GET,/feed,87.000000,24.500000,62000,65000,79000,108000,129000,132000,132000,140000,146000,146000,146000,49740,781,8900,16422.823066465742,0.5523750005522743,146407.85495800083,3846.6379573783674
1787658757,7000,POST,/follow,9.400000,2.900000,62000,75000,115000,124000,132000,132000,140000,140000,140000,140000,140000,5009,93,8800,16679.86666921,1.4030409947736189,139760.83274999837,16.684368137352767
1787658757,7000,POST,/posts,17.400000,4.000000,63000,66000,106000,113000,129000,132000,132000,132000,132000,132000,132000,9945,177,8800,16630.095407303772,1.656333995924797,139460.10916600062,165.9921568627451
1787658757,7000,,Aggregated,113.800000,31.400000,62000,65000,94000,113000,129000,132000,132000,140000,146000,146000,146000,64694,1051,8900,16474.587601596926,0.5523750005522743,146407.85495800083,2984.2974000680124
1787658758,7000,GET,/feed,87.500000,24.500000,62000,64000,77000,106000,129000,132000,132000,140000,140000,140000,140000,49802,781,8900,16443.687984649394,0.5523750005522743,146407.85495800083,3846.7143488213324
1787658758,7000,POST,/follow,9.500000,2.900000,62000,69000,108000,124000,132000,132000,140000,140000,140000,140000,140000,5022,93,8800,16739.155864593366,1.4030409947736189,139760.83274999837,16.685185185185187
1787658758,7000,POST,/posts,16.700000,4.000000,63000,66000,106000,113000,129000,132000,132000,132000,132000,132000,132000,9959,177,8800,16644.352108667335,1.656333995924797,139460.10916600062,165.99638517923486
1787658758,7000,,Aggregated,113.700000,31.400000,62000,65000,78000,108000,129000,132000,132000,140000,140000,140000,140000,64783,1051,8900,16497.4405694968,0.5523750005522743,146407.85495800083,2983.977571276415
1787658759,7000,GET,/feed,77.900000,14.600000,62000,69000,111000,115000,130000,132000,132000,140000,140000,140000,140000,49956,868,8900,16654.740611950278,0.5523750005522743,146407.85495800083,3840.0973656818
1787658759,7000,POST,/follow,8.400000,2.100000,63000,75000,115000,124000,132000,132000,140000,140000,140000,140000,140000,5035,98,8800,16862.890197497887,1.4030409947736189,139760.83274999837,16.66911618669315
1787658759,7000,POST,/posts,15.400000,3.000000,63000,106000,114000,124000,130000,132000,132000,132000,132000,132000,132000,9987,195,8900,16867.39777183769,1.656333995924797,139460.10916600062,165.70021027335537
1787658759,7000,,Aggregated,101.700000,19.700000,62000,70000,113000,121000,130000,132000,132000,140000,140000,140000,140000,64978,1161,8900,16703.554675464467,0.5523750005522743,146407.85495800083,2979.080319492751
1787658760,7000,GET,/feed,77.600000,14.600000,62000,65000,97000,111000,129000,132000,132000,140000,140000,140000,140000,50018,868,8900,16670.534761458475,0.5523750005522743,146407.85495800083,3840.181534647527
1787658760,7000,POST,/follow,8.700000,2.100000,61000,63000,69000,113000,129000,132000,140000,140000,140000,140000,140000,5051,98,8900,16882.770463040953,1.4030409947736189,139760.83274999837,16.67016432389626
1787658760,7000,POST,/posts,15.200000,3.000000,63000,69000,108000,114000,129000,132000,132000,132000,132000,132000,132000,10001,195,8900,16895.63854941275,1.656333995924797,139460.10916600062,165.7048295170483
1787658760,7000,,Aggregated,101.500000,19.700000,62000,65000,106000,111000,129000,132000,132000,140000,140000,140000,140000,65070,1161,8900,16721.606922393174,0.5523750005522743,146407.85495800083,2978.6324727216843
1787658761,7000,GET,/feed,77.900000,14.600000,62000,65000,106000,111000,129000,132000,132000,140000,140000,140000,140000,50072,868,8900,16699.61259769534,0.5523750005522743,146407.85495800083,3840.2546732704905
1787658761,7000,POST,/follow,8.200000,2.100000,61000,63000,75000,113000,129000,132000,140000,140000,140000,140000,140000,5056,98,8900,16876.287577611325,1.4030409947736189,139760.83274999837,16.670490506329113
1787658761,7000,POST,/posts,14.900000,3.000000,63000,69000,108000,114000,130000,132000,132000,132000,132000,132000,132000,10007,195,8900,16901.94213963245,1.656333995924797,139460.10916600062,165.70680523633456
1787658761,7000,,Aggregated,101.000000,19.700000,62000,65000,106000,111000,129000,132000,132000,140000,140000,140000,140000,65135,1161,8900,16744.4115602288,0.5523750005522743,146407.85495800083,2978.916803561833
1787658762,7000,GET,/feed,86.500000,23.200000,62000,65000,106000,111000,129000,132000,132000,140000,140000,140000,140000,50104,871,8900,16710.443039864724,0.5523750005522743,146407.85495800083,3840.0639469902603
1787658762,7000,POST,/follow,9.800000,2.600000,61000,63000,77000,114000,129000,132000,140000,140000,140000,140000,140000,5057,98,8900,16885.24760509924,1.4030409947736189,139760.83274999837,16.670555665414277
1787658762,7000,POST,/posts,17.200000,4.800000,62000,69000,108000,114000,130000,132000,132000,132000,132000,132000,132000,10016,196,8900,16910.808279183602,1.656333995924797,139460.10916600062,165.69289137380193
1787658762,7000,,Aggregated,113.500000,30.600000,62000,65000,106000,113000,129000,132000,132000,140000,140000,140000,140000,65177,1165,8900,16754.796798451436,0.5523750005522743,146407.85495800083,2978.7570308544423
1787658763,7000,GET,/feed,80.700000,17.800000,62000,70000,111000,121000,129000,132000,132000,140000,140000,140000,140000,50211,922,8900,16846.32277963926,0.5523750005522743,146407.85495800083,3836.2393101113303
1787658763,7000,POST,/follow,9.400000,1.900000,61000,65000,114000,122000,130000,132000,140000,140000,140000,140000,140000,5071,105,8900,17063.61526004651,1.4030409947736189,139760.83274999837,16.647998422401894
1787658763,7000,POST,/posts,15.700000,3.500000,63000,106000,115000,124000,130000,132000,132000,132000,132000,132000,132000,10037,207,8900,17045.753495650588,1.656333995924797,139460.10916600062,165.51459599481916
1787658763,7000,,Aggregated,105.800000,23.200000,62000,71000,113000,121000,129000,132000,132000,140000,140000,140000,140000,65319,1234,8900,16893.836921998285,0.5523750005522743,146407.85495800083,2975.659517138964
1787658764,7000,GET,/feed,78.100000,18.100000,62000,64000,77000,111000,123000,130000,131000,132000,138000,138000,138000,50278,922,8900,16881.15640091678,0.5523750005522743,146407.85495800083,3836.3349377461313
1787658764,7000,POST,/follow,8.600000,1.900000,11000,62000,63000,65000,123000,130000,132000,138000,138000,138000,138000,5081,105,8900,17092.940823285542,1.4030409947736189,139760.83274999837,16.64869120251919
1787658764,7000,POST,/posts,15.100000,3.600000,62000,64000,113000,121000,129000,131000,132000,132000,132000,132000,132000,10058,207,8900,17101.97719782461,1.656333995924797,139460.10916600062,165.52187313581229
1787658764,7000,,Aggregated,101.800000,23.600000,62000,64000,70000,111000,123000,130000,132000,132000,138000,138000,138000,65417,1234,8900,16931.55755390993,0.5523750005522743,146407.85495800083,2975.26115535717
1787658765,7000,GET,/feed,76.800000,18.100000,62000,64000,78000,111000,123000,130000,131000,132000,138000,138000,138000,50346,922,8900,16915.912487370657,0.5523750005522743,146407.85495800083,3836.431732411711
1787658765,7000,POST,/follow,8.800000,1.900000,11000,61000,62000,65000,123000,130000,132000,138000,138000,138000,138000,5084,105,8900,17089.28827459301,1.4030409947736189,139760.83274999837,16.648898505114083
1787658765,7000,POST,/posts,14.500000,3.600000,61000,64000,80000,114000,129000,130000,132000,132000,132000,132000,132000,10072,207,8900,17137.52219759084,1.656333995924797,139460.10916600062,165.5267077045274
1787658765,7000,,Aggregated,100.100000,23.600000,62000,64000,76000,111000,123000,130000,132000,132000,138000,138000,138000,65502,1234,8900,16963.445318483813,0.5523750005522743,146407.85495800083,2975.4941833837133
1787658766,7000,GET,/feed,82.200000,23.200000,62000,64000,79000,111000,123000,130000,131000,132000,138000,138000,138000,50405,922,8900,16947.91302579513,0.5523750005522743,146407.85495800083,3836.515504414245
1787658766,7000,POST,/follow,10.500000,2.600000,11000,62000,63000,66000,123000,130000,132000,138000,138000,138000,138000,5092,105,8900,17135.797231824406,1.4030409947736189,139760.83274999837,16.649450117831893
1787658766,7000,POST,/posts,16.400000,4.700000,62000,63000,80000,114000,129000,130000,132000,132000,132000,132000,132000,10084,207,8900,17166.07855098512,1.656333995924797,139460.10916600062,165.53084093613646
1787658766,7000,,Aggregated,109.100000,30.500000,62000,64000,78000,111000,125000,130000,132000,132000,138000,138000,138000,65581,1234,8900,16996.047203881986,0.5523750005522743,146407.85495800083,2975.458684680014
1787658767,7000,GET,/feed,72.900000,14.100000,63000,70000,111000,113000,123000,130000,132000,132000,138000,138000,138000,50541,993,8900,17116.330781330897,0.5523750005522743,146407.85495800083,3831.217902297145
1787658767,7000,POST,/follow,8.800000,1.200000,11000,63000,110000,113000,127000,130000,132000,138000,138000,138000,138000,5102,112,8900,17275.922465199506,1.4030409947736189,139760.83274999837,16.626813014504116
1787658767,7000,POST,/posts,14.700000,3.000000,62000,68000,113000,114000,129000,131000,132000,132000,132000,132000,132000,10112,220,8900,17316.122258135183,1.656333995924797,139460.10916600062,165.32318037974684
1787658767,7000,,Aggregated,96.400000,18.300000,63000,70000,111000,114000,127000,130000,132000,132000,138000,138000,138000,65755,1325,8900,17159.438198022224,0.5523750005522743,146407.85495800083,2971.487521861455
1787658768,7000,GET,/feed,73.100000,14.100000,63000,78000,111000,114000,127000,130000,132000,132000,139000,139000,139000,50626,1010,8900,17186.274092248234,0.5523750005522743,146407.85495800083,3830.0345277130327
1787658768,7000,POST,/follow,9.000000,1.200000,11000,63000,111000,114000,127000,130000,132000,138000,138000,138000,138000,5111,114,8900,17333.837930091733,1.4030409947736189,139760.83274999837,16.62081784386617
1787658768,7000,POST,/posts,14.800000,3.000000,62000,64000,111000,114000,129000,131000,132000,132000,139000,139000,139000,10134,224,8900,17394.383154555453,1.656333995924797,139460.10916600062,165.26445628577068
1787658768,7000,,Aggregated,96.900000,18.300000,63000,70000,111000,114000,127000,130000,132000,132000,139000,139000,139000,65871,1348,8900,17229.74050406276,0.5523750005522743,146407.85495800083,2970.3369768183265
1787658769,7000,GET,/feed,72.700000,14.100000,63000,65000,79000,109000,122000,129000,132000,132000,140000,140000,140000,50692,1010,8900,17218.683465479196,0.5523750005522743,146407.85495800083,3830.1360372445356
1787658769,7000,POST,/follow,8.700000,1.200000,62000,64000,110000,111000,127000,130000,132000,138000,138000,138000,138000,5117,114,8900,17357.084152570034,1.4030409947736189,139760.83274999837,16.62126245847176
1787658769,7000,POST,/posts,14.900000,3.000000,62000,63000,70000,109000,123000,129000,132000,132000,139000,139000,139000,10148,224,8900,17401.521242746254,1.656333995924797,139460.10916600062,165.2696097753252
1787658769,7000,,Aggregated,96.300000,18.300000,62000,65000,79000,110000,123000,129000,132000,132000,140000,140000,140000,65957,1348,8900,17257.551729341212,0.5523750005522743,146407.85495800083,2970.4119805327714
1787658770,7000,GET,/feed,81.800000,22.900000,62000,65000,78000,109000,122000,129000,132000,132000,140000,140000,140000,50757,1010,8900,17246.743263662098,0.5523750005522743,146407.85495800083,3830.235750733889
1787658770,7000,POST,/follow,8.900000,2.100000,11000,63000,109000,111000,123000,130000,132000,138000,138000,138000,138000,5121,114,8900,17361.97244722552,1.4030409947736189,139760.83274999837,16.621558289396603
1787658770,7000,POST,/posts,17.300000,4.700000,62000,63000,70000,109000,122000,129000,132000,132000,139000,139000,139000,10157,224,8900,17433.392473102984,1.656333995924797,139460.10916600062,165.27291523087527
1787658770,7000,,Aggregated,108.000000,29.700000,62000,65000,78000,109000,123000,129000,132000,132000,140000,140000,140000,66035,1348,8900,17284.388219659915,0.5523750005522743,146407.85495800083,2970.774165215416
1787658771,7000,GET,/feed,81.600000,22.900000,62000,65000,78000,109000,122000,129000,132000,132000,140000,140000,140000,50821,1010,8900,17270.418176725427,0.5523750005522743,146407.85495800083,3830.333680958659
1787658771,7000,POST,/follow,8.700000,2.100000,62000,64000,95000,111000,123000,130000,132000,138000,138000,138000,138000,5131,114,8900,17443.362143001537,1.4030409947736189,139760.83274999837,16.622295848762423
1787658771,7000,POST,/posts,18.000000,4.700000,62000,64000,70000,109000,122000,129000,132000,132000,139000,139000,139000,10170,224,8900,17466.57139622409,1.656333995924797,139460.10916600062,165.27767944936087
1787658771,7000,,Aggregated,108.300000,29.700000,62000,64000,77000,109000,122000,129000,132000,132000,140000,140000,140000,66122,1348,8900,17314.00811249962,0.5523750005522743,146407.85495800083,2970.6837512476936
1787658772,7000,GET,/feed,73.500000,14.200000,63000,69000,109000,115000,129000,132000,138000,139000,171000,171000,171000,50950,1072,8900,17441.963123623485,0.5523750005522743,171214.34374999808,3825.774759568204
1787658772,7000,POST,/follow,7.200000,1.600000,62000,77000,111000,123000,130000,132000,138000,138000,138000,138000,138000,5140,121,8900,17607.004805794142,1.4030409947736189,139760.83274999837,16.599805447470818
1787658772,7000,POST,/posts,15.500000,2.900000,62000,65000,78000,113000,129000,138000,138000,139000,171000,171000,171000,10201,238,8900,17673.4669146667,1.656333995924797,171212.58404199762,165.0570532300755
1787658772,7000,,Aggregated,96.200000,18.700000,63000,67000,109000,115000,129000,132000,138000,139000,171000,171000,171000,66291,1431,8900,17490.384242912456,0.5523750005522743,171214.34374999808,2967.104041272571
1787658773,7000,GET,/feed,74.200000,14.200000,62000,66000,78000,109000,129000,132000,138000,139000,171000,171000,171000,51015,1072,8900,17468.25332824075,0.5523750005522743,171214.34374999808,3825.8795256297167
1787658773,7000,POST,/follow,7.100000,1.600000,62000,65000,109000,111000,129000,131000,138000,138000,138000,138000,138000,5145,121,8900,17636.08940373156,1.4030409947736189,139760.83274999837,16.600194363459668
1787658773,7000,POST,/posts,16.100000,2.900000,62000,64000,70000,109000,129000,138000,138000,139000,171000,171000,171000,10215,238,8900,17701.418321611654,1.656333995924797,171212.58404199762,165.0624571708272
1787658773,7000,,Aggregated,97.400000,18.700000,62000,65000,78000,109000,129000,132000,138000,139000,171000,171000,171000,66375,1431,8900,17517.146691942125,0.5523750005522743,171214.34374999808,2967.213032015066
1787658774,7000,GET,/feed,83.900000,20.100000,62000,66000,77000,109000,129000,132000,138000,139000,171000,171000,171000,51064,1072,8900,17485.552860167998,0.5523750005522743,171214.34374999808,3825.958326805577
1787658774,7000,POST,/follow,8.200000,2.300000,62000,64000,95000,111000,129000,131000,138000,138000,138000,138000,138000,5152,121,8900,17646.23838213119,1.4030409947736189,139760.83274999837,16.60073757763975
1787658774,7000,POST,/posts,17.700000,4.200000,62000,64000,70000,109000,129000,138000,138000,139000,171000,171000,171000,10223,239,8900,17704.933376978093,1.656333995924797,171212.58404199762,165.04900714076103
1787658774,7000,,Aggregated,109.800000,26.600000,62000,65000,77000,109000,129000,132000,138000,139000,171000,171000,171000,66439,1432,8900,17531.76937204354,0.5523750005522743,171214.34374999808,2967.2565661734825
1787658775,7000,GET,/feed,84.800000,20.100000,62000,66000,76000,109000,129000,132000,138000,139000,171000,171000,171000,51115,1072,8900,17505.286595712136,0.5523750005522743,171214.34374999808,3826.040183899051
1787658775,7000,POST,/follow,8.200000,2.300000,62000,65000,109000,111000,129000,131000,138000,138000,138000,138000,138000,5155,121,8900,17652.05463232898,1.4030409947736189,139760.83274999837,16.600969932104753
1787658775,7000,POST,/posts,18.600000,4.200000,62000,64000,70000,109000,129000,138000,139000,139000,171000,171000,171000,10229,239,8900,17705.807311790693,1.656333995924797,171212.58404199762,165.05132466516767
1787658775,7000,,Aggregated,111.600000,26.600000,62000,66000,77000,109000,129000,132000,138000,139000,171000,171000,171000,66499,1432,8900,17547.50851835041,0.5523750005522743,171214.34374999808,2967.592475074813
1787658776,7000,GET,/feed,78.700000,15.000000,62000,69000,109000,115000,131000,132000,138000,140000,171000,171000,171000,51219,1116,8900,17624.95549525866,0.5523750005522743,171214.34374999808,3822.8494113512565
1787658776,7000,POST,/follow,6.800000,1.600000,62000,78000,115000,129000,131000,132000,138000,138000,138000,138000,138000,5164,127,8900,17791.125778988553,1.4030409947736189,139760.83274999837,16.581913245546087
1787658776,7000,POST,/posts,16.200000,3.200000,62000,67000,109000,122000,132000,138000,138000,139000,171000,171000,171000,10250,252,8900,17856.879989891702,1.656333995924797,171212.58404199762,164.8450731707317
1787658776,7000,,Aggregated,101.700000,19.800000,62000,69000,109000,115000,131000,132000,138000,139000,171000,171000,171000,66633,1495,8900,17673.509956489022,0.5523750005522743,171214.34374999808,2965.1646331397355
1787658777,7000,GET,/feed,77.000000,15.000000,62000,64000,69000,78000,131000,132000,138000,140000,171000,171000,171000,51272,1116,8900,17648.91158740194,0.5523750005522743,171214.34374999808,3822.9374317366205
1787658777,7000,POST,/follow,7.300000,1.600000,62000,63000,70000,129000,131000,132000,138000,138000,138000,138000,138000,5170,127,8900,17823.147730671542,1.4030409947736189,139760.83274999837,16.58239845261122
1787658777,7000,POST,/posts,15.600000,3.200000,62000,65000,70000,122000,132000,138000,138000,139000,171000,171000,171000,10260,252,8900,17878.400155808766,1.656333995924797,171212.58404199762,164.84912280701755
1787658777,7000,,Aggregated,99.900000,19.800000,62000,64000,69000,78000,131000,132000,138000,140000,171000,171000,171000,66702,1495,8900,17697.716024638463,0.5523750005522743,171214.34374999808,2965.2293934214867
1787658778,7000,GET,/feed,80.400000,19.400000,62000,65000,69000,78000,131000,132000,138000,140000,171000,171000,171000,51330,1116,8900,17670.842274602728,0.5523750005522743,171214.34374999808,3823.0335476329633
1787658778,7000,POST,/follow,7.200000,2.200000,62000,63000,77000,129000,131000,132000,138000,138000,138000,138000,138000,5178,127,8900,17865.7112568615,1.4030409947736189,139760.83274999837,16.583043646195442
1787658778,7000,POST,/posts,16.600000,4.500000,62000,66000,70000,122000,132000,138000,138000,139000,171000,171000,171000,10271,252,8900,17902.70369388073,1.656333995924797,171212.58404199762,164.85356829909455
1787658778,7000,,Aggregated,104.200000,26.100000,62000,65000,70000,79000,131000,132000,138000,140000,171000,171000,171000,66779,1495,8900,17721.613927780112,0.5523750005522743,171214.34374999808,2965.2344299854744
1787658779,7000,GET,/feed,80.200000,19.400000,62000,65000,69000,78000,131000,132000,138000,140000,171000,171000,171000,51384,1116,8900,17697.279188358454,0.5523750005522743,171214.34374999808,3823.1228397944888
1787658779,7000,POST,/follow,7.500000,2.200000,62000,63000,77000,129000,131000,132000,138000,138000,138000,138000,138000,5185,127,8900,17898.20834310258,1.4030409947736189,139760.83274999837,16.58360655737705
1787658779,7000,POST,/posts,16.600000,4.500000,62000,65000,70000,82000,132000,138000,138000,139000,171000,171000,171000,10290,252,8900,17926.862806743724,1.656333995924797,171212.58404199762,164.86122448979592
1787658779,7000,,Aggregated,104.300000,26.100000,62000,65000,70000,78000,131000,132000,138000,139000,171000,171000,171000,66859,1495,8900,17748.195790469246,0.5523750005522743,171214.34374999808,2964.892564950119
1787658780,7000,GET,/feed,70.300000,10.600000,62000,66000,78000,129000,132000,132000,138000,147000,171000,171000,171000,51474,1156,9000,17799.233395996547,0.5523750005522743,171214.34374999808,3820.234370750282
1787658780,7000,POST,/follow,6.900000,1.300000,63000,73000,129000,130000,132000,132000,138000,138000,138000,138000,138000,5197,134,8900,18084.39958717911,1.4030409947736189,139760.83274999837,16.56167019434289
1787658780,7000,POST,/posts,13.900000,2.800000,62000,66000,82000,129000,132000,138000,138000,139000,171000,171000,171000,10306,259,8900,18024.36180674063,1.656333995924797,171212.58404199762,164.75286241024645
1787658780,7000,,Aggregated,91.100000,14.700000,62000,66000,79000,129000,132000,132000,138000,140000,171000,171000,171000,66977,1549,8900,17856.001870199605,0.5523750005522743,171214.34374999808,2962.610418501874
1787658781,7000,GET,/feed,69.200000,10.600000,62000,64000,69000,71000,131000,132000,132000,132000,147000,147000,147000,51529,1156,9000,17823.527237231872,0.5523750005522743,171214.34374999808,3820.3280482834907
1787658781,7000,POST,/follow,6.700000,1.300000,62000,63000,70000,129000,132000,132000,132000,132000,132000,132000,132000,5203,134,8900,18107.01313998056,1.4030409947736189,139760.83274999837,16.562175667883913
1787658781,7000,POST,/posts,13.400000,2.800000,62000,65000,70000,77000,131000,132000,132000,132000,138000,138000,138000,10318,259,8900,18068.148852767103,1.656333995924797,171212.58404199762,164.75780189959295
1787658781,7000,,Aggregated,89.300000,14.700000,62000,64000,69000,72000,131000,132000,132000,132000,147000,147000,147000,67050,1549,8900,17883.169041573226,0.5523750005522743,171214.34374999808,2962.622341536167
1787658782,7000,GET,/feed,72.000000,14.600000,62000,64000,67000,70000,131000,132000,132000,132000,147000,147000,147000,51594,1156,9000,17842.140244145532,0.5523750005522743,171214.34374999808,3820.438500600845
1787658782,7000,POST,/follow,7.300000,2.000000,62000,63000,70000,93000,132000,132000,132000,132000,132000,132000,132000,5212,134,8900,18148.57073896486,1.4030409947736189,139760.83274999837,16.562931696085954
1787658782,7000,POST,/posts,15.000000,3.500000,62000,64000,70000,77000,131000,132000,132000,132000,138000,138000,138000,10331,259,8900,18096.333946505656,1.656333995924797,171212.58404199762,164.7631400638854
1787658782,7000,,Aggregated,94.300000,20.100000,62000,64000,67000,71000,131000,132000,132000,132000,147000,147000,147000,67137,1549,8900,17905.044319068074,0.5523750005522743,171214.34374999808,2962.6018142008134
1787658783,7000,GET,/feed,70.600000,14.600000,62000,63000,66000,70000,131000,132000,132000,132000,154000,154000,154000,51661,1156,9000,17866.560816979643,0.5523750005522743,171214.34374999808,3820.5520605485763
1787658783,7000,POST,/follow,7.400000,2.000000,63000,63000,67000,83000,132000,132000,132000,132000,132000,132000,132000,5217,134,8900,18162.514201525562,1.4030409947736189,139760.83274999837,16.56335058462718
1787658783,7000,POST,/posts,15.000000,3.500000,63000,64000,70000,77000,131000,132000,132000,132000,138000,138000,138000,10343,259,8900,18124.76274118331,1.656333995924797,171212.58404199762,164.76805568983855
1787658783,7000,,Aggregated,93.000000,20.100000,62000,64000,67000,70000,131000,132000,132000,132000,154000,154000,154000,67221,1549,9000,17929.258059049953,0.5523750005522743,171214.34374999808,2962.8263042799126
1787658784,7000,GET,/feed,64.000000,8.400000,63000,65000,71000,129000,132000,132000,132000,132000,154000,154000,154000,51784,1211,9000,18015.167937346057,0.5523750005522743,171214.34374999808,3816.6090684381275
1787658784,7000,POST,/follow,7.200000,1.300000,63000,64000,83000,129000,132000,132000,132000,132000,132000,132000,132000,5227,138,8900,18272.630102669,1.4030409947736189,139760.83274999837,16.551176583126075
1787658784,7000,POST,/posts,13.600000,2.100000,63000,66000,77000,122000,132000,132000,132000,132000,138000,138000,138000,10371,270,8900,18274.537910143863,1.656333995924797,171212.58404199762,164.60023141452126
1787658784,7000,,Aggregated,84.800000,11.800000,63000,65000,71000,129000,132000,132000,132000,132000,154000,154000,154000,67382,1619,9000,18075.06050102808,0.5523750005522743,171214.34374999808,2959.7350330948916
1787658785,7000,GET,/feed,64.400000,8.400000,63000,64000,66000,71000,130000,132000,132000,132000,154000,154000,154000,51842,1211,9000,18032.17398659358,0.5523750005522743,171214.34374999808,3816.7113151498784
1787658785,7000,POST,/follow,7.100000,1.300000,63000,63000,67000,73000,132000,132000,132000,132000,132000,132000,132000,5233,138,8900,18286.003890484022,1.4030409947736189,139760.83274999837,16.55169119052169
1787658785,7000,POST,/posts,13.100000,2.100000,63000,64000,70000,71000,130000,132000,132000,132000,132000,132000,132000,10385,270,8900,18307.839812351365,1.656333995924797,171212.58404199762,164.60616273471354
1787658785,7000,,Aggregated,84.600000,11.800000,63000,64000,67000,71000,130000,132000,132000,132000,154000,154000,154000,67460,1619,9000,18094.30089865325,0.5523750005522743,171214.34374999808,2959.709427809072
1787658786,7000,GET,/feed,71.000000,13.900000,63000,64000,67000,71000,130000,132000,132000,132000,154000,154000,154000,51907,1211,9000,18067.429769107614,0.5523750005522743,171214.34374999808,3816.8256304544666
1787658786,7000,POST,/follow,7.700000,1.700000,63000,64000,67000,73000,130000,132000,132000,132000,132000,132000,132000,5242,138,8900,18356.62624566537,1.4030409947736189,139760.83274999837,16.55246089278901
1787658786,7000,POST,/posts,15.000000,3.100000,63000,64000,70000,71000,130000,132000,132000,132000,132000,132000,132000,10394,270,8900,18322.787412752066,1.656333995924797,171212.58404199762,164.60996728882049
1787658786,7000,,Aggregated,93.700000,18.700000,63000,64000,67000,71000,130000,132000,132000,132000,154000,154000,154000,67543,1619,9000,18129.17051615982,0.5523750005522743,171214.34374999808,2959.85804598552
1787658787,7000,GET,/feed,72.400000,13.900000,63000,64000,66000,70000,130000,132000,132000,132000,154000,154000,154000,51968,1211,9000,18094.603331394374,0.5523750005522743,171214.34374999808,3816.932650862069
1787658787,7000,POST,/follow,7.600000,1.700000,63000,64000,71000,79000,132000,132000,132000,132000,132000,132000,132000,5246,138,8900,18386.930769647326,1.4030409947736189,139760.83274999837,16.55280213495997
1787658787,7000,POST,/posts,15.500000,3.100000,63000,64000,70000,70000,130000,132000,132000,132000,132000,132000,132000,10406,270,8900,18329.986941650102,1.656333995924797,171212.58404199762,164.61502979050547
1787658787,7000,,Aggregated,95.500000,18.700000,63000,64000,67000,70000,130000,132000,132000,132000,154000,154000,154000,67620,1619,9000,18153.505306984247,0.5523750005522743,171214.34374999808,2960.044010647737
1787658788,7000,GET,/feed,68.600000,9.500000,63000,66000,71000,129000,132000,132000,132000,132000,154000,154000,154000,52093,1272,9000,18247.590868462594,0.5523750005522743,171214.34374999808,3812.574971685255
1787658788,7000,POST,/follow,7.400000,1.100000,63000,64000,71000,129000,130000,132000,132000,132000,132000,132000,132000,5260,142,9000,18488.483929908907,1.4030409947736189,139760.83274999837,16.54106463878327
1787658788,7000,POST,/posts,14.100000,1.800000,63000,64000,70000,77000,130000,132000,132000,132000,132000,132000,132000,10427,277,8900,18436.1676921193,1.656333995924797,171212.58404199762,164.51040567756786
1787658788,7000,,Aggregated,90.100000,12.400000,63000,65000,71000,129000,130000,132000,132000,132000,154000,154000,154000,67780,1691,9000,18295.29502962321,0.5523750005522743,171214.34374999808,2956.784066096194
1787658789,7000,GET,/feed,68.600000,9.500000,63000,64000,69000,78000,130000,132000,132000,132000,154000,154000,154000,52133,1272,9000,18266.523791807893,0.5523750005522743,171214.34374999808,3812.6481882876487
1787658789,7000,POST,/follow,7.400000,1.100000,63000,64000,66000,71000,130000,130000,132000,132000,132000,132000,132000,5261,142,9000,18487.03921614006,1.4030409947736189,139760.83274999837,16.54115187226763
1787658789,7000,POST,/posts,14.100000,1.800000,63000,63000,66000,71000,130000,132000,132000,132000,132000,132000,132000,10434,277,8900,18451.141991935398,1.656333995924797,171212.58404199762,164.51341767299215
1787658789,7000,,Aggregated,90.100000,12.400000,63000,64000,68000,71000,130000,132000,132000,132000,154000,154000,154000,67828,1691,9000,18312.027683232263,0.5523750005522743,171214.34374999808,2957.0139765288673
1787658790,7000,GET,/feed,75.700000,15.600000,63000,64000,68000,71000,130000,132000,132000,132000,154000,154000,154000,52229,1272,9000,18299.246526085997,0.5523750005522743,171214.34374999808,3812.8234505734363
1787658790,7000,POST,/follow,8.000000,1.500000,63000,64000,66000,71000,130000,130000,132000,132000,132000,132000,132000,5267,142,9000,18518.72804242374,1.4030409947736189,139760.83274999837,16.541674577558382
1787658790,7000,POST,/posts,15.300000,2.500000,63000,63000,65000,70000,130000,132000,132000,132000,132000,132000,132000,10448,277,8900,18471.90622055034,1.656333995924797,171212.58404199762,164.51942955589587
1787658790,7000,,Aggregated,99.000000,19.600000,63000,64000,67000,71000,130000,132000,132000,132000,154000,154000,154000,67944,1691,9000,18342.81119160916,0.5523750005522743,171214.34374999808,2957.523548804898
1787658791,7000,GET,/feed,76.800000,15.600000,63000,64000,68000,73000,130000,132000,132000,132000,154000,154000,154000,52295,1272,9000,18322.44612524035,0.5523750005522743,171214.34374999808,3812.9435701309876
1787658791,7000,POST,/follow,8.000000,1.500000,63000,64000,66000,71000,130000,130000,132000,132000,132000,132000,132000,5273,142,9000,18546.228918853376,1.4030409947736189,139760.83274999837,16.54219609330552
1787658791,7000,POST,/posts,15.400000,2.500000,63000,63000,66000,70000,130000,132000,132000,132000,132000,132000,132000,10463,277,8900,18501.16431875178,1.656333995924797,171212.58404199762,164.52585300583007
1787658791,7000,,Aggregated,100.200000,19.600000,63000,64000,67000,71000,130000,132000,132000,132000,154000,154000,154000,68031,1691,9000,18367.27767452555,0.5523750005522743,171214.34374999808,2957.5714747688553
1787658792,7000,GET,/feed,73.400000,11.600000,63000,66000,79000,129000,132000,132000,132000,170000,170000,170000,170000,52407,1321,9000,18461.446538250908,0.5523750005522743,171214.34374999808,3809.4927776823706
1787658792,7000,POST,/follow,7.100000,0.800000,63000,66000,71000,129000,132000,132000,170000,170000,170000,170000,170000,5293,149,9000,18791.522891017354,1.4030409947736189,169575.86745799927,16.52144341583223
1787658792,7000,POST,/posts,14.000000,1.800000,63000,64000,69000,127000,132000,132000,170000,170000,170000,170000,170000,10490,288,9000,18663.97715943507,1.656333995924797,171212.58404199762,164.36015252621544
1787658792,7000,,Aggregated,94.500000,14.200000,63000,66000,73000,129000,132000,132000,132000,170000,170000,170000,170000,68190,1758,9000,18518.223783468748,0.5523750005522743,171214.34374999808,2954.32869922276
1787658793,7000,GET,/feed,75.600000,11.600000,63000,65000,69000,78000,130000,132000,132000,170000,170000,170000,170000,52463,1321,9000,18480.595149120825,0.5523750005522743,171214.34374999808,3809.5979261574826
1787658793,7000,POST,/follow,6.800000,0.800000,63000,64000,70000,72000,130000,132000,170000,170000,170000,170000,170000,5298,149,9000,18793.337303964487,1.4030409947736189,169575.86745799927,16.521895054737637
1787658793,7000,POST,/posts,14.000000,1.800000,63000,63000,66000,67000,130000,132000,170000,170000,170000,170000,170000,10507,288,9000,18684.01794278946,1.656333995924797,171212.58404199762,164.36765965546778
1787658793,7000,,Aggregated,96.400000,14.200000,63000,64000,68000,71000,130000,132000,136000,170000,170000,170000,170000,68268,1758,9000,18536.17420855463,0.5523750005522743,171214.34374999808,2954.2022616745767
1787658794,7000,GET,/feed,79.900000,16.500000,63000,65000,70000,79000,130000,132000,136000,170000,170000,170000,170000,52499,1321,9000,18497.078185370086,0.5523750005522743,171214.34374999808,3809.6654031505363
1787658794,7000,POST,/follow,7.400000,1.500000,63000,64000,66000,72000,130000,132000,170000,170000,170000,170000,170000,5302,149,9000,18796.951784269306,1.4030409947736189,169575.86745799927,16.522255752546208
1787658794,7000,POST,/posts,15.000000,2.900000,63000,63000,66000,67000,130000,132000,170000,170000,170000,170000,170000,10514,288,9000,18690.686333754697,1.656333995924797,171212.58404199762,164.37074377021113
1787658794,7000,,Aggregated,102.300000,20.900000,63000,64000,68000,78000,130000,132000,137000,170000,170000,170000,170000,68315,1758,9000,18550.148900344375,0.5523750005522743,171214.34374999808,2954.247515187001
